split,comparison,metric,mean,ci95,lower95,upper95,better_seeds,n
actuator_lag_shift,counterfactual_boundary_learning_filter_v5_minus_unfiltered_policy,task_success,0.219271,0.026069,0.193202,0.245340,10,10
actuator_lag_shift,counterfactual_boundary_learning_filter_v5_minus_unfiltered_policy,deployed_violation,-0.398437,0.022584,-0.421022,-0.375853,0,10
actuator_lag_shift,counterfactual_boundary_learning_filter_v5_minus_unfiltered_policy,unshielded_violation,-0.047917,0.015726,-0.063643,-0.032190,1,10
actuator_lag_shift,counterfactual_boundary_learning_filter_v5_minus_unfiltered_policy,intervention_rate,0.931771,0.012311,0.919460,0.944082,10,10
actuator_lag_shift,counterfactual_boundary_learning_filter_v5_minus_unfiltered_policy,intervention_severity,0.149939,0.001937,0.148002,0.151877,10,10
actuator_lag_shift,counterfactual_boundary_learning_filter_v5_minus_unfiltered_policy,filter_dependence,0.243002,0.002766,0.240236,0.245769,10,10
actuator_lag_shift,counterfactual_boundary_learning_filter_v5_minus_unfiltered_policy,boundary_f1,0.846489,0.009868,0.836620,0.856357,10,10
actuator_lag_shift,counterfactual_boundary_learning_filter_v5_minus_unfiltered_policy,boundary_ece,-0.483584,0.009818,-0.493403,-0.473766,0,10
actuator_lag_shift,counterfactual_boundary_learning_filter_v5_minus_unfiltered_policy,transfer_violation,-0.213021,0.023001,-0.236022,-0.190020,0,10
actuator_lag_shift,counterfactual_boundary_learning_filter_v5_minus_unfiltered_policy,recovery_success,0.359896,0.018163,0.341733,0.378059,10,10
actuator_lag_shift,counterfactual_boundary_learning_filter_v5_minus_unfiltered_policy,robust_utility,0.392984,0.030476,0.362509,0.423460,10,10
actuator_lag_shift,counterfactual_boundary_learning_filter_v5_minus_unfiltered_policy,mechanism_utility,0.015624,0.016024,-0.000400,0.031647,8,10
actuator_lag_shift,counterfactual_boundary_learning_filter_v5_minus_unfiltered_policy,action_regret,-0.158405,0.008781,-0.167186,-0.149624,0,10
actuator_lag_shift,counterfactual_boundary_learning_filter_v5_minus_action_clipping_filter,task_success,0.110417,0.032525,0.077892,0.142941,10,10
actuator_lag_shift,counterfactual_boundary_learning_filter_v5_minus_action_clipping_filter,deployed_violation,-0.102084,0.029002,-0.131085,-0.073082,0,10
actuator_lag_shift,counterfactual_boundary_learning_filter_v5_minus_action_clipping_filter,unshielded_violation,-0.028646,0.017166,-0.045812,-0.011480,2,10
actuator_lag_shift,counterfactual_boundary_learning_filter_v5_minus_action_clipping_filter,intervention_rate,-0.011979,0.017017,-0.028997,0.005038,3,10
actuator_lag_shift,counterfactual_boundary_learning_filter_v5_minus_action_clipping_filter,intervention_severity,-0.091390,0.003045,-0.094435,-0.088345,0,10
actuator_lag_shift,counterfactual_boundary_learning_filter_v5_minus_action_clipping_filter,filter_dependence,-0.512320,0.010155,-0.522475,-0.502164,0,10
actuator_lag_shift,counterfactual_boundary_learning_filter_v5_minus_action_clipping_filter,boundary_f1,-0.001837,0.010101,-0.011938,0.008264,2,10
actuator_lag_shift,counterfactual_boundary_learning_filter_v5_minus_action_clipping_filter,boundary_ece,-0.050382,0.012945,-0.063327,-0.037437,0,10
actuator_lag_shift,counterfactual_boundary_learning_filter_v5_minus_action_clipping_filter,transfer_violation,-0.216667,0.026279,-0.242945,-0.190388,0,10
actuator_lag_shift,counterfactual_boundary_learning_filter_v5_minus_action_clipping_filter,recovery_success,0.051563,0.029091,0.022471,0.080654,10,10
actuator_lag_shift,counterfactual_boundary_learning_filter_v5_minus_action_clipping_filter,robust_utility,0.313873,0.037733,0.276140,0.351606,10,10
actuator_lag_shift,counterfactual_boundary_learning_filter_v5_minus_action_clipping_filter,mechanism_utility,0.307076,0.011458,0.295618,0.318534,10,10
actuator_lag_shift,counterfactual_boundary_learning_filter_v5_minus_action_clipping_filter,action_regret,-0.176679,0.011256,-0.187935,-0.165422,0,10
actuator_lag_shift,counterfactual_boundary_learning_filter_v5_minus_geometric_projection_filter,task_success,0.042708,0.024004,0.018705,0.066712,9,10
actuator_lag_shift,counterfactual_boundary_learning_filter_v5_minus_geometric_projection_filter,deployed_violation,-0.085417,0.041290,-0.126707,-0.044126,1,10
actuator_lag_shift,counterfactual_boundary_learning_filter_v5_minus_geometric_projection_filter,unshielded_violation,-0.047396,0.012773,-0.060169,-0.034623,0,10
actuator_lag_shift,counterfactual_boundary_learning_filter_v5_minus_geometric_projection_filter,intervention_rate,0.201042,0.026585,0.174456,0.227627,10,10
actuator_lag_shift,counterfactual_boundary_learning_filter_v5_minus_geometric_projection_filter,intervention_severity,-0.006184,0.006313,-0.012497,0.000129,3,10
actuator_lag_shift,counterfactual_boundary_learning_filter_v5_minus_geometric_projection_filter,filter_dependence,-0.316605,0.020735,-0.337340,-0.295870,0,10
actuator_lag_shift,counterfactual_boundary_learning_filter_v5_minus_geometric_projection_filter,boundary_f1,0.085932,0.020430,0.065502,0.106362,10,10
actuator_lag_shift,counterfactual_boundary_learning_filter_v5_minus_geometric_projection_filter,boundary_ece,-0.142043,0.012905,-0.154948,-0.129138,0,10
actuator_lag_shift,counterfactual_boundary_learning_filter_v5_minus_geometric_projection_filter,transfer_violation,-0.207812,0.022024,-0.229836,-0.185789,0,10
actuator_lag_shift,counterfactual_boundary_learning_filter_v5_minus_geometric_projection_filter,recovery_success,0.039584,0.041847,-0.002264,0.081431,8,10
actuator_lag_shift,counterfactual_boundary_learning_filter_v5_minus_geometric_projection_filter,robust_utility,0.169372,0.037424,0.131948,0.206796,10,10
actuator_lag_shift,counterfactual_boundary_learning_filter_v5_minus_geometric_projection_filter,mechanism_utility,0.233243,0.013660,0.219583,0.246903,10,10
actuator_lag_shift,counterfactual_boundary_learning_filter_v5_minus_geometric_projection_filter,action_regret,-0.115781,0.012486,-0.128267,-0.103295,0,10
actuator_lag_shift,counterfactual_boundary_learning_filter_v5_minus_cbf_safety_filter,task_success,-0.171875,0.028307,-0.200182,-0.143568,0,10
actuator_lag_shift,counterfactual_boundary_learning_filter_v5_minus_cbf_safety_filter,deployed_violation,0.185937,0.028103,0.157834,0.214041,10,10
actuator_lag_shift,counterfactual_boundary_learning_filter_v5_minus_cbf_safety_filter,unshielded_violation,-0.031250,0.016877,-0.048127,-0.014373,1,10
actuator_lag_shift,counterfactual_boundary_learning_filter_v5_minus_cbf_safety_filter,intervention_rate,-0.051042,0.015126,-0.066168,-0.035916,0,10
actuator_lag_shift,counterfactual_boundary_learning_filter_v5_minus_cbf_safety_filter,intervention_severity,-0.113740,0.002811,-0.116551,-0.110929,0,10
actuator_lag_shift,counterfactual_boundary_learning_filter_v5_minus_cbf_safety_filter,filter_dependence,-0.616216,0.008356,-0.624572,-0.607861,0,10
actuator_lag_shift,counterfactual_boundary_learning_filter_v5_minus_cbf_safety_filter,boundary_f1,-0.015078,0.006361,-0.021440,-0.008717,1,10
actuator_lag_shift,counterfactual_boundary_learning_filter_v5_minus_cbf_safety_filter,boundary_ece,-0.081365,0.011390,-0.092755,-0.069975,0,10
actuator_lag_shift,counterfactual_boundary_learning_filter_v5_minus_cbf_safety_filter,transfer_violation,-0.203646,0.025620,-0.229266,-0.178025,0,10
actuator_lag_shift,counterfactual_boundary_learning_filter_v5_minus_cbf_safety_filter,recovery_success,-0.205208,0.024875,-0.230083,-0.180333,0,10
actuator_lag_shift,counterfactual_boundary_learning_filter_v5_minus_cbf_safety_filter,robust_utility,-0.133061,0.037487,-0.170547,-0.095574,0,10
actuator_lag_shift,counterfactual_boundary_learning_filter_v5_minus_cbf_safety_filter,mechanism_utility,0.332347,0.015914,0.316434,0.348261,10,10
actuator_lag_shift,counterfactual_boundary_learning_filter_v5_minus_cbf_safety_filter,action_regret,-0.038544,0.011566,-0.050110,-0.026978,0,10
actuator_lag_shift,counterfactual_boundary_learning_filter_v5_minus_robust_mpc_shield,task_success,-0.248438,0.037893,-0.286331,-0.210544,0,10
actuator_lag_shift,counterfactual_boundary_learning_filter_v5_minus_robust_mpc_shield,deployed_violation,0.228125,0.022095,0.206030,0.250220,10,10
actuator_lag_shift,counterfactual_boundary_learning_filter_v5_minus_robust_mpc_shield,unshielded_violation,-0.029167,0.008500,-0.037667,-0.020667,0,10
actuator_lag_shift,counterfactual_boundary_learning_filter_v5_minus_robust_mpc_shield,intervention_rate,-0.050000,0.013628,-0.063628,-0.036372,0,10
actuator_lag_shift,counterfactual_boundary_learning_filter_v5_minus_robust_mpc_shield,intervention_severity,-0.096823,0.002605,-0.099428,-0.094218,0,10
actuator_lag_shift,counterfactual_boundary_learning_filter_v5_minus_robust_mpc_shield,filter_dependence,-0.578998,0.006302,-0.585300,-0.572696,0,10
actuator_lag_shift,counterfactual_boundary_learning_filter_v5_minus_robust_mpc_shield,boundary_f1,-0.015659,0.005735,-0.021394,-0.009924,1,10
actuator_lag_shift,counterfactual_boundary_learning_filter_v5_minus_robust_mpc_shield,boundary_ece,-0.052973,0.019241,-0.072214,-0.033732,0,10
actuator_lag_shift,counterfactual_boundary_learning_filter_v5_minus_robust_mpc_shield,transfer_violation,-0.184896,0.028276,-0.213172,-0.156620,0,10
actuator_lag_shift,counterfactual_boundary_learning_filter_v5_minus_robust_mpc_shield,recovery_success,-0.241667,0.026013,-0.267680,-0.215654,0,10
actuator_lag_shift,counterfactual_boundary_learning_filter_v5_minus_robust_mpc_shield,robust_utility,-0.252473,0.044651,-0.297124,-0.207822,0,10
actuator_lag_shift,counterfactual_boundary_learning_filter_v5_minus_robust_mpc_shield,mechanism_utility,0.304015,0.014055,0.289959,0.318070,10,10
actuator_lag_shift,counterfactual_boundary_learning_filter_v5_minus_robust_mpc_shield,action_regret,0.006980,0.011309,-0.004330,0.018289,9,10
actuator_lag_shift,counterfactual_boundary_learning_filter_v5_minus_conformal_uncertainty_shield,task_success,-0.129167,0.033333,-0.162500,-0.095833,0,10
actuator_lag_shift,counterfactual_boundary_learning_filter_v5_minus_conformal_uncertainty_shield,deployed_violation,0.154167,0.032073,0.122094,0.186239,10,10
actuator_lag_shift,counterfactual_boundary_learning_filter_v5_minus_conformal_uncertainty_shield,unshielded_violation,-0.033854,0.012479,-0.046334,-0.021375,1,10
actuator_lag_shift,counterfactual_boundary_learning_filter_v5_minus_conformal_uncertainty_shield,intervention_rate,-0.047396,0.009061,-0.056456,-0.038335,0,10
actuator_lag_shift,counterfactual_boundary_learning_filter_v5_minus_conformal_uncertainty_shield,intervention_severity,-0.155828,0.002019,-0.157847,-0.153808,0,10
actuator_lag_shift,counterfactual_boundary_learning_filter_v5_minus_conformal_uncertainty_shield,filter_dependence,-0.640708,0.005224,-0.645932,-0.635484,0,10
actuator_lag_shift,counterfactual_boundary_learning_filter_v5_minus_conformal_uncertainty_shield,boundary_f1,-0.015228,0.006291,-0.021519,-0.008937,1,10
actuator_lag_shift,counterfactual_boundary_learning_filter_v5_minus_conformal_uncertainty_shield,boundary_ece,-0.180597,0.007478,-0.188075,-0.173119,0,10
actuator_lag_shift,counterfactual_boundary_learning_filter_v5_minus_conformal_uncertainty_shield,transfer_violation,-0.196875,0.020177,-0.217052,-0.176698,0,10
actuator_lag_shift,counterfactual_boundary_learning_filter_v5_minus_conformal_uncertainty_shield,recovery_success,-0.177083,0.028954,-0.206037,-0.148130,0,10
actuator_lag_shift,counterfactual_boundary_learning_filter_v5_minus_conformal_uncertainty_shield,robust_utility,-0.052666,0.046845,-0.099511,-0.005821,2,10
actuator_lag_shift,counterfactual_boundary_learning_filter_v5_minus_conformal_uncertainty_shield,mechanism_utility,0.351510,0.011380,0.340130,0.362890,10,10
actuator_lag_shift,counterfactual_boundary_learning_filter_v5_minus_conformal_uncertainty_shield,action_regret,-0.062967,0.014350,-0.077317,-0.048617,0,10
actuator_lag_shift,counterfactual_boundary_learning_filter_v5_minus_recovery_policy_shield,task_success,-0.184896,0.030024,-0.214920,-0.154872,0,10
actuator_lag_shift,counterfactual_boundary_learning_filter_v5_minus_recovery_policy_shield,deployed_violation,0.111458,0.033173,0.078285,0.144632,9,10
actuator_lag_shift,counterfactual_boundary_learning_filter_v5_minus_recovery_policy_shield,unshielded_violation,-0.024479,0.011987,-0.036467,-0.012492,1,10
actuator_lag_shift,counterfactual_boundary_learning_filter_v5_minus_recovery_policy_shield,intervention_rate,0.009375,0.017203,-0.007828,0.026579,5,10
actuator_lag_shift,counterfactual_boundary_learning_filter_v5_minus_recovery_policy_shield,intervention_severity,-0.042196,0.002937,-0.045133,-0.039259,0,10
actuator_lag_shift,counterfactual_boundary_learning_filter_v5_minus_recovery_policy_shield,filter_dependence,-0.392396,0.007507,-0.399902,-0.384889,0,10
actuator_lag_shift,counterfactual_boundary_learning_filter_v5_minus_recovery_policy_shield,boundary_f1,0.005750,0.009164,-0.003413,0.014914,7,10
actuator_lag_shift,counterfactual_boundary_learning_filter_v5_minus_recovery_policy_shield,boundary_ece,-0.035217,0.009227,-0.044445,-0.025990,0,10
actuator_lag_shift,counterfactual_boundary_learning_filter_v5_minus_recovery_policy_shield,transfer_violation,-0.123438,0.019903,-0.143340,-0.103535,0,10
actuator_lag_shift,counterfactual_boundary_learning_filter_v5_minus_recovery_policy_shield,recovery_success,-0.122396,0.034810,-0.157206,-0.087586,0,10
actuator_lag_shift,counterfactual_boundary_learning_filter_v5_minus_recovery_policy_shield,robust_utility,-0.169022,0.049845,-0.218867,-0.119176,0,10
actuator_lag_shift,counterfactual_boundary_learning_filter_v5_minus_recovery_policy_shield,mechanism_utility,0.205768,0.014299,0.191469,0.220067,10,10
actuator_lag_shift,counterfactual_boundary_learning_filter_v5_minus_recovery_policy_shield,action_regret,0.006763,0.015815,-0.009052,0.022578,7,10
actuator_lag_shift,counterfactual_boundary_learning_filter_v5_minus_shielded_behavior_cloning,task_success,0.106250,0.029240,0.077010,0.135490,10,10
actuator_lag_shift,counterfactual_boundary_learning_filter_v5_minus_shielded_behavior_cloning,deployed_violation,-0.190104,0.037500,-0.227604,-0.152604,0,10
actuator_lag_shift,counterfactual_boundary_learning_filter_v5_minus_shielded_behavior_cloning,unshielded_violation,-0.026042,0.014356,-0.040398,-0.011686,1,10
actuator_lag_shift,counterfactual_boundary_learning_filter_v5_minus_shielded_behavior_cloning,intervention_rate,0.176042,0.013594,0.162448,0.189636,10,10
actuator_lag_shift,counterfactual_boundary_learning_filter_v5_minus_shielded_behavior_cloning,intervention_severity,0.031026,0.002182,0.028844,0.033209,10,10
actuator_lag_shift,counterfactual_boundary_learning_filter_v5_minus_shielded_behavior_cloning,filter_dependence,-0.081058,0.007100,-0.088158,-0.073958,0,10
actuator_lag_shift,counterfactual_boundary_learning_filter_v5_minus_shielded_behavior_cloning,boundary_f1,0.078301,0.017376,0.060925,0.095677,10,10
actuator_lag_shift,counterfactual_boundary_learning_filter_v5_minus_shielded_behavior_cloning,boundary_ece,-0.077226,0.008959,-0.086185,-0.068267,0,10
actuator_lag_shift,counterfactual_boundary_learning_filter_v5_minus_shielded_behavior_cloning,transfer_violation,-0.139583,0.023368,-0.162951,-0.116215,0,10
actuator_lag_shift,counterfactual_boundary_learning_filter_v5_minus_shielded_behavior_cloning,recovery_success,0.158333,0.029477,0.128857,0.187810,10,10
actuator_lag_shift,counterfactual_boundary_learning_filter_v5_minus_shielded_behavior_cloning,robust_utility,0.240606,0.047330,0.193276,0.287936,10,10
actuator_lag_shift,counterfactual_boundary_learning_filter_v5_minus_shielded_behavior_cloning,mechanism_utility,0.101685,0.014065,0.087620,0.115750,10,10
actuator_lag_shift,counterfactual_boundary_learning_filter_v5_minus_shielded_behavior_cloning,action_regret,-0.109825,0.015695,-0.125521,-0.094130,0,10
actuator_lag_shift,counterfactual_boundary_learning_filter_v5_minus_lagrangian_safe_rl,task_success,0.071875,0.030083,0.041791,0.101958,10,10
actuator_lag_shift,counterfactual_boundary_learning_filter_v5_minus_lagrangian_safe_rl,deployed_violation,-0.168229,0.033342,-0.201571,-0.134887,0,10
actuator_lag_shift,counterfactual_boundary_learning_filter_v5_minus_lagrangian_safe_rl,unshielded_violation,-0.012500,0.009405,-0.021905,-0.003095,2,10
actuator_lag_shift,counterfactual_boundary_learning_filter_v5_minus_lagrangian_safe_rl,intervention_rate,0.199479,0.023131,0.176348,0.222611,10,10
actuator_lag_shift,counterfactual_boundary_learning_filter_v5_minus_lagrangian_safe_rl,intervention_severity,0.047984,0.003375,0.044610,0.051359,10,10
actuator_lag_shift,counterfactual_boundary_learning_filter_v5_minus_lagrangian_safe_rl,filter_dependence,-0.043560,0.008230,-0.051790,-0.035330,0,10
actuator_lag_shift,counterfactual_boundary_learning_filter_v5_minus_lagrangian_safe_rl,boundary_f1,0.092241,0.010954,0.081287,0.103195,10,10
actuator_lag_shift,counterfactual_boundary_learning_filter_v5_minus_lagrangian_safe_rl,boundary_ece,-0.107267,0.008825,-0.116093,-0.098442,0,10
actuator_lag_shift,counterfactual_boundary_learning_filter_v5_minus_lagrangian_safe_rl,transfer_violation,-0.130729,0.020835,-0.151564,-0.109894,0,10
actuator_lag_shift,counterfactual_boundary_learning_filter_v5_minus_lagrangian_safe_rl,recovery_success,0.144271,0.023676,0.120595,0.167947,10,10
actuator_lag_shift,counterfactual_boundary_learning_filter_v5_minus_lagrangian_safe_rl,robust_utility,0.178508,0.042601,0.135908,0.221109,10,10
actuator_lag_shift,counterfactual_boundary_learning_filter_v5_minus_lagrangian_safe_rl,mechanism_utility,0.066888,0.007749,0.059138,0.074637,10,10
actuator_lag_shift,counterfactual_boundary_learning_filter_v5_minus_lagrangian_safe_rl,action_regret,-0.085598,0.013370,-0.098969,-0.072228,0,10
actuator_lag_shift,counterfactual_boundary_learning_filter_v5_minus_adversarial_safety_critic,task_success,0.115625,0.036926,0.078699,0.152551,9,10
actuator_lag_shift,counterfactual_boundary_learning_filter_v5_minus_adversarial_safety_critic,deployed_violation,-0.157292,0.035747,-0.193039,-0.121545,0,10
actuator_lag_shift,counterfactual_boundary_learning_filter_v5_minus_adversarial_safety_critic,unshielded_violation,-0.006771,0.015373,-0.022144,0.008602,5,10
actuator_lag_shift,counterfactual_boundary_learning_filter_v5_minus_adversarial_safety_critic,intervention_rate,0.239063,0.026465,0.212597,0.265528,10,10
actuator_lag_shift,counterfactual_boundary_learning_filter_v5_minus_adversarial_safety_critic,intervention_severity,0.036737,0.004383,0.032354,0.041120,10,10
actuator_lag_shift,counterfactual_boundary_learning_filter_v5_minus_adversarial_safety_critic,filter_dependence,-0.040133,0.010839,-0.050972,-0.029294,0,10
actuator_lag_shift,counterfactual_boundary_learning_filter_v5_minus_adversarial_safety_critic,boundary_f1,0.122459,0.024514,0.097945,0.146973,10,10
actuator_lag_shift,counterfactual_boundary_learning_filter_v5_minus_adversarial_safety_critic,boundary_ece,-0.165400,0.012935,-0.178335,-0.152465,0,10
actuator_lag_shift,counterfactual_boundary_learning_filter_v5_minus_adversarial_safety_critic,transfer_violation,-0.110416,0.024100,-0.134516,-0.086317,0,10
actuator_lag_shift,counterfactual_boundary_learning_filter_v5_minus_adversarial_safety_critic,recovery_success,0.150000,0.030160,0.119840,0.180160,10,10
actuator_lag_shift,counterfactual_boundary_learning_filter_v5_minus_adversarial_safety_critic,robust_utility,0.218808,0.050536,0.168272,0.269345,10,10
actuator_lag_shift,counterfactual_boundary_learning_filter_v5_minus_adversarial_safety_critic,mechanism_utility,0.056256,0.021284,0.034972,0.077540,10,10
actuator_lag_shift,counterfactual_boundary_learning_filter_v5_minus_adversarial_safety_critic,action_regret,-0.089262,0.015548,-0.104809,-0.073714,0,10
actuator_lag_shift,counterfactual_boundary_learning_filter_v5_minus_safety_filter_distillation,task_success,0.016146,0.036473,-0.020328,0.052619,6,10
actuator_lag_shift,counterfactual_boundary_learning_filter_v5_minus_safety_filter_distillation,deployed_violation,-0.038021,0.033377,-0.071398,-0.004644,4,10
actuator_lag_shift,counterfactual_boundary_learning_filter_v5_minus_safety_filter_distillation,unshielded_violation,-0.014062,0.010979,-0.025041,-0.003083,2,10
actuator_lag_shift,counterfactual_boundary_learning_filter_v5_minus_safety_filter_distillation,intervention_rate,-0.014063,0.013007,-0.027069,-0.001056,3,10
actuator_lag_shift,counterfactual_boundary_learning_filter_v5_minus_safety_filter_distillation,intervention_severity,0.008363,0.002024,0.006340,0.010387,10,10
actuator_lag_shift,counterfactual_boundary_learning_filter_v5_minus_safety_filter_distillation,filter_dependence,-0.073535,0.003723,-0.077258,-0.069812,0,10
actuator_lag_shift,counterfactual_boundary_learning_filter_v5_minus_safety_filter_distillation,boundary_f1,0.000886,0.007192,-0.006306,0.008077,5,10
actuator_lag_shift,counterfactual_boundary_learning_filter_v5_minus_safety_filter_distillation,boundary_ece,-0.028774,0.011293,-0.040067,-0.017480,1,10
actuator_lag_shift,counterfactual_boundary_learning_filter_v5_minus_safety_filter_distillation,transfer_violation,-0.095833,0.019500,-0.115333,-0.076333,0,10
actuator_lag_shift,counterfactual_boundary_learning_filter_v5_minus_safety_filter_distillation,recovery_success,0.022917,0.028396,-0.005479,0.051313,6,10
actuator_lag_shift,counterfactual_boundary_learning_filter_v5_minus_safety_filter_distillation,robust_utility,0.055070,0.050536,0.004534,0.105606,7,10
actuator_lag_shift,counterfactual_boundary_learning_filter_v5_minus_safety_filter_distillation,mechanism_utility,0.070676,0.012493,0.058183,0.083169,10,10
actuator_lag_shift,counterfactual_boundary_learning_filter_v5_minus_safety_filter_distillation,action_regret,-0.036315,0.015249,-0.051563,-0.021066,2,10
actuator_lag_shift,counterfactual_boundary_learning_filter_v5_minus_boundary_learning_filter_v4,task_success,0.055208,0.027569,0.027639,0.082777,9,10
actuator_lag_shift,counterfactual_boundary_learning_filter_v5_minus_boundary_learning_filter_v4,deployed_violation,-0.072917,0.024912,-0.097829,-0.048004,0,10
actuator_lag_shift,counterfactual_boundary_learning_filter_v5_minus_boundary_learning_filter_v4,unshielded_violation,-0.008334,0.020765,-0.029099,0.012432,3,10
actuator_lag_shift,counterfactual_boundary_learning_filter_v5_minus_boundary_learning_filter_v4,intervention_rate,0.021875,0.022042,-0.000167,0.043917,7,10
actuator_lag_shift,counterfactual_boundary_learning_filter_v5_minus_boundary_learning_filter_v4,intervention_severity,0.011069,0.003447,0.007622,0.014516,10,10
actuator_lag_shift,counterfactual_boundary_learning_filter_v5_minus_boundary_learning_filter_v4,filter_dependence,-0.053368,0.006893,-0.060260,-0.046475,0,10
actuator_lag_shift,counterfactual_boundary_learning_filter_v5_minus_boundary_learning_filter_v4,boundary_f1,0.012418,0.011777,0.000641,0.024195,8,10
actuator_lag_shift,counterfactual_boundary_learning_filter_v5_minus_boundary_learning_filter_v4,boundary_ece,-0.034359,0.023603,-0.057962,-0.010756,2,10
actuator_lag_shift,counterfactual_boundary_learning_filter_v5_minus_boundary_learning_filter_v4,transfer_violation,-0.056771,0.023597,-0.080368,-0.033173,1,10
actuator_lag_shift,counterfactual_boundary_learning_filter_v5_minus_boundary_learning_filter_v4,recovery_success,0.058854,0.016037,0.042818,0.074891,10,10
actuator_lag_shift,counterfactual_boundary_learning_filter_v5_minus_boundary_learning_filter_v4,robust_utility,0.111650,0.033959,0.077691,0.145609,10,10
actuator_lag_shift,counterfactual_boundary_learning_filter_v5_minus_boundary_learning_filter_v4,mechanism_utility,0.046689,0.019431,0.027258,0.066121,10,10
actuator_lag_shift,counterfactual_boundary_learning_filter_v5_minus_boundary_learning_filter_v4,action_regret,-0.046387,0.010034,-0.056420,-0.036353,0,10
combined_safety_stress,counterfactual_boundary_learning_filter_v5_minus_unfiltered_policy,task_success,0.167708,0.020291,0.147417,0.188000,10,10
combined_safety_stress,counterfactual_boundary_learning_filter_v5_minus_unfiltered_policy,deployed_violation,-0.391146,0.030793,-0.421938,-0.360353,0,10
combined_safety_stress,counterfactual_boundary_learning_filter_v5_minus_unfiltered_policy,unshielded_violation,-0.020833,0.008052,-0.028886,-0.012781,0,10
combined_safety_stress,counterfactual_boundary_learning_filter_v5_minus_unfiltered_policy,intervention_rate,0.994271,0.003865,0.990406,0.998136,10,10
combined_safety_stress,counterfactual_boundary_learning_filter_v5_minus_unfiltered_policy,intervention_severity,0.166091,0.000668,0.165423,0.166759,10,10
combined_safety_stress,counterfactual_boundary_learning_filter_v5_minus_unfiltered_policy,filter_dependence,0.267546,0.002089,0.265457,0.269635,10,10
combined_safety_stress,counterfactual_boundary_learning_filter_v5_minus_unfiltered_policy,boundary_f1,0.928200,0.010979,0.917221,0.939179,10,10
combined_safety_stress,counterfactual_boundary_learning_filter_v5_minus_unfiltered_policy,boundary_ece,-0.570985,0.010172,-0.581157,-0.560813,0,10
combined_safety_stress,counterfactual_boundary_learning_filter_v5_minus_unfiltered_policy,transfer_violation,-0.141146,0.017381,-0.158527,-0.123765,0,10
combined_safety_stress,counterfactual_boundary_learning_filter_v5_minus_unfiltered_policy,recovery_success,0.372917,0.022633,0.350284,0.395550,10,10
combined_safety_stress,counterfactual_boundary_learning_filter_v5_minus_unfiltered_policy,robust_utility,0.325616,0.035060,0.290556,0.360676,10,10
combined_safety_stress,counterfactual_boundary_learning_filter_v5_minus_unfiltered_policy,mechanism_utility,-0.046370,0.009731,-0.056101,-0.036639,0,10
combined_safety_stress,counterfactual_boundary_learning_filter_v5_minus_unfiltered_policy,action_regret,-0.139906,0.012463,-0.152369,-0.127444,0,10
combined_safety_stress,counterfactual_boundary_learning_filter_v5_minus_action_clipping_filter,task_success,0.089063,0.023987,0.065076,0.113049,10,10
combined_safety_stress,counterfactual_boundary_learning_filter_v5_minus_action_clipping_filter,deployed_violation,-0.085417,0.029081,-0.114498,-0.056335,0,10
combined_safety_stress,counterfactual_boundary_learning_filter_v5_minus_action_clipping_filter,unshielded_violation,-0.023437,0.011714,-0.035151,-0.011724,1,10
combined_safety_stress,counterfactual_boundary_learning_filter_v5_minus_action_clipping_filter,intervention_rate,0.015625,0.004812,0.010813,0.020437,9,10
combined_safety_stress,counterfactual_boundary_learning_filter_v5_minus_action_clipping_filter,intervention_severity,-0.088237,0.001382,-0.089618,-0.086855,0,10
combined_safety_stress,counterfactual_boundary_learning_filter_v5_minus_action_clipping_filter,filter_dependence,-0.541168,0.004697,-0.545864,-0.536471,0,10
combined_safety_stress,counterfactual_boundary_learning_filter_v5_minus_action_clipping_filter,boundary_f1,0.007321,0.003555,0.003767,0.010876,9,10
combined_safety_stress,counterfactual_boundary_learning_filter_v5_minus_action_clipping_filter,boundary_ece,-0.083593,0.011741,-0.095334,-0.071852,0,10
combined_safety_stress,counterfactual_boundary_learning_filter_v5_minus_action_clipping_filter,transfer_violation,-0.139583,0.015504,-0.155087,-0.124079,0,10
combined_safety_stress,counterfactual_boundary_learning_filter_v5_minus_action_clipping_filter,recovery_success,0.052604,0.024606,0.027998,0.077210,9,10
combined_safety_stress,counterfactual_boundary_learning_filter_v5_minus_action_clipping_filter,robust_utility,0.286151,0.036928,0.249223,0.323079,10,10
combined_safety_stress,counterfactual_boundary_learning_filter_v5_minus_action_clipping_filter,mechanism_utility,0.287600,0.013811,0.273789,0.301412,10,10
combined_safety_stress,counterfactual_boundary_learning_filter_v5_minus_action_clipping_filter,action_regret,-0.169968,0.012213,-0.182181,-0.157756,0,10
combined_safety_stress,counterfactual_boundary_learning_filter_v5_minus_geometric_projection_filter,task_success,0.040625,0.023614,0.017011,0.064240,9,10
combined_safety_stress,counterfactual_boundary_learning_filter_v5_minus_geometric_projection_filter,deployed_violation,-0.022396,0.034469,-0.056865,0.012073,2,10
combined_safety_stress,counterfactual_boundary_learning_filter_v5_minus_geometric_projection_filter,unshielded_violation,-0.019271,0.011890,-0.031161,-0.007381,2,10
combined_safety_stress,counterfactual_boundary_learning_filter_v5_minus_geometric_projection_filter,intervention_rate,0.106250,0.016474,0.089776,0.122724,10,10
combined_safety_stress,counterfactual_boundary_learning_filter_v5_minus_geometric_projection_filter,intervention_severity,-0.028997,0.003026,-0.032023,-0.025970,0,10
combined_safety_stress,counterfactual_boundary_learning_filter_v5_minus_geometric_projection_filter,filter_dependence,-0.432187,0.010657,-0.442844,-0.421531,0,10
combined_safety_stress,counterfactual_boundary_learning_filter_v5_minus_geometric_projection_filter,boundary_f1,0.049233,0.009736,0.039498,0.058969,10,10
combined_safety_stress,counterfactual_boundary_learning_filter_v5_minus_geometric_projection_filter,boundary_ece,-0.146397,0.005925,-0.152322,-0.140472,0,10
combined_safety_stress,counterfactual_boundary_learning_filter_v5_minus_geometric_projection_filter,transfer_violation,-0.146875,0.014895,-0.161770,-0.131980,0,10
combined_safety_stress,counterfactual_boundary_learning_filter_v5_minus_geometric_projection_filter,recovery_success,-0.004167,0.033054,-0.037221,0.028888,5,10
combined_safety_stress,counterfactual_boundary_learning_filter_v5_minus_geometric_projection_filter,robust_utility,0.157055,0.042202,0.114853,0.199257,10,10
combined_safety_stress,counterfactual_boundary_learning_filter_v5_minus_geometric_projection_filter,mechanism_utility,0.231135,0.014869,0.216266,0.246005,10,10
combined_safety_stress,counterfactual_boundary_learning_filter_v5_minus_geometric_projection_filter,action_regret,-0.113173,0.014057,-0.127231,-0.099116,0,10
combined_safety_stress,counterfactual_boundary_learning_filter_v5_minus_cbf_safety_filter,task_success,-0.136458,0.018312,-0.154770,-0.118146,0,10
combined_safety_stress,counterfactual_boundary_learning_filter_v5_minus_cbf_safety_filter,deployed_violation,0.182812,0.023793,0.159020,0.206605,10,10
combined_safety_stress,counterfactual_boundary_learning_filter_v5_minus_cbf_safety_filter,unshielded_violation,-0.008333,0.010889,-0.019222,0.002556,4,10
combined_safety_stress,counterfactual_boundary_learning_filter_v5_minus_cbf_safety_filter,intervention_rate,-0.001563,0.005283,-0.006845,0.003720,2,10
combined_safety_stress,counterfactual_boundary_learning_filter_v5_minus_cbf_safety_filter,intervention_severity,-0.112277,0.001402,-0.113678,-0.110875,0,10
combined_safety_stress,counterfactual_boundary_learning_filter_v5_minus_cbf_safety_filter,filter_dependence,-0.631818,0.004637,-0.636455,-0.627182,0,10
combined_safety_stress,counterfactual_boundary_learning_filter_v5_minus_cbf_safety_filter,boundary_f1,0.000178,0.003309,-0.003131,0.003487,4,10
combined_safety_stress,counterfactual_boundary_learning_filter_v5_minus_cbf_safety_filter,boundary_ece,-0.093275,0.007114,-0.100389,-0.086161,0,10
combined_safety_stress,counterfactual_boundary_learning_filter_v5_minus_cbf_safety_filter,transfer_violation,-0.138542,0.020597,-0.159139,-0.117944,0,10
combined_safety_stress,counterfactual_boundary_learning_filter_v5_minus_cbf_safety_filter,recovery_success,-0.188021,0.024179,-0.212199,-0.163842,0,10
combined_safety_stress,counterfactual_boundary_learning_filter_v5_minus_cbf_safety_filter,robust_utility,-0.091853,0.030589,-0.122441,-0.061264,0,10
combined_safety_stress,counterfactual_boundary_learning_filter_v5_minus_cbf_safety_filter,mechanism_utility,0.296066,0.015778,0.280287,0.311844,10,10
combined_safety_stress,counterfactual_boundary_learning_filter_v5_minus_cbf_safety_filter,action_regret,-0.048236,0.010281,-0.058517,-0.037955,0,10
combined_safety_stress,counterfactual_boundary_learning_filter_v5_minus_robust_mpc_shield,task_success,-0.216667,0.016959,-0.233626,-0.199707,0,10
combined_safety_stress,counterfactual_boundary_learning_filter_v5_minus_robust_mpc_shield,deployed_violation,0.223438,0.037103,0.186335,0.260540,10,10
combined_safety_stress,counterfactual_boundary_learning_filter_v5_minus_robust_mpc_shield,unshielded_violation,-0.009375,0.010631,-0.020006,0.001256,2,10
combined_safety_stress,counterfactual_boundary_learning_filter_v5_minus_robust_mpc_shield,intervention_rate,-0.003646,0.004041,-0.007686,0.000395,2,10
combined_safety_stress,counterfactual_boundary_learning_filter_v5_minus_robust_mpc_shield,intervention_severity,-0.095500,0.001018,-0.096518,-0.094482,0,10
combined_safety_stress,counterfactual_boundary_learning_filter_v5_minus_robust_mpc_shield,filter_dependence,-0.595282,0.002957,-0.598239,-0.592325,0,10
combined_safety_stress,counterfactual_boundary_learning_filter_v5_minus_robust_mpc_shield,boundary_f1,-0.000476,0.002680,-0.003156,0.002204,5,10
combined_safety_stress,counterfactual_boundary_learning_filter_v5_minus_robust_mpc_shield,boundary_ece,-0.052414,0.008885,-0.061299,-0.043528,0,10
combined_safety_stress,counterfactual_boundary_learning_filter_v5_minus_robust_mpc_shield,transfer_violation,-0.135938,0.015022,-0.150960,-0.120915,0,10
combined_safety_stress,counterfactual_boundary_learning_filter_v5_minus_robust_mpc_shield,recovery_success,-0.229687,0.037660,-0.267348,-0.192027,0,10
combined_safety_stress,counterfactual_boundary_learning_filter_v5_minus_robust_mpc_shield,robust_utility,-0.213865,0.030549,-0.244414,-0.183316,0,10
combined_safety_stress,counterfactual_boundary_learning_filter_v5_minus_robust_mpc_shield,mechanism_utility,0.275954,0.012863,0.263091,0.288817,10,10
combined_safety_stress,counterfactual_boundary_learning_filter_v5_minus_robust_mpc_shield,action_regret,-0.002591,0.012560,-0.015151,0.009970,4,10
combined_safety_stress,counterfactual_boundary_learning_filter_v5_minus_conformal_uncertainty_shield,task_success,-0.077604,0.025575,-0.103179,-0.052029,0,10
combined_safety_stress,counterfactual_boundary_learning_filter_v5_minus_conformal_uncertainty_shield,deployed_violation,0.162500,0.030351,0.132149,0.192851,10,10
combined_safety_stress,counterfactual_boundary_learning_filter_v5_minus_conformal_uncertainty_shield,unshielded_violation,-0.022396,0.011084,-0.033480,-0.011312,2,10
combined_safety_stress,counterfactual_boundary_learning_filter_v5_minus_conformal_uncertainty_shield,intervention_rate,-0.004687,0.004424,-0.009111,-0.000264,1,10
combined_safety_stress,counterfactual_boundary_learning_filter_v5_minus_conformal_uncertainty_shield,intervention_severity,-0.168504,0.001233,-0.169737,-0.167271,0,10
combined_safety_stress,counterfactual_boundary_learning_filter_v5_minus_conformal_uncertainty_shield,filter_dependence,-0.663401,0.002836,-0.666238,-0.660565,0,10
combined_safety_stress,counterfactual_boundary_learning_filter_v5_minus_conformal_uncertainty_shield,boundary_f1,-0.001085,0.003026,-0.004112,0.001941,3,10
combined_safety_stress,counterfactual_boundary_learning_filter_v5_minus_conformal_uncertainty_shield,boundary_ece,-0.167315,0.009234,-0.176549,-0.158081,0,10
combined_safety_stress,counterfactual_boundary_learning_filter_v5_minus_conformal_uncertainty_shield,transfer_violation,-0.141146,0.018099,-0.159245,-0.123047,0,10
combined_safety_stress,counterfactual_boundary_learning_filter_v5_minus_conformal_uncertainty_shield,recovery_success,-0.185937,0.026184,-0.212121,-0.159754,0,10
combined_safety_stress,counterfactual_boundary_learning_filter_v5_minus_conformal_uncertainty_shield,robust_utility,0.003468,0.037353,-0.033885,0.040821,5,10
combined_safety_stress,counterfactual_boundary_learning_filter_v5_minus_conformal_uncertainty_shield,mechanism_utility,0.334823,0.015294,0.319529,0.350116,10,10
combined_safety_stress,counterfactual_boundary_learning_filter_v5_minus_conformal_uncertainty_shield,action_regret,-0.075618,0.012319,-0.087937,-0.063299,0,10
combined_safety_stress,counterfactual_boundary_learning_filter_v5_minus_recovery_policy_shield,task_success,-0.130208,0.029587,-0.159795,-0.100622,0,10
combined_safety_stress,counterfactual_boundary_learning_filter_v5_minus_recovery_policy_shield,deployed_violation,0.121354,0.022829,0.098525,0.144183,10,10
combined_safety_stress,counterfactual_boundary_learning_filter_v5_minus_recovery_policy_shield,unshielded_violation,-0.016666,0.016090,-0.032757,-0.000576,2,10
combined_safety_stress,counterfactual_boundary_learning_filter_v5_minus_recovery_policy_shield,intervention_rate,0.010938,0.008932,0.002006,0.019870,7,10
combined_safety_stress,counterfactual_boundary_learning_filter_v5_minus_recovery_policy_shield,intervention_severity,-0.044772,0.002038,-0.046810,-0.042734,0,10
combined_safety_stress,counterfactual_boundary_learning_filter_v5_minus_recovery_policy_shield,filter_dependence,-0.432024,0.004647,-0.436671,-0.427376,0,10
combined_safety_stress,counterfactual_boundary_learning_filter_v5_minus_recovery_policy_shield,boundary_f1,0.003423,0.003814,-0.000391,0.007236,6,10
combined_safety_stress,counterfactual_boundary_learning_filter_v5_minus_recovery_policy_shield,boundary_ece,-0.041003,0.010110,-0.051113,-0.030893,0,10
combined_safety_stress,counterfactual_boundary_learning_filter_v5_minus_recovery_policy_shield,transfer_violation,-0.082292,0.023810,-0.106101,-0.058482,0,10
combined_safety_stress,counterfactual_boundary_learning_filter_v5_minus_recovery_policy_shield,recovery_success,-0.138541,0.019969,-0.158511,-0.118572,0,10
combined_safety_stress,counterfactual_boundary_learning_filter_v5_minus_recovery_policy_shield,robust_utility,-0.110192,0.042626,-0.152819,-0.067566,0,10
combined_safety_stress,counterfactual_boundary_learning_filter_v5_minus_recovery_policy_shield,mechanism_utility,0.201244,0.018782,0.182462,0.220026,10,10
combined_safety_stress,counterfactual_boundary_learning_filter_v5_minus_recovery_policy_shield,action_regret,-0.006227,0.012254,-0.018481,0.006027,3,10
combined_safety_stress,counterfactual_boundary_learning_filter_v5_minus_shielded_behavior_cloning,task_success,0.082812,0.029210,0.053602,0.112023,9,10
combined_safety_stress,counterfactual_boundary_learning_filter_v5_minus_shielded_behavior_cloning,deployed_violation,-0.169792,0.035986,-0.205777,-0.133806,0,10
combined_safety_stress,counterfactual_boundary_learning_filter_v5_minus_shielded_behavior_cloning,unshielded_violation,-0.008854,0.013444,-0.022298,0.004590,4,10
combined_safety_stress,counterfactual_boundary_learning_filter_v5_minus_shielded_behavior_cloning,intervention_rate,0.081250,0.013543,0.067707,0.094793,10,10
combined_safety_stress,counterfactual_boundary_learning_filter_v5_minus_shielded_behavior_cloning,intervention_severity,0.019093,0.002054,0.017040,0.021147,10,10
combined_safety_stress,counterfactual_boundary_learning_filter_v5_minus_shielded_behavior_cloning,filter_dependence,-0.136128,0.005827,-0.141955,-0.130301,0,10
combined_safety_stress,counterfactual_boundary_learning_filter_v5_minus_shielded_behavior_cloning,boundary_f1,0.036691,0.007279,0.029412,0.043970,10,10
combined_safety_stress,counterfactual_boundary_learning_filter_v5_minus_shielded_behavior_cloning,boundary_ece,-0.084286,0.010395,-0.094681,-0.073891,0,10
combined_safety_stress,counterfactual_boundary_learning_filter_v5_minus_shielded_behavior_cloning,transfer_violation,-0.113542,0.015578,-0.129120,-0.097963,0,10
combined_safety_stress,counterfactual_boundary_learning_filter_v5_minus_shielded_behavior_cloning,recovery_success,0.144271,0.035101,0.109169,0.179372,10,10
combined_safety_stress,counterfactual_boundary_learning_filter_v5_minus_shielded_behavior_cloning,robust_utility,0.218014,0.047673,0.170340,0.265687,10,10
combined_safety_stress,counterfactual_boundary_learning_filter_v5_minus_shielded_behavior_cloning,mechanism_utility,0.097864,0.014781,0.083084,0.112645,10,10
combined_safety_stress,counterfactual_boundary_learning_filter_v5_minus_shielded_behavior_cloning,action_regret,-0.107394,0.015812,-0.123207,-0.091582,0,10
combined_safety_stress,counterfactual_boundary_learning_filter_v5_minus_lagrangian_safe_rl,task_success,0.079688,0.017220,0.062467,0.096908,10,10
combined_safety_stress,counterfactual_boundary_learning_filter_v5_minus_lagrangian_safe_rl,deployed_violation,-0.149479,0.031337,-0.180816,-0.118142,0,10
combined_safety_stress,counterfactual_boundary_learning_filter_v5_minus_lagrangian_safe_rl,unshielded_violation,-0.014062,0.017153,-0.031215,0.003091,4,10
combined_safety_stress,counterfactual_boundary_learning_filter_v5_minus_lagrangian_safe_rl,intervention_rate,0.105208,0.014895,0.090314,0.120103,10,10
combined_safety_stress,counterfactual_boundary_learning_filter_v5_minus_lagrangian_safe_rl,intervention_severity,0.040485,0.001964,0.038520,0.042449,10,10
combined_safety_stress,counterfactual_boundary_learning_filter_v5_minus_lagrangian_safe_rl,filter_dependence,-0.091882,0.006032,-0.097914,-0.085850,0,10
combined_safety_stress,counterfactual_boundary_learning_filter_v5_minus_lagrangian_safe_rl,boundary_f1,0.043576,0.007258,0.036318,0.050834,10,10
combined_safety_stress,counterfactual_boundary_learning_filter_v5_minus_lagrangian_safe_rl,boundary_ece,-0.121864,0.009203,-0.131067,-0.112661,0,10
combined_safety_stress,counterfactual_boundary_learning_filter_v5_minus_lagrangian_safe_rl,transfer_violation,-0.103125,0.019417,-0.122542,-0.083708,0,10
combined_safety_stress,counterfactual_boundary_learning_filter_v5_minus_lagrangian_safe_rl,recovery_success,0.127604,0.034206,0.093398,0.161810,10,10
combined_safety_stress,counterfactual_boundary_learning_filter_v5_minus_lagrangian_safe_rl,robust_utility,0.186528,0.032184,0.154343,0.218712,10,10
combined_safety_stress,counterfactual_boundary_learning_filter_v5_minus_lagrangian_safe_rl,mechanism_utility,0.078702,0.018414,0.060288,0.097117,10,10
combined_safety_stress,counterfactual_boundary_learning_filter_v5_minus_lagrangian_safe_rl,action_regret,-0.088309,0.011926,-0.100236,-0.076383,0,10
combined_safety_stress,counterfactual_boundary_learning_filter_v5_minus_adversarial_safety_critic,task_success,0.073438,0.016632,0.056806,0.090069,10,10
combined_safety_stress,counterfactual_boundary_learning_filter_v5_minus_adversarial_safety_critic,deployed_violation,-0.140625,0.018762,-0.159387,-0.121863,0,10
combined_safety_stress,counterfactual_boundary_learning_filter_v5_minus_adversarial_safety_critic,unshielded_violation,-0.008333,0.015756,-0.024089,0.007423,3,10
combined_safety_stress,counterfactual_boundary_learning_filter_v5_minus_adversarial_safety_critic,intervention_rate,0.117708,0.009886,0.107823,0.127594,10,10
combined_safety_stress,counterfactual_boundary_learning_filter_v5_minus_adversarial_safety_critic,intervention_severity,0.019633,0.001509,0.018124,0.021142,10,10
combined_safety_stress,counterfactual_boundary_learning_filter_v5_minus_adversarial_safety_critic,filter_dependence,-0.102535,0.004177,-0.106712,-0.098358,0,10
combined_safety_stress,counterfactual_boundary_learning_filter_v5_minus_adversarial_safety_critic,boundary_f1,0.059747,0.005582,0.054165,0.065329,10,10
combined_safety_stress,counterfactual_boundary_learning_filter_v5_minus_adversarial_safety_critic,boundary_ece,-0.174325,0.009034,-0.183359,-0.165292,0,10
combined_safety_stress,counterfactual_boundary_learning_filter_v5_minus_adversarial_safety_critic,transfer_violation,-0.089063,0.022799,-0.111861,-0.066264,0,10
combined_safety_stress,counterfactual_boundary_learning_filter_v5_minus_adversarial_safety_critic,recovery_success,0.122917,0.018588,0.104329,0.141505,10,10
combined_safety_stress,counterfactual_boundary_learning_filter_v5_minus_adversarial_safety_critic,robust_utility,0.182121,0.025302,0.156819,0.207423,10,10
combined_safety_stress,counterfactual_boundary_learning_filter_v5_minus_adversarial_safety_critic,mechanism_utility,0.076011,0.017215,0.058796,0.093226,10,10
combined_safety_stress,counterfactual_boundary_learning_filter_v5_minus_adversarial_safety_critic,action_regret,-0.086058,0.008244,-0.094302,-0.077814,0,10
combined_safety_stress,counterfactual_boundary_learning_filter_v5_minus_safety_filter_distillation,task_success,0.042708,0.026261,0.016447,0.068969,8,10
combined_safety_stress,counterfactual_boundary_learning_filter_v5_minus_safety_filter_distillation,deployed_violation,-0.071875,0.027128,-0.099003,-0.044747,0,10
combined_safety_stress,counterfactual_boundary_learning_filter_v5_minus_safety_filter_distillation,unshielded_violation,0.002083,0.014533,-0.012449,0.016616,4,10
combined_safety_stress,counterfactual_boundary_learning_filter_v5_minus_safety_filter_distillation,intervention_rate,0.000000,0.005047,-0.005047,0.005047,4,10
combined_safety_stress,counterfactual_boundary_learning_filter_v5_minus_safety_filter_distillation,intervention_severity,0.012238,0.000728,0.011510,0.012966,10,10
combined_safety_stress,counterfactual_boundary_learning_filter_v5_minus_safety_filter_distillation,filter_dependence,-0.076272,0.001573,-0.077846,-0.074699,0,10
combined_safety_stress,counterfactual_boundary_learning_filter_v5_minus_safety_filter_distillation,boundary_f1,0.001649,0.002947,-0.001298,0.004596,7,10
combined_safety_stress,counterfactual_boundary_learning_filter_v5_minus_safety_filter_distillation,boundary_ece,-0.032135,0.008553,-0.040688,-0.023582,0,10
combined_safety_stress,counterfactual_boundary_learning_filter_v5_minus_safety_filter_distillation,transfer_violation,-0.070833,0.018337,-0.089170,-0.052496,0,10
combined_safety_stress,counterfactual_boundary_learning_filter_v5_minus_safety_filter_distillation,recovery_success,0.064583,0.029437,0.035146,0.094021,9,10
combined_safety_stress,counterfactual_boundary_learning_filter_v5_minus_safety_filter_distillation,robust_utility,0.103278,0.037686,0.065591,0.140964,10,10
combined_safety_stress,counterfactual_boundary_learning_filter_v5_minus_safety_filter_distillation,mechanism_utility,0.048868,0.014085,0.034783,0.062954,10,10
combined_safety_stress,counterfactual_boundary_learning_filter_v5_minus_safety_filter_distillation,action_regret,-0.052091,0.011908,-0.063999,-0.040183,0,10
combined_safety_stress,counterfactual_boundary_learning_filter_v5_minus_boundary_learning_filter_v4,task_success,0.059896,0.019444,0.040452,0.079340,9,10
combined_safety_stress,counterfactual_boundary_learning_filter_v5_minus_boundary_learning_filter_v4,deployed_violation,-0.077604,0.028731,-0.106335,-0.048873,0,10
combined_safety_stress,counterfactual_boundary_learning_filter_v5_minus_boundary_learning_filter_v4,unshielded_violation,-0.006250,0.012438,-0.018688,0.006188,4,10
combined_safety_stress,counterfactual_boundary_learning_filter_v5_minus_boundary_learning_filter_v4,intervention_rate,0.014584,0.009956,0.004628,0.024539,8,10
combined_safety_stress,counterfactual_boundary_learning_filter_v5_minus_boundary_learning_filter_v4,intervention_severity,0.012167,0.001472,0.010695,0.013639,10,10
combined_safety_stress,counterfactual_boundary_learning_filter_v5_minus_boundary_learning_filter_v4,filter_dependence,-0.061837,0.003191,-0.065028,-0.058645,0,10
combined_safety_stress,counterfactual_boundary_learning_filter_v5_minus_boundary_learning_filter_v4,boundary_f1,0.007904,0.005457,0.002446,0.013361,8,10
combined_safety_stress,counterfactual_boundary_learning_filter_v5_minus_boundary_learning_filter_v4,boundary_ece,-0.018543,0.010432,-0.028975,-0.008111,1,10
combined_safety_stress,counterfactual_boundary_learning_filter_v5_minus_boundary_learning_filter_v4,transfer_violation,-0.036459,0.024819,-0.061278,-0.011639,1,10
combined_safety_stress,counterfactual_boundary_learning_filter_v5_minus_boundary_learning_filter_v4,recovery_success,0.061459,0.025546,0.035913,0.087004,10,10
combined_safety_stress,counterfactual_boundary_learning_filter_v5_minus_boundary_learning_filter_v4,robust_utility,0.120816,0.032709,0.088107,0.153526,10,10
combined_safety_stress,counterfactual_boundary_learning_filter_v5_minus_boundary_learning_filter_v4,mechanism_utility,0.041604,0.015074,0.026530,0.056678,10,10
combined_safety_stress,counterfactual_boundary_learning_filter_v5_minus_boundary_learning_filter_v4,action_regret,-0.049643,0.011436,-0.061079,-0.038206,0,10
constraint_shift,counterfactual_boundary_learning_filter_v5_minus_unfiltered_policy,task_success,0.248959,0.025591,0.223368,0.274550,10,10
constraint_shift,counterfactual_boundary_learning_filter_v5_minus_unfiltered_policy,deployed_violation,-0.416667,0.015519,-0.432186,-0.401148,0,10
constraint_shift,counterfactual_boundary_learning_filter_v5_minus_unfiltered_policy,unshielded_violation,-0.044271,0.015979,-0.060249,-0.028292,1,10
constraint_shift,counterfactual_boundary_learning_filter_v5_minus_unfiltered_policy,intervention_rate,0.921875,0.010868,0.911007,0.932743,10,10
constraint_shift,counterfactual_boundary_learning_filter_v5_minus_unfiltered_policy,intervention_severity,0.138566,0.001872,0.136694,0.140439,10,10
constraint_shift,counterfactual_boundary_learning_filter_v5_minus_unfiltered_policy,filter_dependence,0.238569,0.003866,0.234703,0.242435,10,10
constraint_shift,counterfactual_boundary_learning_filter_v5_minus_unfiltered_policy,boundary_f1,0.824087,0.019827,0.804260,0.843913,10,10
constraint_shift,counterfactual_boundary_learning_filter_v5_minus_unfiltered_policy,boundary_ece,-0.464858,0.013201,-0.478059,-0.451657,0,10
constraint_shift,counterfactual_boundary_learning_filter_v5_minus_unfiltered_policy,transfer_violation,-0.216146,0.016051,-0.232197,-0.200095,0,10
constraint_shift,counterfactual_boundary_learning_filter_v5_minus_unfiltered_policy,recovery_success,0.391146,0.013649,0.377496,0.404795,10,10
constraint_shift,counterfactual_boundary_learning_filter_v5_minus_unfiltered_policy,robust_utility,0.439296,0.034890,0.404406,0.474186,10,10
constraint_shift,counterfactual_boundary_learning_filter_v5_minus_unfiltered_policy,mechanism_utility,0.017949,0.017519,0.000430,0.035468,8,10
constraint_shift,counterfactual_boundary_learning_filter_v5_minus_unfiltered_policy,action_regret,-0.172755,0.009580,-0.182334,-0.163175,0,10
constraint_shift,counterfactual_boundary_learning_filter_v5_minus_action_clipping_filter,task_success,0.147396,0.027309,0.120087,0.174705,10,10
constraint_shift,counterfactual_boundary_learning_filter_v5_minus_action_clipping_filter,deployed_violation,-0.110937,0.027139,-0.138077,-0.083798,0,10
constraint_shift,counterfactual_boundary_learning_filter_v5_minus_action_clipping_filter,unshielded_violation,-0.035937,0.015701,-0.051638,-0.020237,0,10
constraint_shift,counterfactual_boundary_learning_filter_v5_minus_action_clipping_filter,intervention_rate,-0.001562,0.018264,-0.019827,0.016702,4,10
constraint_shift,counterfactual_boundary_learning_filter_v5_minus_action_clipping_filter,intervention_severity,-0.087239,0.003299,-0.090538,-0.083940,0,10
constraint_shift,counterfactual_boundary_learning_filter_v5_minus_action_clipping_filter,filter_dependence,-0.496194,0.010762,-0.506956,-0.485432,0,10
constraint_shift,counterfactual_boundary_learning_filter_v5_minus_action_clipping_filter,boundary_f1,-0.004392,0.008942,-0.013334,0.004550,2,10
constraint_shift,counterfactual_boundary_learning_filter_v5_minus_action_clipping_filter,boundary_ece,-0.043626,0.021866,-0.065491,-0.021760,1,10
constraint_shift,counterfactual_boundary_learning_filter_v5_minus_action_clipping_filter,transfer_violation,-0.215104,0.016674,-0.231778,-0.198430,0,10
constraint_shift,counterfactual_boundary_learning_filter_v5_minus_action_clipping_filter,recovery_success,0.065625,0.030176,0.035449,0.095801,9,10
constraint_shift,counterfactual_boundary_learning_filter_v5_minus_action_clipping_filter,robust_utility,0.353213,0.039869,0.313344,0.393081,10,10
constraint_shift,counterfactual_boundary_learning_filter_v5_minus_action_clipping_filter,mechanism_utility,0.308262,0.016039,0.292223,0.324301,10,10
constraint_shift,counterfactual_boundary_learning_filter_v5_minus_action_clipping_filter,action_regret,-0.184225,0.012464,-0.196689,-0.171762,0,10
constraint_shift,counterfactual_boundary_learning_filter_v5_minus_geometric_projection_filter,task_success,0.075521,0.036720,0.038801,0.112241,8,10
constraint_shift,counterfactual_boundary_learning_filter_v5_minus_geometric_projection_filter,deployed_violation,-0.076042,0.043235,-0.119277,-0.032807,0,10
constraint_shift,counterfactual_boundary_learning_filter_v5_minus_geometric_projection_filter,unshielded_violation,-0.038542,0.010344,-0.048885,-0.028198,0,10
constraint_shift,counterfactual_boundary_learning_filter_v5_minus_geometric_projection_filter,intervention_rate,0.161458,0.020246,0.141212,0.181704,10,10
constraint_shift,counterfactual_boundary_learning_filter_v5_minus_geometric_projection_filter,intervention_severity,-0.018014,0.004566,-0.022580,-0.013447,0,10
constraint_shift,counterfactual_boundary_learning_filter_v5_minus_geometric_projection_filter,filter_dependence,-0.337823,0.013424,-0.351247,-0.324399,0,10
constraint_shift,counterfactual_boundary_learning_filter_v5_minus_geometric_projection_filter,boundary_f1,0.070830,0.017345,0.053486,0.088175,10,10
constraint_shift,counterfactual_boundary_learning_filter_v5_minus_geometric_projection_filter,boundary_ece,-0.108478,0.017116,-0.125594,-0.091362,0,10
constraint_shift,counterfactual_boundary_learning_filter_v5_minus_geometric_projection_filter,transfer_violation,-0.203125,0.014030,-0.217155,-0.189095,0,10
constraint_shift,counterfactual_boundary_learning_filter_v5_minus_geometric_projection_filter,recovery_success,0.036458,0.045475,-0.009017,0.081934,6,10
constraint_shift,counterfactual_boundary_learning_filter_v5_minus_geometric_projection_filter,robust_utility,0.204960,0.059480,0.145480,0.264439,10,10
constraint_shift,counterfactual_boundary_learning_filter_v5_minus_geometric_projection_filter,mechanism_utility,0.233361,0.011037,0.222324,0.244399,10,10
constraint_shift,counterfactual_boundary_learning_filter_v5_minus_geometric_projection_filter,action_regret,-0.124018,0.018596,-0.142615,-0.105422,0,10
constraint_shift,counterfactual_boundary_learning_filter_v5_minus_cbf_safety_filter,task_success,-0.131250,0.028986,-0.160235,-0.102264,0,10
constraint_shift,counterfactual_boundary_learning_filter_v5_minus_cbf_safety_filter,deployed_violation,0.153125,0.032217,0.120908,0.185342,10,10
constraint_shift,counterfactual_boundary_learning_filter_v5_minus_cbf_safety_filter,unshielded_violation,-0.030729,0.017906,-0.048635,-0.012823,1,10
constraint_shift,counterfactual_boundary_learning_filter_v5_minus_cbf_safety_filter,intervention_rate,-0.043229,0.007306,-0.050535,-0.035923,0,10
constraint_shift,counterfactual_boundary_learning_filter_v5_minus_cbf_safety_filter,intervention_severity,-0.108030,0.002005,-0.110035,-0.106025,0,10
constraint_shift,counterfactual_boundary_learning_filter_v5_minus_cbf_safety_filter,filter_dependence,-0.600332,0.008033,-0.608365,-0.592300,0,10
constraint_shift,counterfactual_boundary_learning_filter_v5_minus_cbf_safety_filter,boundary_f1,-0.018912,0.009744,-0.028657,-0.009168,1,10
constraint_shift,counterfactual_boundary_learning_filter_v5_minus_cbf_safety_filter,boundary_ece,-0.080598,0.015760,-0.096358,-0.064838,0,10
constraint_shift,counterfactual_boundary_learning_filter_v5_minus_cbf_safety_filter,transfer_violation,-0.208854,0.017180,-0.226034,-0.191674,0,10
constraint_shift,counterfactual_boundary_learning_filter_v5_minus_cbf_safety_filter,recovery_success,-0.176042,0.027214,-0.203255,-0.148828,0,10
constraint_shift,counterfactual_boundary_learning_filter_v5_minus_cbf_safety_filter,robust_utility,-0.075237,0.043024,-0.118261,-0.032214,2,10
constraint_shift,counterfactual_boundary_learning_filter_v5_minus_cbf_safety_filter,mechanism_utility,0.328371,0.015524,0.312846,0.343895,10,10
constraint_shift,counterfactual_boundary_learning_filter_v5_minus_cbf_safety_filter,action_regret,-0.054235,0.013650,-0.067885,-0.040585,0,10
constraint_shift,counterfactual_boundary_learning_filter_v5_minus_robust_mpc_shield,task_success,-0.232813,0.047102,-0.279915,-0.185710,0,10
constraint_shift,counterfactual_boundary_learning_filter_v5_minus_robust_mpc_shield,deployed_violation,0.216146,0.025836,0.190309,0.241982,10,10
constraint_shift,counterfactual_boundary_learning_filter_v5_minus_robust_mpc_shield,unshielded_violation,-0.040625,0.014014,-0.054639,-0.026611,0,10
constraint_shift,counterfactual_boundary_learning_filter_v5_minus_robust_mpc_shield,intervention_rate,-0.056250,0.014580,-0.070830,-0.041670,0,10
constraint_shift,counterfactual_boundary_learning_filter_v5_minus_robust_mpc_shield,intervention_severity,-0.095616,0.002646,-0.098263,-0.092970,0,10
constraint_shift,counterfactual_boundary_learning_filter_v5_minus_robust_mpc_shield,filter_dependence,-0.575791,0.006093,-0.581884,-0.569698,0,10
constraint_shift,counterfactual_boundary_learning_filter_v5_minus_robust_mpc_shield,boundary_f1,-0.025436,0.011140,-0.036575,-0.014296,1,10
constraint_shift,counterfactual_boundary_learning_filter_v5_minus_robust_mpc_shield,boundary_ece,-0.040473,0.016154,-0.056627,-0.024318,1,10
constraint_shift,counterfactual_boundary_learning_filter_v5_minus_robust_mpc_shield,transfer_violation,-0.186979,0.017580,-0.204559,-0.169399,0,10
constraint_shift,counterfactual_boundary_learning_filter_v5_minus_robust_mpc_shield,recovery_success,-0.250521,0.020890,-0.271411,-0.229631,0,10
constraint_shift,counterfactual_boundary_learning_filter_v5_minus_robust_mpc_shield,robust_utility,-0.229774,0.058953,-0.288727,-0.170822,0,10
constraint_shift,counterfactual_boundary_learning_filter_v5_minus_robust_mpc_shield,mechanism_utility,0.315394,0.020345,0.295049,0.335738,10,10
constraint_shift,counterfactual_boundary_learning_filter_v5_minus_robust_mpc_shield,action_regret,0.000623,0.015562,-0.014939,0.016186,4,10
constraint_shift,counterfactual_boundary_learning_filter_v5_minus_conformal_uncertainty_shield,task_success,-0.100000,0.031291,-0.131291,-0.068709,0,10
constraint_shift,counterfactual_boundary_learning_filter_v5_minus_conformal_uncertainty_shield,deployed_violation,0.142187,0.025466,0.116721,0.167654,10,10
constraint_shift,counterfactual_boundary_learning_filter_v5_minus_conformal_uncertainty_shield,unshielded_violation,-0.036459,0.010761,-0.047219,-0.025698,0,10
constraint_shift,counterfactual_boundary_learning_filter_v5_minus_conformal_uncertainty_shield,intervention_rate,-0.054167,0.014129,-0.068295,-0.040038,0,10
constraint_shift,counterfactual_boundary_learning_filter_v5_minus_conformal_uncertainty_shield,intervention_severity,-0.156751,0.002870,-0.159621,-0.153881,0,10
constraint_shift,counterfactual_boundary_learning_filter_v5_minus_conformal_uncertainty_shield,filter_dependence,-0.637261,0.007177,-0.644437,-0.630084,0,10
constraint_shift,counterfactual_boundary_learning_filter_v5_minus_conformal_uncertainty_shield,boundary_f1,-0.024558,0.010327,-0.034885,-0.014231,0,10
constraint_shift,counterfactual_boundary_learning_filter_v5_minus_conformal_uncertainty_shield,boundary_ece,-0.160923,0.013686,-0.174610,-0.147237,0,10
constraint_shift,counterfactual_boundary_learning_filter_v5_minus_conformal_uncertainty_shield,transfer_violation,-0.194271,0.016604,-0.210875,-0.177667,0,10
constraint_shift,counterfactual_boundary_learning_filter_v5_minus_conformal_uncertainty_shield,recovery_success,-0.171875,0.028101,-0.199976,-0.143774,0,10
constraint_shift,counterfactual_boundary_learning_filter_v5_minus_conformal_uncertainty_shield,robust_utility,-0.015425,0.040462,-0.055887,0.025037,5,10
constraint_shift,counterfactual_boundary_learning_filter_v5_minus_conformal_uncertainty_shield,mechanism_utility,0.353234,0.012996,0.340238,0.366230,10,10
constraint_shift,counterfactual_boundary_learning_filter_v5_minus_conformal_uncertainty_shield,action_regret,-0.072386,0.011554,-0.083940,-0.060832,0,10
constraint_shift,counterfactual_boundary_learning_filter_v5_minus_recovery_policy_shield,task_success,-0.157291,0.036166,-0.193457,-0.121126,0,10
constraint_shift,counterfactual_boundary_learning_filter_v5_minus_recovery_policy_shield,deployed_violation,0.090104,0.029353,0.060751,0.119457,10,10
constraint_shift,counterfactual_boundary_learning_filter_v5_minus_recovery_policy_shield,unshielded_violation,-0.019271,0.009510,-0.028780,-0.009761,2,10
constraint_shift,counterfactual_boundary_learning_filter_v5_minus_recovery_policy_shield,intervention_rate,0.016667,0.011866,0.004801,0.028533,8,10
constraint_shift,counterfactual_boundary_learning_filter_v5_minus_recovery_policy_shield,intervention_severity,-0.039465,0.002121,-0.041586,-0.037344,0,10
constraint_shift,counterfactual_boundary_learning_filter_v5_minus_recovery_policy_shield,filter_dependence,-0.381798,0.005750,-0.387548,-0.376048,0,10
constraint_shift,counterfactual_boundary_learning_filter_v5_minus_recovery_policy_shield,boundary_f1,-0.000346,0.008969,-0.009315,0.008623,5,10
constraint_shift,counterfactual_boundary_learning_filter_v5_minus_recovery_policy_shield,boundary_ece,-0.027866,0.016480,-0.044346,-0.011386,1,10
constraint_shift,counterfactual_boundary_learning_filter_v5_minus_recovery_policy_shield,transfer_violation,-0.131250,0.016376,-0.147626,-0.114874,0,10
constraint_shift,counterfactual_boundary_learning_filter_v5_minus_recovery_policy_shield,recovery_success,-0.098958,0.030851,-0.129809,-0.068107,0,10
constraint_shift,counterfactual_boundary_learning_filter_v5_minus_recovery_policy_shield,robust_utility,-0.129955,0.051882,-0.181838,-0.078073,1,10
constraint_shift,counterfactual_boundary_learning_filter_v5_minus_recovery_policy_shield,mechanism_utility,0.199761,0.013855,0.185906,0.213617,10,10
constraint_shift,counterfactual_boundary_learning_filter_v5_minus_recovery_policy_shield,action_regret,-0.003828,0.015354,-0.019181,0.011526,3,10
constraint_shift,counterfactual_boundary_learning_filter_v5_minus_shielded_behavior_cloning,task_success,0.123958,0.025042,0.098916,0.149001,10,10
constraint_shift,counterfactual_boundary_learning_filter_v5_minus_shielded_behavior_cloning,deployed_violation,-0.222396,0.017354,-0.239750,-0.205042,0,10
constraint_shift,counterfactual_boundary_learning_filter_v5_minus_shielded_behavior_cloning,unshielded_violation,-0.019792,0.013931,-0.033722,-0.005861,0,10
constraint_shift,counterfactual_boundary_learning_filter_v5_minus_shielded_behavior_cloning,intervention_rate,0.185417,0.021152,0.164264,0.206569,10,10
constraint_shift,counterfactual_boundary_learning_filter_v5_minus_shielded_behavior_cloning,intervention_severity,0.029741,0.003378,0.026363,0.033118,10,10
constraint_shift,counterfactual_boundary_learning_filter_v5_minus_shielded_behavior_cloning,filter_dependence,-0.075190,0.007090,-0.082280,-0.068100,0,10
constraint_shift,counterfactual_boundary_learning_filter_v5_minus_shielded_behavior_cloning,boundary_f1,0.077202,0.012868,0.064334,0.090070,10,10
constraint_shift,counterfactual_boundary_learning_filter_v5_minus_shielded_behavior_cloning,boundary_ece,-0.073656,0.019628,-0.093284,-0.054028,0,10
constraint_shift,counterfactual_boundary_learning_filter_v5_minus_shielded_behavior_cloning,transfer_violation,-0.144271,0.012827,-0.157098,-0.131444,0,10
constraint_shift,counterfactual_boundary_learning_filter_v5_minus_shielded_behavior_cloning,recovery_success,0.184896,0.016266,0.168630,0.201162,10,10
constraint_shift,counterfactual_boundary_learning_filter_v5_minus_shielded_behavior_cloning,robust_utility,0.278466,0.029784,0.248681,0.308250,10,10
constraint_shift,counterfactual_boundary_learning_filter_v5_minus_shielded_behavior_cloning,mechanism_utility,0.096358,0.011792,0.084567,0.108150,10,10
constraint_shift,counterfactual_boundary_learning_filter_v5_minus_shielded_behavior_cloning,action_regret,-0.123227,0.008329,-0.131556,-0.114898,0,10
constraint_shift,counterfactual_boundary_learning_filter_v5_minus_lagrangian_safe_rl,task_success,0.120313,0.025026,0.095287,0.145338,10,10
constraint_shift,counterfactual_boundary_learning_filter_v5_minus_lagrangian_safe_rl,deployed_violation,-0.191146,0.023281,-0.214427,-0.167865,0,10
constraint_shift,counterfactual_boundary_learning_filter_v5_minus_lagrangian_safe_rl,unshielded_violation,-0.015104,0.012217,-0.027321,-0.002887,2,10
constraint_shift,counterfactual_boundary_learning_filter_v5_minus_lagrangian_safe_rl,intervention_rate,0.226563,0.016757,0.209806,0.243319,10,10
constraint_shift,counterfactual_boundary_learning_filter_v5_minus_lagrangian_safe_rl,intervention_severity,0.048932,0.002271,0.046662,0.051203,10,10
constraint_shift,counterfactual_boundary_learning_filter_v5_minus_lagrangian_safe_rl,filter_dependence,-0.031872,0.007237,-0.039109,-0.024635,0,10
constraint_shift,counterfactual_boundary_learning_filter_v5_minus_lagrangian_safe_rl,boundary_f1,0.099093,0.023648,0.075445,0.122742,10,10
constraint_shift,counterfactual_boundary_learning_filter_v5_minus_lagrangian_safe_rl,boundary_ece,-0.104649,0.019655,-0.124304,-0.084994,0,10
constraint_shift,counterfactual_boundary_learning_filter_v5_minus_lagrangian_safe_rl,transfer_violation,-0.128646,0.021578,-0.150223,-0.107068,0,10
constraint_shift,counterfactual_boundary_learning_filter_v5_minus_lagrangian_safe_rl,recovery_success,0.178125,0.019177,0.158948,0.197302,10,10
constraint_shift,counterfactual_boundary_learning_filter_v5_minus_lagrangian_safe_rl,robust_utility,0.240359,0.035336,0.205023,0.275695,10,10
constraint_shift,counterfactual_boundary_learning_filter_v5_minus_lagrangian_safe_rl,mechanism_utility,0.066150,0.012367,0.053782,0.078517,10,10
constraint_shift,counterfactual_boundary_learning_filter_v5_minus_lagrangian_safe_rl,action_regret,-0.101046,0.010604,-0.111650,-0.090442,0,10
constraint_shift,counterfactual_boundary_learning_filter_v5_minus_adversarial_safety_critic,task_success,0.150000,0.020462,0.129538,0.170462,10,10
constraint_shift,counterfactual_boundary_learning_filter_v5_minus_adversarial_safety_critic,deployed_violation,-0.206771,0.016394,-0.223165,-0.190377,0,10
constraint_shift,counterfactual_boundary_learning_filter_v5_minus_adversarial_safety_critic,unshielded_violation,-0.005729,0.016065,-0.021794,0.010336,4,10
constraint_shift,counterfactual_boundary_learning_filter_v5_minus_adversarial_safety_critic,intervention_rate,0.329687,0.014521,0.315167,0.344208,10,10
constraint_shift,counterfactual_boundary_learning_filter_v5_minus_adversarial_safety_critic,intervention_severity,0.047833,0.002348,0.045485,0.050181,10,10
constraint_shift,counterfactual_boundary_learning_filter_v5_minus_adversarial_safety_critic,filter_dependence,-0.002331,0.005506,-0.007838,0.003175,5,10
constraint_shift,counterfactual_boundary_learning_filter_v5_minus_adversarial_safety_critic,boundary_f1,0.163736,0.013828,0.149907,0.177564,10,10
constraint_shift,counterfactual_boundary_learning_filter_v5_minus_adversarial_safety_critic,boundary_ece,-0.173374,0.012969,-0.186342,-0.160405,0,10
constraint_shift,counterfactual_boundary_learning_filter_v5_minus_adversarial_safety_critic,transfer_violation,-0.102604,0.018641,-0.121245,-0.083963,0,10
constraint_shift,counterfactual_boundary_learning_filter_v5_minus_adversarial_safety_critic,recovery_success,0.197396,0.020890,0.176506,0.218286,10,10
constraint_shift,counterfactual_boundary_learning_filter_v5_minus_adversarial_safety_critic,robust_utility,0.274780,0.020751,0.254029,0.295531,10,10
constraint_shift,counterfactual_boundary_learning_filter_v5_minus_adversarial_safety_critic,mechanism_utility,0.039260,0.014388,0.024872,0.053648,10,10
constraint_shift,counterfactual_boundary_learning_filter_v5_minus_adversarial_safety_critic,action_regret,-0.105436,0.005570,-0.111006,-0.099866,0,10
constraint_shift,counterfactual_boundary_learning_filter_v5_minus_safety_filter_distillation,task_success,0.049479,0.028070,0.021409,0.077549,8,10
constraint_shift,counterfactual_boundary_learning_filter_v5_minus_safety_filter_distillation,deployed_violation,-0.073958,0.022303,-0.096261,-0.051655,0,10
constraint_shift,counterfactual_boundary_learning_filter_v5_minus_safety_filter_distillation,unshielded_violation,-0.016667,0.012622,-0.029289,-0.004044,1,10
constraint_shift,counterfactual_boundary_learning_filter_v5_minus_safety_filter_distillation,intervention_rate,0.013021,0.011105,0.001916,0.024126,7,10
constraint_shift,counterfactual_boundary_learning_filter_v5_minus_safety_filter_distillation,intervention_severity,0.013214,0.001672,0.011542,0.014886,10,10
constraint_shift,counterfactual_boundary_learning_filter_v5_minus_safety_filter_distillation,filter_dependence,-0.064150,0.003328,-0.067477,-0.060822,0,10
constraint_shift,counterfactual_boundary_learning_filter_v5_minus_safety_filter_distillation,boundary_f1,0.001523,0.011336,-0.009813,0.012858,7,10
constraint_shift,counterfactual_boundary_learning_filter_v5_minus_safety_filter_distillation,boundary_ece,-0.044479,0.016093,-0.060571,-0.028386,0,10
constraint_shift,counterfactual_boundary_learning_filter_v5_minus_safety_filter_distillation,transfer_violation,-0.077604,0.021865,-0.099469,-0.055739,0,10
constraint_shift,counterfactual_boundary_learning_filter_v5_minus_safety_filter_distillation,recovery_success,0.053125,0.020062,0.033063,0.073187,9,10
constraint_shift,counterfactual_boundary_learning_filter_v5_minus_safety_filter_distillation,robust_utility,0.108883,0.038546,0.070337,0.147430,9,10
constraint_shift,counterfactual_boundary_learning_filter_v5_minus_safety_filter_distillation,mechanism_utility,0.065270,0.013869,0.051401,0.079139,10,10
constraint_shift,counterfactual_boundary_learning_filter_v5_minus_safety_filter_distillation,action_regret,-0.052482,0.011305,-0.063786,-0.041177,0,10
constraint_shift,counterfactual_boundary_learning_filter_v5_minus_boundary_learning_filter_v4,task_success,0.071354,0.042828,0.028527,0.114182,8,10
constraint_shift,counterfactual_boundary_learning_filter_v5_minus_boundary_learning_filter_v4,deployed_violation,-0.086458,0.033589,-0.120048,-0.052869,0,10
constraint_shift,counterfactual_boundary_learning_filter_v5_minus_boundary_learning_filter_v4,unshielded_violation,-0.005208,0.017616,-0.022824,0.012407,4,10
constraint_shift,counterfactual_boundary_learning_filter_v5_minus_boundary_learning_filter_v4,intervention_rate,0.032292,0.012250,0.020042,0.044542,9,10
constraint_shift,counterfactual_boundary_learning_filter_v5_minus_boundary_learning_filter_v4,intervention_severity,0.012726,0.001871,0.010855,0.014597,10,10
constraint_shift,counterfactual_boundary_learning_filter_v5_minus_boundary_learning_filter_v4,filter_dependence,-0.050035,0.003067,-0.053103,-0.046968,0,10
constraint_shift,counterfactual_boundary_learning_filter_v5_minus_boundary_learning_filter_v4,boundary_f1,0.003391,0.008046,-0.004655,0.011437,6,10
constraint_shift,counterfactual_boundary_learning_filter_v5_minus_boundary_learning_filter_v4,boundary_ece,-0.014993,0.011626,-0.026619,-0.003367,2,10
constraint_shift,counterfactual_boundary_learning_filter_v5_minus_boundary_learning_filter_v4,transfer_violation,-0.042187,0.016137,-0.058325,-0.026050,0,10
constraint_shift,counterfactual_boundary_learning_filter_v5_minus_boundary_learning_filter_v4,recovery_success,0.068229,0.044639,0.023590,0.112868,8,10
constraint_shift,counterfactual_boundary_learning_filter_v5_minus_boundary_learning_filter_v4,robust_utility,0.135718,0.059889,0.075829,0.195607,9,10
constraint_shift,counterfactual_boundary_learning_filter_v5_minus_boundary_learning_filter_v4,mechanism_utility,0.038411,0.017100,0.021311,0.055511,9,10
constraint_shift,counterfactual_boundary_learning_filter_v5_minus_boundary_learning_filter_v4,action_regret,-0.053251,0.017482,-0.070733,-0.035769,0,10
contact_mode_shift,counterfactual_boundary_learning_filter_v5_minus_unfiltered_policy,task_success,0.228125,0.025318,0.202807,0.253443,10,10
contact_mode_shift,counterfactual_boundary_learning_filter_v5_minus_unfiltered_policy,deployed_violation,-0.431250,0.022613,-0.453863,-0.408637,0,10
contact_mode_shift,counterfactual_boundary_learning_filter_v5_minus_unfiltered_policy,unshielded_violation,-0.032292,0.022251,-0.054543,-0.010041,1,10
contact_mode_shift,counterfactual_boundary_learning_filter_v5_minus_unfiltered_policy,intervention_rate,0.969271,0.005785,0.963486,0.975055,10,10
contact_mode_shift,counterfactual_boundary_learning_filter_v5_minus_unfiltered_policy,intervention_severity,0.150171,0.001001,0.149169,0.151172,10,10
contact_mode_shift,counterfactual_boundary_learning_filter_v5_minus_unfiltered_policy,filter_dependence,0.253458,0.001818,0.251640,0.255276,10,10
contact_mode_shift,counterfactual_boundary_learning_filter_v5_minus_unfiltered_policy,boundary_f1,0.865456,0.012645,0.852811,0.878101,10,10
contact_mode_shift,counterfactual_boundary_learning_filter_v5_minus_unfiltered_policy,boundary_ece,-0.495488,0.014205,-0.509693,-0.481284,0,10
contact_mode_shift,counterfactual_boundary_learning_filter_v5_minus_unfiltered_policy,transfer_violation,-0.170833,0.017603,-0.188436,-0.153231,0,10
contact_mode_shift,counterfactual_boundary_learning_filter_v5_minus_unfiltered_policy,recovery_success,0.397917,0.028922,0.368995,0.426838,10,10
contact_mode_shift,counterfactual_boundary_learning_filter_v5_minus_unfiltered_policy,robust_utility,0.420684,0.036628,0.384056,0.457311,10,10
contact_mode_shift,counterfactual_boundary_learning_filter_v5_minus_unfiltered_policy,mechanism_utility,-0.015262,0.026783,-0.042045,0.011522,4,10
contact_mode_shift,counterfactual_boundary_learning_filter_v5_minus_unfiltered_policy,action_regret,-0.169379,0.011002,-0.180381,-0.158377,0,10
contact_mode_shift,counterfactual_boundary_learning_filter_v5_minus_action_clipping_filter,task_success,0.111979,0.026369,0.085610,0.138348,10,10
contact_mode_shift,counterfactual_boundary_learning_filter_v5_minus_action_clipping_filter,deployed_violation,-0.107292,0.038953,-0.146244,-0.068339,1,10
contact_mode_shift,counterfactual_boundary_learning_filter_v5_minus_action_clipping_filter,unshielded_violation,-0.039583,0.021799,-0.061382,-0.017784,1,10
contact_mode_shift,counterfactual_boundary_learning_filter_v5_minus_action_clipping_filter,intervention_rate,0.023958,0.015608,0.008350,0.039566,8,10
contact_mode_shift,counterfactual_boundary_learning_filter_v5_minus_action_clipping_filter,intervention_severity,-0.084060,0.003498,-0.087558,-0.080561,0,10
contact_mode_shift,counterfactual_boundary_learning_filter_v5_minus_action_clipping_filter,filter_dependence,-0.505223,0.011442,-0.516665,-0.493781,0,10
contact_mode_shift,counterfactual_boundary_learning_filter_v5_minus_action_clipping_filter,boundary_f1,0.012316,0.006877,0.005439,0.019193,9,10
contact_mode_shift,counterfactual_boundary_learning_filter_v5_minus_action_clipping_filter,boundary_ece,-0.058202,0.019677,-0.077879,-0.038526,0,10
contact_mode_shift,counterfactual_boundary_learning_filter_v5_minus_action_clipping_filter,transfer_violation,-0.182813,0.028325,-0.211138,-0.154488,0,10
contact_mode_shift,counterfactual_boundary_learning_filter_v5_minus_action_clipping_filter,recovery_success,0.050000,0.036718,0.013282,0.086719,7,10
contact_mode_shift,counterfactual_boundary_learning_filter_v5_minus_action_clipping_filter,robust_utility,0.315242,0.045923,0.269319,0.361165,10,10
contact_mode_shift,counterfactual_boundary_learning_filter_v5_minus_action_clipping_filter,mechanism_utility,0.304035,0.026213,0.277822,0.330247,10,10
contact_mode_shift,counterfactual_boundary_learning_filter_v5_minus_action_clipping_filter,action_regret,-0.176487,0.016386,-0.192872,-0.160101,0,10
contact_mode_shift,counterfactual_boundary_learning_filter_v5_minus_geometric_projection_filter,task_success,0.051042,0.030731,0.020311,0.081772,9,10
contact_mode_shift,counterfactual_boundary_learning_filter_v5_minus_geometric_projection_filter,deployed_violation,-0.066667,0.024810,-0.091477,-0.041857,0,10
contact_mode_shift,counterfactual_boundary_learning_filter_v5_minus_geometric_projection_filter,unshielded_violation,-0.035937,0.013042,-0.048979,-0.022895,0,10
contact_mode_shift,counterfactual_boundary_learning_filter_v5_minus_geometric_projection_filter,intervention_rate,0.164583,0.015384,0.149199,0.179968,10,10
contact_mode_shift,counterfactual_boundary_learning_filter_v5_minus_geometric_projection_filter,intervention_severity,-0.017817,0.002869,-0.020686,-0.014948,0,10
contact_mode_shift,counterfactual_boundary_learning_filter_v5_minus_geometric_projection_filter,filter_dependence,-0.361285,0.010312,-0.371597,-0.350973,0,10
contact_mode_shift,counterfactual_boundary_learning_filter_v5_minus_geometric_projection_filter,boundary_f1,0.079977,0.008393,0.071584,0.088370,10,10
contact_mode_shift,counterfactual_boundary_learning_filter_v5_minus_geometric_projection_filter,boundary_ece,-0.118677,0.016910,-0.135587,-0.101768,0,10
contact_mode_shift,counterfactual_boundary_learning_filter_v5_minus_geometric_projection_filter,transfer_violation,-0.172917,0.021831,-0.194748,-0.151086,0,10
contact_mode_shift,counterfactual_boundary_learning_filter_v5_minus_geometric_projection_filter,recovery_success,0.031250,0.031150,0.000100,0.062400,7,10
contact_mode_shift,counterfactual_boundary_learning_filter_v5_minus_geometric_projection_filter,robust_utility,0.178397,0.039478,0.138919,0.217875,10,10
contact_mode_shift,counterfactual_boundary_learning_filter_v5_minus_geometric_projection_filter,mechanism_utility,0.229360,0.015910,0.213450,0.245270,10,10
contact_mode_shift,counterfactual_boundary_learning_filter_v5_minus_geometric_projection_filter,action_regret,-0.118903,0.011468,-0.130371,-0.107435,0,10
contact_mode_shift,counterfactual_boundary_learning_filter_v5_minus_cbf_safety_filter,task_success,-0.148958,0.033486,-0.182444,-0.115473,0,10
contact_mode_shift,counterfactual_boundary_learning_filter_v5_minus_cbf_safety_filter,deployed_violation,0.177604,0.033632,0.143972,0.211237,10,10
contact_mode_shift,counterfactual_boundary_learning_filter_v5_minus_cbf_safety_filter,unshielded_violation,-0.030208,0.020349,-0.050557,-0.009860,1,10
contact_mode_shift,counterfactual_boundary_learning_filter_v5_minus_cbf_safety_filter,intervention_rate,-0.011458,0.008847,-0.020306,-0.002611,1,10
contact_mode_shift,counterfactual_boundary_learning_filter_v5_minus_cbf_safety_filter,intervention_severity,-0.107099,0.001907,-0.109006,-0.105191,0,10
contact_mode_shift,counterfactual_boundary_learning_filter_v5_minus_cbf_safety_filter,filter_dependence,-0.606739,0.008886,-0.615626,-0.597853,0,10
contact_mode_shift,counterfactual_boundary_learning_filter_v5_minus_cbf_safety_filter,boundary_f1,-0.001318,0.005238,-0.006556,0.003920,4,10
contact_mode_shift,counterfactual_boundary_learning_filter_v5_minus_cbf_safety_filter,boundary_ece,-0.088451,0.013871,-0.102322,-0.074579,0,10
contact_mode_shift,counterfactual_boundary_learning_filter_v5_minus_cbf_safety_filter,transfer_violation,-0.173959,0.017230,-0.191189,-0.156728,0,10
contact_mode_shift,counterfactual_boundary_learning_filter_v5_minus_cbf_safety_filter,recovery_success,-0.202083,0.034795,-0.236878,-0.167288,0,10
contact_mode_shift,counterfactual_boundary_learning_filter_v5_minus_cbf_safety_filter,robust_utility,-0.107956,0.046683,-0.154639,-0.061273,0,10
contact_mode_shift,counterfactual_boundary_learning_filter_v5_minus_cbf_safety_filter,mechanism_utility,0.318379,0.021748,0.296631,0.340126,10,10
contact_mode_shift,counterfactual_boundary_learning_filter_v5_minus_cbf_safety_filter,action_regret,-0.043462,0.014368,-0.057830,-0.029093,0,10
contact_mode_shift,counterfactual_boundary_learning_filter_v5_minus_robust_mpc_shield,task_success,-0.278125,0.032253,-0.310378,-0.245872,0,10
contact_mode_shift,counterfactual_boundary_learning_filter_v5_minus_robust_mpc_shield,deployed_violation,0.227083,0.028962,0.198122,0.256045,10,10
contact_mode_shift,counterfactual_boundary_learning_filter_v5_minus_robust_mpc_shield,unshielded_violation,-0.037500,0.012250,-0.049750,-0.025250,0,10
contact_mode_shift,counterfactual_boundary_learning_filter_v5_minus_robust_mpc_shield,intervention_rate,-0.012500,0.010995,-0.023495,-0.001505,2,10
contact_mode_shift,counterfactual_boundary_learning_filter_v5_minus_robust_mpc_shield,intervention_severity,-0.091319,0.002298,-0.093618,-0.089021,0,10
contact_mode_shift,counterfactual_boundary_learning_filter_v5_minus_robust_mpc_shield,filter_dependence,-0.571495,0.007750,-0.579245,-0.563745,0,10
contact_mode_shift,counterfactual_boundary_learning_filter_v5_minus_robust_mpc_shield,boundary_f1,-0.003888,0.003923,-0.007811,0.000035,3,10
contact_mode_shift,counterfactual_boundary_learning_filter_v5_minus_robust_mpc_shield,boundary_ece,-0.051040,0.013385,-0.064426,-0.037655,0,10
contact_mode_shift,counterfactual_boundary_learning_filter_v5_minus_robust_mpc_shield,transfer_violation,-0.164583,0.018588,-0.183172,-0.145995,0,10
contact_mode_shift,counterfactual_boundary_learning_filter_v5_minus_robust_mpc_shield,recovery_success,-0.259375,0.033507,-0.292881,-0.225868,0,10
contact_mode_shift,counterfactual_boundary_learning_filter_v5_minus_robust_mpc_shield,robust_utility,-0.285537,0.047577,-0.333114,-0.237960,0,10
contact_mode_shift,counterfactual_boundary_learning_filter_v5_minus_robust_mpc_shield,mechanism_utility,0.301888,0.014609,0.287279,0.316497,10,10
contact_mode_shift,counterfactual_boundary_learning_filter_v5_minus_robust_mpc_shield,action_regret,0.014475,0.014275,0.000200,0.028750,7,10
contact_mode_shift,counterfactual_boundary_learning_filter_v5_minus_conformal_uncertainty_shield,task_success,-0.120833,0.029264,-0.150097,-0.091569,0,10
contact_mode_shift,counterfactual_boundary_learning_filter_v5_minus_conformal_uncertainty_shield,deployed_violation,0.153125,0.031783,0.121342,0.184908,10,10
contact_mode_shift,counterfactual_boundary_learning_filter_v5_minus_conformal_uncertainty_shield,unshielded_violation,-0.027604,0.027096,-0.054701,-0.000508,2,10
contact_mode_shift,counterfactual_boundary_learning_filter_v5_minus_conformal_uncertainty_shield,intervention_rate,-0.018229,0.007178,-0.025408,-0.011051,0,10
contact_mode_shift,counterfactual_boundary_learning_filter_v5_minus_conformal_uncertainty_shield,intervention_severity,-0.155486,0.001758,-0.157244,-0.153728,0,10
contact_mode_shift,counterfactual_boundary_learning_filter_v5_minus_conformal_uncertainty_shield,filter_dependence,-0.640306,0.006039,-0.646344,-0.634267,0,10
contact_mode_shift,counterfactual_boundary_learning_filter_v5_minus_conformal_uncertainty_shield,boundary_f1,-0.004026,0.003699,-0.007725,-0.000326,1,10
contact_mode_shift,counterfactual_boundary_learning_filter_v5_minus_conformal_uncertainty_shield,boundary_ece,-0.172759,0.013636,-0.186396,-0.159123,0,10
contact_mode_shift,counterfactual_boundary_learning_filter_v5_minus_conformal_uncertainty_shield,transfer_violation,-0.158854,0.023977,-0.182831,-0.134877,0,10
contact_mode_shift,counterfactual_boundary_learning_filter_v5_minus_conformal_uncertainty_shield,recovery_success,-0.177604,0.042294,-0.219899,-0.135310,0,10
contact_mode_shift,counterfactual_boundary_learning_filter_v5_minus_conformal_uncertainty_shield,robust_utility,-0.043587,0.044634,-0.088221,0.001046,3,10
contact_mode_shift,counterfactual_boundary_learning_filter_v5_minus_conformal_uncertainty_shield,mechanism_utility,0.333841,0.028534,0.305307,0.362375,10,10
contact_mode_shift,counterfactual_boundary_learning_filter_v5_minus_conformal_uncertainty_shield,action_regret,-0.064857,0.014402,-0.079260,-0.050455,0,10
contact_mode_shift,counterfactual_boundary_learning_filter_v5_minus_recovery_policy_shield,task_success,-0.165625,0.030237,-0.195862,-0.135388,0,10
contact_mode_shift,counterfactual_boundary_learning_filter_v5_minus_recovery_policy_shield,deployed_violation,0.109375,0.028672,0.080703,0.138047,10,10
contact_mode_shift,counterfactual_boundary_learning_filter_v5_minus_recovery_policy_shield,unshielded_violation,-0.018750,0.019381,-0.038131,0.000631,3,10
contact_mode_shift,counterfactual_boundary_learning_filter_v5_minus_recovery_policy_shield,intervention_rate,0.021354,0.004919,0.016435,0.026273,10,10
contact_mode_shift,counterfactual_boundary_learning_filter_v5_minus_recovery_policy_shield,intervention_severity,-0.040903,0.000944,-0.041847,-0.039960,0,10
contact_mode_shift,counterfactual_boundary_learning_filter_v5_minus_recovery_policy_shield,filter_dependence,-0.401981,0.004175,-0.406156,-0.397807,0,10
contact_mode_shift,counterfactual_boundary_learning_filter_v5_minus_recovery_policy_shield,boundary_f1,0.006752,0.006767,-0.000014,0.013519,7,10
contact_mode_shift,counterfactual_boundary_learning_filter_v5_minus_recovery_policy_shield,boundary_ece,-0.034399,0.016958,-0.051357,-0.017441,1,10
contact_mode_shift,counterfactual_boundary_learning_filter_v5_minus_recovery_policy_shield,transfer_violation,-0.103125,0.019237,-0.122362,-0.083888,0,10
contact_mode_shift,counterfactual_boundary_learning_filter_v5_minus_recovery_policy_shield,recovery_success,-0.125521,0.035246,-0.160767,-0.090275,0,10
contact_mode_shift,counterfactual_boundary_learning_filter_v5_minus_recovery_policy_shield,robust_utility,-0.146283,0.044488,-0.190771,-0.101795,0,10
contact_mode_shift,counterfactual_boundary_learning_filter_v5_minus_recovery_policy_shield,mechanism_utility,0.197611,0.018142,0.179469,0.215753,10,10
contact_mode_shift,counterfactual_boundary_learning_filter_v5_minus_recovery_policy_shield,action_regret,0.001325,0.013824,-0.012499,0.015149,5,10
contact_mode_shift,counterfactual_boundary_learning_filter_v5_minus_shielded_behavior_cloning,task_success,0.126563,0.028755,0.097808,0.155318,10,10
contact_mode_shift,counterfactual_boundary_learning_filter_v5_minus_shielded_behavior_cloning,deployed_violation,-0.226042,0.026672,-0.252714,-0.199369,0,10
contact_mode_shift,counterfactual_boundary_learning_filter_v5_minus_shielded_behavior_cloning,unshielded_violation,-0.015625,0.024912,-0.040537,0.009287,4,10
contact_mode_shift,counterfactual_boundary_learning_filter_v5_minus_shielded_behavior_cloning,intervention_rate,0.155729,0.015920,0.139809,0.171649,10,10
contact_mode_shift,counterfactual_boundary_learning_filter_v5_minus_shielded_behavior_cloning,intervention_severity,0.027234,0.002553,0.024680,0.029787,10,10
contact_mode_shift,counterfactual_boundary_learning_filter_v5_minus_shielded_behavior_cloning,filter_dependence,-0.096405,0.006805,-0.103211,-0.089600,0,10
contact_mode_shift,counterfactual_boundary_learning_filter_v5_minus_shielded_behavior_cloning,boundary_f1,0.064771,0.015951,0.048821,0.080722,10,10
contact_mode_shift,counterfactual_boundary_learning_filter_v5_minus_shielded_behavior_cloning,boundary_ece,-0.077549,0.021599,-0.099148,-0.055949,0,10
contact_mode_shift,counterfactual_boundary_learning_filter_v5_minus_shielded_behavior_cloning,transfer_violation,-0.130729,0.024227,-0.154956,-0.106502,0,10
contact_mode_shift,counterfactual_boundary_learning_filter_v5_minus_shielded_behavior_cloning,recovery_success,0.189062,0.033133,0.155930,0.222195,10,10
contact_mode_shift,counterfactual_boundary_learning_filter_v5_minus_shielded_behavior_cloning,robust_utility,0.288405,0.044234,0.244171,0.332639,10,10
contact_mode_shift,counterfactual_boundary_learning_filter_v5_minus_shielded_behavior_cloning,mechanism_utility,0.096475,0.025930,0.070545,0.122405,10,10
contact_mode_shift,counterfactual_boundary_learning_filter_v5_minus_shielded_behavior_cloning,action_regret,-0.127912,0.013334,-0.141247,-0.114578,0,10
contact_mode_shift,counterfactual_boundary_learning_filter_v5_minus_lagrangian_safe_rl,task_success,0.102083,0.031928,0.070155,0.134011,10,10
contact_mode_shift,counterfactual_boundary_learning_filter_v5_minus_lagrangian_safe_rl,deployed_violation,-0.183333,0.033054,-0.216388,-0.150279,0,10
contact_mode_shift,counterfactual_boundary_learning_filter_v5_minus_lagrangian_safe_rl,unshielded_violation,-0.012500,0.013371,-0.025871,0.000871,3,10
contact_mode_shift,counterfactual_boundary_learning_filter_v5_minus_lagrangian_safe_rl,intervention_rate,0.177604,0.024322,0.153282,0.201926,10,10
contact_mode_shift,counterfactual_boundary_learning_filter_v5_minus_lagrangian_safe_rl,intervention_severity,0.045688,0.003314,0.042374,0.049002,10,10
contact_mode_shift,counterfactual_boundary_learning_filter_v5_minus_lagrangian_safe_rl,filter_dependence,-0.056795,0.009413,-0.066208,-0.047382,0,10
contact_mode_shift,counterfactual_boundary_learning_filter_v5_minus_lagrangian_safe_rl,boundary_f1,0.081602,0.015214,0.066388,0.096816,10,10
contact_mode_shift,counterfactual_boundary_learning_filter_v5_minus_lagrangian_safe_rl,boundary_ece,-0.109492,0.022722,-0.132214,-0.086769,0,10
contact_mode_shift,counterfactual_boundary_learning_filter_v5_minus_lagrangian_safe_rl,transfer_violation,-0.106250,0.027273,-0.133524,-0.078977,0,10
contact_mode_shift,counterfactual_boundary_learning_filter_v5_minus_lagrangian_safe_rl,recovery_success,0.155208,0.033507,0.121702,0.188715,10,10
contact_mode_shift,counterfactual_boundary_learning_filter_v5_minus_lagrangian_safe_rl,robust_utility,0.222517,0.048138,0.174379,0.270655,10,10
contact_mode_shift,counterfactual_boundary_learning_filter_v5_minus_lagrangian_safe_rl,mechanism_utility,0.065877,0.019561,0.046316,0.085438,10,10
contact_mode_shift,counterfactual_boundary_learning_filter_v5_minus_lagrangian_safe_rl,action_regret,-0.098475,0.015030,-0.113504,-0.083445,0,10
contact_mode_shift,counterfactual_boundary_learning_filter_v5_minus_adversarial_safety_critic,task_success,0.124479,0.029915,0.094564,0.154394,10,10
contact_mode_shift,counterfactual_boundary_learning_filter_v5_minus_adversarial_safety_critic,deployed_violation,-0.182291,0.018946,-0.201237,-0.163346,0,10
contact_mode_shift,counterfactual_boundary_learning_filter_v5_minus_adversarial_safety_critic,unshielded_violation,-0.013021,0.022481,-0.035502,0.009460,3,10
contact_mode_shift,counterfactual_boundary_learning_filter_v5_minus_adversarial_safety_critic,intervention_rate,0.262500,0.013797,0.248703,0.276297,10,10
contact_mode_shift,counterfactual_boundary_learning_filter_v5_minus_adversarial_safety_critic,intervention_severity,0.039999,0.002321,0.037678,0.042319,10,10
contact_mode_shift,counterfactual_boundary_learning_filter_v5_minus_adversarial_safety_critic,filter_dependence,-0.037171,0.005792,-0.042962,-0.031379,0,10
contact_mode_shift,counterfactual_boundary_learning_filter_v5_minus_adversarial_safety_critic,boundary_f1,0.120802,0.014139,0.106663,0.134942,10,10
contact_mode_shift,counterfactual_boundary_learning_filter_v5_minus_adversarial_safety_critic,boundary_ece,-0.175304,0.014646,-0.189950,-0.160659,0,10
contact_mode_shift,counterfactual_boundary_learning_filter_v5_minus_adversarial_safety_critic,transfer_violation,-0.088021,0.023890,-0.111911,-0.064131,0,10
contact_mode_shift,counterfactual_boundary_learning_filter_v5_minus_adversarial_safety_critic,recovery_success,0.167187,0.025756,0.141432,0.192943,10,10
contact_mode_shift,counterfactual_boundary_learning_filter_v5_minus_adversarial_safety_critic,robust_utility,0.242194,0.037510,0.204684,0.279704,10,10
contact_mode_shift,counterfactual_boundary_learning_filter_v5_minus_adversarial_safety_critic,mechanism_utility,0.055046,0.027142,0.027904,0.082188,9,10
contact_mode_shift,counterfactual_boundary_learning_filter_v5_minus_adversarial_safety_critic,action_regret,-0.098090,0.010214,-0.108304,-0.087876,0,10
contact_mode_shift,counterfactual_boundary_learning_filter_v5_minus_safety_filter_distillation,task_success,0.027083,0.035487,-0.008404,0.062570,7,10
contact_mode_shift,counterfactual_boundary_learning_filter_v5_minus_safety_filter_distillation,deployed_violation,-0.074479,0.031814,-0.106293,-0.042665,0,10
contact_mode_shift,counterfactual_boundary_learning_filter_v5_minus_safety_filter_distillation,unshielded_violation,-0.014583,0.016726,-0.031309,0.002142,2,10
contact_mode_shift,counterfactual_boundary_learning_filter_v5_minus_safety_filter_distillation,intervention_rate,0.007812,0.005745,0.002068,0.013557,8,10
contact_mode_shift,counterfactual_boundary_learning_filter_v5_minus_safety_filter_distillation,intervention_severity,0.012994,0.001008,0.011985,0.014002,10,10
contact_mode_shift,counterfactual_boundary_learning_filter_v5_minus_safety_filter_distillation,filter_dependence,-0.069604,0.002107,-0.071711,-0.067497,0,10
contact_mode_shift,counterfactual_boundary_learning_filter_v5_minus_safety_filter_distillation,boundary_f1,0.005161,0.005982,-0.000821,0.011143,7,10
contact_mode_shift,counterfactual_boundary_learning_filter_v5_minus_safety_filter_distillation,boundary_ece,-0.030304,0.020234,-0.050538,-0.010070,2,10
contact_mode_shift,counterfactual_boundary_learning_filter_v5_minus_safety_filter_distillation,transfer_violation,-0.065104,0.020544,-0.085648,-0.044560,0,10
contact_mode_shift,counterfactual_boundary_learning_filter_v5_minus_safety_filter_distillation,recovery_success,0.052604,0.029565,0.023039,0.082169,9,10
contact_mode_shift,counterfactual_boundary_learning_filter_v5_minus_safety_filter_distillation,robust_utility,0.087250,0.051410,0.035840,0.138660,8,10
contact_mode_shift,counterfactual_boundary_learning_filter_v5_minus_safety_filter_distillation,mechanism_utility,0.061023,0.015148,0.045875,0.076172,10,10
contact_mode_shift,counterfactual_boundary_learning_filter_v5_minus_safety_filter_distillation,action_regret,-0.048863,0.015569,-0.064433,-0.033294,0,10
contact_mode_shift,counterfactual_boundary_learning_filter_v5_minus_boundary_learning_filter_v4,task_success,0.072917,0.035001,0.037916,0.107917,9,10
contact_mode_shift,counterfactual_boundary_learning_filter_v5_minus_boundary_learning_filter_v4,deployed_violation,-0.090104,0.030437,-0.120541,-0.059667,0,10
contact_mode_shift,counterfactual_boundary_learning_filter_v5_minus_boundary_learning_filter_v4,unshielded_violation,-0.006771,0.021897,-0.028668,0.015126,5,10
contact_mode_shift,counterfactual_boundary_learning_filter_v5_minus_boundary_learning_filter_v4,intervention_rate,0.031250,0.009003,0.022247,0.040253,10,10
contact_mode_shift,counterfactual_boundary_learning_filter_v5_minus_boundary_learning_filter_v4,intervention_severity,0.013308,0.001753,0.011555,0.015061,10,10
contact_mode_shift,counterfactual_boundary_learning_filter_v5_minus_boundary_learning_filter_v4,filter_dependence,-0.052810,0.002751,-0.055561,-0.050059,0,10
contact_mode_shift,counterfactual_boundary_learning_filter_v5_minus_boundary_learning_filter_v4,boundary_f1,0.016454,0.005863,0.010591,0.022317,10,10
contact_mode_shift,counterfactual_boundary_learning_filter_v5_minus_boundary_learning_filter_v4,boundary_ece,-0.017470,0.023149,-0.040619,0.005680,5,10
contact_mode_shift,counterfactual_boundary_learning_filter_v5_minus_boundary_learning_filter_v4,transfer_violation,-0.031250,0.022262,-0.053512,-0.008988,1,10
contact_mode_shift,counterfactual_boundary_learning_filter_v5_minus_boundary_learning_filter_v4,recovery_success,0.073438,0.032226,0.041212,0.105664,9,10
contact_mode_shift,counterfactual_boundary_learning_filter_v5_minus_boundary_learning_filter_v4,robust_utility,0.140016,0.049546,0.090470,0.189562,10,10
contact_mode_shift,counterfactual_boundary_learning_filter_v5_minus_boundary_learning_filter_v4,mechanism_utility,0.037730,0.024833,0.012897,0.062563,9,10
contact_mode_shift,counterfactual_boundary_learning_filter_v5_minus_boundary_learning_filter_v4,action_regret,-0.054958,0.014968,-0.069926,-0.039990,0,10
human_motion_shift,counterfactual_boundary_learning_filter_v5_minus_unfiltered_policy,task_success,0.260417,0.025600,0.234817,0.286017,10,10
human_motion_shift,counterfactual_boundary_learning_filter_v5_minus_unfiltered_policy,deployed_violation,-0.429688,0.016408,-0.446095,-0.413280,0,10
human_motion_shift,counterfactual_boundary_learning_filter_v5_minus_unfiltered_policy,unshielded_violation,-0.044271,0.018653,-0.062924,-0.025618,0,10
human_motion_shift,counterfactual_boundary_learning_filter_v5_minus_unfiltered_policy,intervention_rate,0.913542,0.016822,0.896719,0.930364,10,10
human_motion_shift,counterfactual_boundary_learning_filter_v5_minus_unfiltered_policy,intervention_severity,0.138907,0.002511,0.136396,0.141418,10,10
human_motion_shift,counterfactual_boundary_learning_filter_v5_minus_unfiltered_policy,filter_dependence,0.234879,0.004089,0.230790,0.238968,10,10
human_motion_shift,counterfactual_boundary_learning_filter_v5_minus_unfiltered_policy,boundary_f1,0.811902,0.013547,0.798355,0.825449,10,10
human_motion_shift,counterfactual_boundary_learning_filter_v5_minus_unfiltered_policy,boundary_ece,-0.460499,0.016468,-0.476967,-0.444031,0,10
human_motion_shift,counterfactual_boundary_learning_filter_v5_minus_unfiltered_policy,transfer_violation,-0.192188,0.020442,-0.212630,-0.171745,0,10
human_motion_shift,counterfactual_boundary_learning_filter_v5_minus_unfiltered_policy,recovery_success,0.381771,0.018009,0.363762,0.399780,10,10
human_motion_shift,counterfactual_boundary_learning_filter_v5_minus_unfiltered_policy,robust_utility,0.459976,0.026878,0.433098,0.486855,10,10
human_motion_shift,counterfactual_boundary_learning_filter_v5_minus_unfiltered_policy,mechanism_utility,0.012675,0.021658,-0.008983,0.034334,5,10
human_motion_shift,counterfactual_boundary_learning_filter_v5_minus_unfiltered_policy,action_regret,-0.179595,0.006637,-0.186231,-0.172958,0,10
human_motion_shift,counterfactual_boundary_learning_filter_v5_minus_action_clipping_filter,task_success,0.175000,0.027316,0.147684,0.202316,10,10
human_motion_shift,counterfactual_boundary_learning_filter_v5_minus_action_clipping_filter,deployed_violation,-0.114062,0.028731,-0.142794,-0.085331,0,10
human_motion_shift,counterfactual_boundary_learning_filter_v5_minus_action_clipping_filter,unshielded_violation,-0.051041,0.015727,-0.066768,-0.035315,0,10
human_motion_shift,counterfactual_boundary_learning_filter_v5_minus_action_clipping_filter,intervention_rate,-0.014063,0.017017,-0.031080,0.002955,3,10
human_motion_shift,counterfactual_boundary_learning_filter_v5_minus_action_clipping_filter,intervention_severity,-0.089554,0.002950,-0.092504,-0.086603,0,10
human_motion_shift,counterfactual_boundary_learning_filter_v5_minus_action_clipping_filter,filter_dependence,-0.496076,0.010353,-0.506429,-0.485723,0,10
human_motion_shift,counterfactual_boundary_learning_filter_v5_minus_action_clipping_filter,boundary_f1,0.002097,0.011482,-0.009384,0.013579,3,10
human_motion_shift,counterfactual_boundary_learning_filter_v5_minus_action_clipping_filter,boundary_ece,-0.056483,0.014696,-0.071178,-0.041787,0,10
human_motion_shift,counterfactual_boundary_learning_filter_v5_minus_action_clipping_filter,transfer_violation,-0.220313,0.019131,-0.239444,-0.201181,0,10
human_motion_shift,counterfactual_boundary_learning_filter_v5_minus_action_clipping_filter,recovery_success,0.048438,0.023724,0.024713,0.072162,9,10
human_motion_shift,counterfactual_boundary_learning_filter_v5_minus_action_clipping_filter,robust_utility,0.384318,0.038207,0.346110,0.422525,10,10
human_motion_shift,counterfactual_boundary_learning_filter_v5_minus_action_clipping_filter,mechanism_utility,0.325996,0.017533,0.308464,0.343529,10,10
human_motion_shift,counterfactual_boundary_learning_filter_v5_minus_action_clipping_filter,action_regret,-0.191149,0.011761,-0.202909,-0.179388,0,10
human_motion_shift,counterfactual_boundary_learning_filter_v5_minus_geometric_projection_filter,task_success,0.100000,0.025181,0.074820,0.125181,10,10
human_motion_shift,counterfactual_boundary_learning_filter_v5_minus_geometric_projection_filter,deployed_violation,-0.134896,0.027537,-0.162433,-0.107359,0,10
human_motion_shift,counterfactual_boundary_learning_filter_v5_minus_geometric_projection_filter,unshielded_violation,-0.047396,0.011021,-0.058417,-0.036375,0,10
human_motion_shift,counterfactual_boundary_learning_filter_v5_minus_geometric_projection_filter,intervention_rate,0.238021,0.033825,0.204196,0.271845,10,10
human_motion_shift,counterfactual_boundary_learning_filter_v5_minus_geometric_projection_filter,intervention_severity,0.001223,0.006147,-0.004924,0.007370,5,10
human_motion_shift,counterfactual_boundary_learning_filter_v5_minus_geometric_projection_filter,filter_dependence,-0.273564,0.020433,-0.293996,-0.253131,0,10
human_motion_shift,counterfactual_boundary_learning_filter_v5_minus_geometric_projection_filter,boundary_f1,0.111362,0.021320,0.090042,0.132682,10,10
human_motion_shift,counterfactual_boundary_learning_filter_v5_minus_geometric_projection_filter,boundary_ece,-0.144041,0.017580,-0.161622,-0.126461,0,10
human_motion_shift,counterfactual_boundary_learning_filter_v5_minus_geometric_projection_filter,transfer_violation,-0.207813,0.022799,-0.230611,-0.185014,0,10
human_motion_shift,counterfactual_boundary_learning_filter_v5_minus_geometric_projection_filter,recovery_success,0.090625,0.025564,0.065061,0.116189,10,10
human_motion_shift,counterfactual_boundary_learning_filter_v5_minus_geometric_projection_filter,robust_utility,0.249015,0.031568,0.217447,0.280583,10,10
human_motion_shift,counterfactual_boundary_learning_filter_v5_minus_geometric_projection_filter,mechanism_utility,0.218924,0.014857,0.204067,0.233781,10,10
human_motion_shift,counterfactual_boundary_learning_filter_v5_minus_geometric_projection_filter,action_regret,-0.136574,0.009074,-0.145648,-0.127500,0,10
human_motion_shift,counterfactual_boundary_learning_filter_v5_minus_cbf_safety_filter,task_success,-0.161979,0.041437,-0.203416,-0.120542,0,10
human_motion_shift,counterfactual_boundary_learning_filter_v5_minus_cbf_safety_filter,deployed_violation,0.158333,0.038594,0.119739,0.196928,10,10
human_motion_shift,counterfactual_boundary_learning_filter_v5_minus_cbf_safety_filter,unshielded_violation,-0.048958,0.015682,-0.064641,-0.033276,0,10
human_motion_shift,counterfactual_boundary_learning_filter_v5_minus_cbf_safety_filter,intervention_rate,-0.051042,0.017799,-0.068840,-0.033243,0,10
human_motion_shift,counterfactual_boundary_learning_filter_v5_minus_cbf_safety_filter,intervention_severity,-0.107197,0.003470,-0.110667,-0.103727,0,10
human_motion_shift,counterfactual_boundary_learning_filter_v5_minus_cbf_safety_filter,filter_dependence,-0.596482,0.009018,-0.605500,-0.587465,0,10
human_motion_shift,counterfactual_boundary_learning_filter_v5_minus_cbf_safety_filter,boundary_f1,-0.014192,0.012978,-0.027170,-0.001214,3,10
human_motion_shift,counterfactual_boundary_learning_filter_v5_minus_cbf_safety_filter,boundary_ece,-0.090267,0.012907,-0.103174,-0.077360,0,10
human_motion_shift,counterfactual_boundary_learning_filter_v5_minus_cbf_safety_filter,transfer_violation,-0.197917,0.021841,-0.219758,-0.176075,0,10
human_motion_shift,counterfactual_boundary_learning_filter_v5_minus_cbf_safety_filter,recovery_success,-0.198958,0.043225,-0.242183,-0.155734,0,10
human_motion_shift,counterfactual_boundary_learning_filter_v5_minus_cbf_safety_filter,robust_utility,-0.111245,0.057110,-0.168354,-0.054135,1,10
human_motion_shift,counterfactual_boundary_learning_filter_v5_minus_cbf_safety_filter,mechanism_utility,0.340979,0.016813,0.324165,0.357792,10,10
human_motion_shift,counterfactual_boundary_learning_filter_v5_minus_cbf_safety_filter,action_regret,-0.045811,0.017048,-0.062858,-0.028763,0,10
human_motion_shift,counterfactual_boundary_learning_filter_v5_minus_robust_mpc_shield,task_success,-0.235938,0.053198,-0.289135,-0.182740,0,10
human_motion_shift,counterfactual_boundary_learning_filter_v5_minus_robust_mpc_shield,deployed_violation,0.204687,0.016252,0.188436,0.220939,10,10
human_motion_shift,counterfactual_boundary_learning_filter_v5_minus_robust_mpc_shield,unshielded_violation,-0.047396,0.012405,-0.059801,-0.034991,0,10
human_motion_shift,counterfactual_boundary_learning_filter_v5_minus_robust_mpc_shield,intervention_rate,-0.060417,0.016822,-0.077239,-0.043595,0,10
human_motion_shift,counterfactual_boundary_learning_filter_v5_minus_robust_mpc_shield,intervention_severity,-0.094120,0.002173,-0.096293,-0.091947,0,10
human_motion_shift,counterfactual_boundary_learning_filter_v5_minus_robust_mpc_shield,filter_dependence,-0.568699,0.007949,-0.576648,-0.560750,0,10
human_motion_shift,counterfactual_boundary_learning_filter_v5_minus_robust_mpc_shield,boundary_f1,-0.016964,0.011614,-0.028577,-0.005350,2,10
human_motion_shift,counterfactual_boundary_learning_filter_v5_minus_robust_mpc_shield,boundary_ece,-0.061680,0.019420,-0.081100,-0.042260,0,10
human_motion_shift,counterfactual_boundary_learning_filter_v5_minus_robust_mpc_shield,transfer_violation,-0.189063,0.022055,-0.211118,-0.167008,0,10
human_motion_shift,counterfactual_boundary_learning_filter_v5_minus_robust_mpc_shield,recovery_success,-0.242708,0.017230,-0.259939,-0.225478,0,10
human_motion_shift,counterfactual_boundary_learning_filter_v5_minus_robust_mpc_shield,robust_utility,-0.227611,0.057308,-0.284919,-0.170303,0,10
human_motion_shift,counterfactual_boundary_learning_filter_v5_minus_robust_mpc_shield,mechanism_utility,0.320230,0.016434,0.303797,0.336664,10,10
human_motion_shift,counterfactual_boundary_learning_filter_v5_minus_robust_mpc_shield,action_regret,-0.001298,0.012233,-0.013531,0.010934,5,10
human_motion_shift,counterfactual_boundary_learning_filter_v5_minus_conformal_uncertainty_shield,task_success,-0.079687,0.035299,-0.114986,-0.044389,2,10
human_motion_shift,counterfactual_boundary_learning_filter_v5_minus_conformal_uncertainty_shield,deployed_violation,0.130729,0.019034,0.111695,0.149763,10,10
human_motion_shift,counterfactual_boundary_learning_filter_v5_minus_conformal_uncertainty_shield,unshielded_violation,-0.040104,0.007767,-0.047871,-0.032337,0,10
human_motion_shift,counterfactual_boundary_learning_filter_v5_minus_conformal_uncertainty_shield,intervention_rate,-0.072917,0.016319,-0.089236,-0.056598,0,10
human_motion_shift,counterfactual_boundary_learning_filter_v5_minus_conformal_uncertainty_shield,intervention_severity,-0.164344,0.002367,-0.166711,-0.161977,0,10
human_motion_shift,counterfactual_boundary_learning_filter_v5_minus_conformal_uncertainty_shield,filter_dependence,-0.643476,0.007969,-0.651445,-0.635507,0,10
human_motion_shift,counterfactual_boundary_learning_filter_v5_minus_conformal_uncertainty_shield,boundary_f1,-0.026232,0.010624,-0.036856,-0.015608,1,10
human_motion_shift,counterfactual_boundary_learning_filter_v5_minus_conformal_uncertainty_shield,boundary_ece,-0.147497,0.013281,-0.160778,-0.134216,0,10
human_motion_shift,counterfactual_boundary_learning_filter_v5_minus_conformal_uncertainty_shield,transfer_violation,-0.183854,0.016036,-0.199891,-0.167818,0,10
human_motion_shift,counterfactual_boundary_learning_filter_v5_minus_conformal_uncertainty_shield,recovery_success,-0.159375,0.017695,-0.177069,-0.141680,0,10
human_motion_shift,counterfactual_boundary_learning_filter_v5_minus_conformal_uncertainty_shield,robust_utility,0.016201,0.036702,-0.020501,0.052903,4,10
human_motion_shift,counterfactual_boundary_learning_filter_v5_minus_conformal_uncertainty_shield,mechanism_utility,0.358282,0.006796,0.351486,0.365077,10,10
human_motion_shift,counterfactual_boundary_learning_filter_v5_minus_conformal_uncertainty_shield,action_regret,-0.082228,0.008553,-0.090781,-0.073675,0,10
human_motion_shift,counterfactual_boundary_learning_filter_v5_minus_recovery_policy_shield,task_success,-0.145312,0.027453,-0.172765,-0.117859,0,10
human_motion_shift,counterfactual_boundary_learning_filter_v5_minus_recovery_policy_shield,deployed_violation,0.085938,0.021695,0.064242,0.107633,10,10
human_motion_shift,counterfactual_boundary_learning_filter_v5_minus_recovery_policy_shield,unshielded_violation,-0.033854,0.013375,-0.047229,-0.020479,0,10
human_motion_shift,counterfactual_boundary_learning_filter_v5_minus_recovery_policy_shield,intervention_rate,0.008333,0.012193,-0.003860,0.020526,6,10
human_motion_shift,counterfactual_boundary_learning_filter_v5_minus_recovery_policy_shield,intervention_severity,-0.040862,0.002199,-0.043061,-0.038664,0,10
human_motion_shift,counterfactual_boundary_learning_filter_v5_minus_recovery_policy_shield,filter_dependence,-0.380284,0.004487,-0.384771,-0.375797,0,10
human_motion_shift,counterfactual_boundary_learning_filter_v5_minus_recovery_policy_shield,boundary_f1,0.002772,0.012365,-0.009593,0.015137,4,10
human_motion_shift,counterfactual_boundary_learning_filter_v5_minus_recovery_policy_shield,boundary_ece,-0.038089,0.021010,-0.059099,-0.017080,0,10
human_motion_shift,counterfactual_boundary_learning_filter_v5_minus_recovery_policy_shield,transfer_violation,-0.120313,0.027284,-0.147597,-0.093029,0,10
human_motion_shift,counterfactual_boundary_learning_filter_v5_minus_recovery_policy_shield,recovery_success,-0.098437,0.024606,-0.123044,-0.073831,0,10
human_motion_shift,counterfactual_boundary_learning_filter_v5_minus_recovery_policy_shield,robust_utility,-0.114861,0.036155,-0.151016,-0.078706,0,10
human_motion_shift,counterfactual_boundary_learning_filter_v5_minus_recovery_policy_shield,mechanism_utility,0.211165,0.014800,0.196365,0.225965,10,10
human_motion_shift,counterfactual_boundary_learning_filter_v5_minus_recovery_policy_shield,action_regret,-0.007627,0.010176,-0.017803,0.002549,4,10
human_motion_shift,counterfactual_boundary_learning_filter_v5_minus_shielded_behavior_cloning,task_success,0.148958,0.025061,0.123898,0.174019,10,10
human_motion_shift,counterfactual_boundary_learning_filter_v5_minus_shielded_behavior_cloning,deployed_violation,-0.227604,0.017619,-0.245223,-0.209985,0,10
human_motion_shift,counterfactual_boundary_learning_filter_v5_minus_shielded_behavior_cloning,unshielded_violation,-0.025000,0.014738,-0.039738,-0.010262,1,10
human_motion_shift,counterfactual_boundary_learning_filter_v5_minus_shielded_behavior_cloning,intervention_rate,0.194792,0.012002,0.182790,0.206793,10,10
human_motion_shift,counterfactual_boundary_learning_filter_v5_minus_shielded_behavior_cloning,intervention_severity,0.032195,0.001732,0.030463,0.033927,10,10
human_motion_shift,counterfactual_boundary_learning_filter_v5_minus_shielded_behavior_cloning,filter_dependence,-0.068505,0.004843,-0.073349,-0.063662,0,10
human_motion_shift,counterfactual_boundary_learning_filter_v5_minus_shielded_behavior_cloning,boundary_f1,0.089006,0.018158,0.070848,0.107164,10,10
human_motion_shift,counterfactual_boundary_learning_filter_v5_minus_shielded_behavior_cloning,boundary_ece,-0.086184,0.014073,-0.100257,-0.072111,0,10
human_motion_shift,counterfactual_boundary_learning_filter_v5_minus_shielded_behavior_cloning,transfer_violation,-0.138542,0.015608,-0.154150,-0.122933,0,10
human_motion_shift,counterfactual_boundary_learning_filter_v5_minus_shielded_behavior_cloning,recovery_success,0.190104,0.018150,0.171954,0.208254,10,10
human_motion_shift,counterfactual_boundary_learning_filter_v5_minus_shielded_behavior_cloning,robust_utility,0.305513,0.031304,0.274209,0.336817,10,10
human_motion_shift,counterfactual_boundary_learning_filter_v5_minus_shielded_behavior_cloning,mechanism_utility,0.097609,0.012977,0.084632,0.110586,10,10
human_motion_shift,counterfactual_boundary_learning_filter_v5_minus_shielded_behavior_cloning,action_regret,-0.128650,0.008566,-0.137216,-0.120084,0,10
human_motion_shift,counterfactual_boundary_learning_filter_v5_minus_lagrangian_safe_rl,task_success,0.112500,0.033347,0.079153,0.145847,10,10
human_motion_shift,counterfactual_boundary_learning_filter_v5_minus_lagrangian_safe_rl,deployed_violation,-0.203646,0.029838,-0.233484,-0.173808,0,10
human_motion_shift,counterfactual_boundary_learning_filter_v5_minus_lagrangian_safe_rl,unshielded_violation,-0.028125,0.012288,-0.040413,-0.015837,0,10
human_motion_shift,counterfactual_boundary_learning_filter_v5_minus_lagrangian_safe_rl,intervention_rate,0.233333,0.020348,0.212985,0.253682,10,10
human_motion_shift,counterfactual_boundary_learning_filter_v5_minus_lagrangian_safe_rl,intervention_severity,0.050473,0.003003,0.047470,0.053475,10,10
human_motion_shift,counterfactual_boundary_learning_filter_v5_minus_lagrangian_safe_rl,filter_dependence,-0.027643,0.007584,-0.035227,-0.020059,0,10
human_motion_shift,counterfactual_boundary_learning_filter_v5_minus_lagrangian_safe_rl,boundary_f1,0.104837,0.023049,0.081788,0.127886,10,10
human_motion_shift,counterfactual_boundary_learning_filter_v5_minus_lagrangian_safe_rl,boundary_ece,-0.111422,0.018077,-0.129499,-0.093345,0,10
human_motion_shift,counterfactual_boundary_learning_filter_v5_minus_lagrangian_safe_rl,transfer_violation,-0.124479,0.015099,-0.139579,-0.109380,0,10
human_motion_shift,counterfactual_boundary_learning_filter_v5_minus_lagrangian_safe_rl,recovery_success,0.169792,0.027986,0.141806,0.197778,10,10
human_motion_shift,counterfactual_boundary_learning_filter_v5_minus_lagrangian_safe_rl,robust_utility,0.238899,0.042311,0.196588,0.281210,10,10
human_motion_shift,counterfactual_boundary_learning_filter_v5_minus_lagrangian_safe_rl,mechanism_utility,0.076328,0.013499,0.062829,0.089828,10,10
human_motion_shift,counterfactual_boundary_learning_filter_v5_minus_lagrangian_safe_rl,action_regret,-0.102699,0.012648,-0.115347,-0.090051,0,10
human_motion_shift,counterfactual_boundary_learning_filter_v5_minus_adversarial_safety_critic,task_success,0.126042,0.038702,0.087340,0.164744,10,10
human_motion_shift,counterfactual_boundary_learning_filter_v5_minus_adversarial_safety_critic,deployed_violation,-0.183333,0.023663,-0.206997,-0.159670,0,10
human_motion_shift,counterfactual_boundary_learning_filter_v5_minus_adversarial_safety_critic,unshielded_violation,-0.026042,0.011885,-0.037927,-0.014156,1,10
human_motion_shift,counterfactual_boundary_learning_filter_v5_minus_adversarial_safety_critic,intervention_rate,0.251042,0.030504,0.220538,0.281545,10,10
human_motion_shift,counterfactual_boundary_learning_filter_v5_minus_adversarial_safety_critic,intervention_severity,0.036034,0.004617,0.031417,0.040651,10,10
human_motion_shift,counterfactual_boundary_learning_filter_v5_minus_adversarial_safety_critic,filter_dependence,-0.033177,0.010786,-0.043963,-0.022391,0,10
human_motion_shift,counterfactual_boundary_learning_filter_v5_minus_adversarial_safety_critic,boundary_f1,0.112955,0.019896,0.093059,0.132851,10,10
human_motion_shift,counterfactual_boundary_learning_filter_v5_minus_adversarial_safety_critic,boundary_ece,-0.153029,0.015141,-0.168171,-0.137888,0,10
human_motion_shift,counterfactual_boundary_learning_filter_v5_minus_adversarial_safety_critic,transfer_violation,-0.104688,0.019692,-0.124380,-0.084996,0,10
human_motion_shift,counterfactual_boundary_learning_filter_v5_minus_adversarial_safety_critic,recovery_success,0.161979,0.016065,0.145914,0.178045,10,10
human_motion_shift,counterfactual_boundary_learning_filter_v5_minus_adversarial_safety_critic,robust_utility,0.244813,0.045718,0.199095,0.290531,10,10
human_motion_shift,counterfactual_boundary_learning_filter_v5_minus_adversarial_safety_critic,mechanism_utility,0.072471,0.013371,0.059099,0.085842,10,10
human_motion_shift,counterfactual_boundary_learning_filter_v5_minus_adversarial_safety_critic,action_regret,-0.098970,0.011359,-0.110329,-0.087611,0,10
human_motion_shift,counterfactual_boundary_learning_filter_v5_minus_safety_filter_distillation,task_success,0.051563,0.027028,0.024535,0.078590,9,10
human_motion_shift,counterfactual_boundary_learning_filter_v5_minus_safety_filter_distillation,deployed_violation,-0.064062,0.032852,-0.096915,-0.031210,2,10
human_motion_shift,counterfactual_boundary_learning_filter_v5_minus_safety_filter_distillation,unshielded_violation,-0.016666,0.010953,-0.027619,-0.005714,1,10
human_motion_shift,counterfactual_boundary_learning_filter_v5_minus_safety_filter_distillation,intervention_rate,-0.010938,0.014632,-0.025570,0.003694,3,10
human_motion_shift,counterfactual_boundary_learning_filter_v5_minus_safety_filter_distillation,intervention_severity,0.009497,0.002403,0.007094,0.011900,10,10
human_motion_shift,counterfactual_boundary_learning_filter_v5_minus_safety_filter_distillation,filter_dependence,-0.070820,0.003986,-0.074806,-0.066835,0,10
human_motion_shift,counterfactual_boundary_learning_filter_v5_minus_safety_filter_distillation,boundary_f1,-0.005123,0.012683,-0.017805,0.007560,2,10
human_motion_shift,counterfactual_boundary_learning_filter_v5_minus_safety_filter_distillation,boundary_ece,-0.035880,0.009383,-0.045263,-0.026497,0,10
human_motion_shift,counterfactual_boundary_learning_filter_v5_minus_safety_filter_distillation,transfer_violation,-0.067709,0.023673,-0.091382,-0.044035,0,10
human_motion_shift,counterfactual_boundary_learning_filter_v5_minus_safety_filter_distillation,recovery_success,0.043750,0.027443,0.016308,0.071193,8,10
human_motion_shift,counterfactual_boundary_learning_filter_v5_minus_safety_filter_distillation,robust_utility,0.107189,0.042996,0.064193,0.150186,9,10
human_motion_shift,counterfactual_boundary_learning_filter_v5_minus_safety_filter_distillation,mechanism_utility,0.065177,0.013709,0.051468,0.078886,10,10
human_motion_shift,counterfactual_boundary_learning_filter_v5_minus_safety_filter_distillation,action_regret,-0.051201,0.014001,-0.065202,-0.037201,0,10
human_motion_shift,counterfactual_boundary_learning_filter_v5_minus_boundary_learning_filter_v4,task_success,0.084375,0.037824,0.046551,0.122199,10,10
human_motion_shift,counterfactual_boundary_learning_filter_v5_minus_boundary_learning_filter_v4,deployed_violation,-0.096354,0.028803,-0.125157,-0.067551,0,10
human_motion_shift,counterfactual_boundary_learning_filter_v5_minus_boundary_learning_filter_v4,unshielded_violation,-0.011979,0.023331,-0.035310,0.011352,4,10
human_motion_shift,counterfactual_boundary_learning_filter_v5_minus_boundary_learning_filter_v4,intervention_rate,0.032812,0.015818,0.016994,0.048631,8,10
human_motion_shift,counterfactual_boundary_learning_filter_v5_minus_boundary_learning_filter_v4,intervention_severity,0.012992,0.002525,0.010467,0.015517,10,10
human_motion_shift,counterfactual_boundary_learning_filter_v5_minus_boundary_learning_filter_v4,filter_dependence,-0.048767,0.004161,-0.052928,-0.044606,0,10
human_motion_shift,counterfactual_boundary_learning_filter_v5_minus_boundary_learning_filter_v4,boundary_f1,0.006194,0.012301,-0.006106,0.018495,4,10
human_motion_shift,counterfactual_boundary_learning_filter_v5_minus_boundary_learning_filter_v4,boundary_ece,-0.028471,0.019386,-0.047857,-0.009085,3,10
human_motion_shift,counterfactual_boundary_learning_filter_v5_minus_boundary_learning_filter_v4,transfer_violation,-0.049479,0.024738,-0.074217,-0.024742,1,10
human_motion_shift,counterfactual_boundary_learning_filter_v5_minus_boundary_learning_filter_v4,recovery_success,0.076563,0.031595,0.044968,0.108157,10,10
human_motion_shift,counterfactual_boundary_learning_filter_v5_minus_boundary_learning_filter_v4,robust_utility,0.155072,0.039778,0.115294,0.194850,10,10
human_motion_shift,counterfactual_boundary_learning_filter_v5_minus_boundary_learning_filter_v4,mechanism_utility,0.047435,0.024837,0.022597,0.072272,9,10
human_motion_shift,counterfactual_boundary_learning_filter_v5_minus_boundary_learning_filter_v4,action_regret,-0.058822,0.010514,-0.069335,-0.048308,0,10
low_signal_high_risk_shift,counterfactual_boundary_learning_filter_v5_minus_unfiltered_policy,task_success,0.176563,0.012863,0.163699,0.189426,10,10
low_signal_high_risk_shift,counterfactual_boundary_learning_filter_v5_minus_unfiltered_policy,deployed_violation,-0.425000,0.022633,-0.447633,-0.402367,0,10
low_signal_high_risk_shift,counterfactual_boundary_learning_filter_v5_minus_unfiltered_policy,unshielded_violation,-0.019271,0.013358,-0.032628,-0.005913,1,10
low_signal_high_risk_shift,counterfactual_boundary_learning_filter_v5_minus_unfiltered_policy,intervention_rate,0.994792,0.003403,0.991389,0.998195,10,10
low_signal_high_risk_shift,counterfactual_boundary_learning_filter_v5_minus_unfiltered_policy,intervention_severity,0.163477,0.000452,0.163025,0.163930,10,10
low_signal_high_risk_shift,counterfactual_boundary_learning_filter_v5_minus_unfiltered_policy,filter_dependence,0.266992,0.001502,0.265490,0.268494,10,10
low_signal_high_risk_shift,counterfactual_boundary_learning_filter_v5_minus_unfiltered_policy,boundary_f1,0.923302,0.007510,0.915791,0.930812,10,10
low_signal_high_risk_shift,counterfactual_boundary_learning_filter_v5_minus_unfiltered_policy,boundary_ece,-0.550115,0.007935,-0.558050,-0.542180,0,10
low_signal_high_risk_shift,counterfactual_boundary_learning_filter_v5_minus_unfiltered_policy,transfer_violation,-0.158333,0.014453,-0.172786,-0.143880,0,10
low_signal_high_risk_shift,counterfactual_boundary_learning_filter_v5_minus_unfiltered_policy,recovery_success,0.411979,0.015701,0.396278,0.427680,10,10
low_signal_high_risk_shift,counterfactual_boundary_learning_filter_v5_minus_unfiltered_policy,robust_utility,0.356987,0.021432,0.335555,0.378419,10,10
low_signal_high_risk_shift,counterfactual_boundary_learning_filter_v5_minus_unfiltered_policy,mechanism_utility,-0.040797,0.014083,-0.054880,-0.026715,0,10
low_signal_high_risk_shift,counterfactual_boundary_learning_filter_v5_minus_unfiltered_policy,action_regret,-0.153048,0.008218,-0.161266,-0.144829,0,10
low_signal_high_risk_shift,counterfactual_boundary_learning_filter_v5_minus_action_clipping_filter,task_success,0.105208,0.025636,0.079572,0.130845,10,10
low_signal_high_risk_shift,counterfactual_boundary_learning_filter_v5_minus_action_clipping_filter,deployed_violation,-0.125000,0.031593,-0.156593,-0.093407,0,10
low_signal_high_risk_shift,counterfactual_boundary_learning_filter_v5_minus_action_clipping_filter,unshielded_violation,-0.023958,0.013196,-0.037155,-0.010762,1,10
low_signal_high_risk_shift,counterfactual_boundary_learning_filter_v5_minus_action_clipping_filter,intervention_rate,0.018750,0.008363,0.010387,0.027113,9,10
low_signal_high_risk_shift,counterfactual_boundary_learning_filter_v5_minus_action_clipping_filter,intervention_severity,-0.089136,0.002211,-0.091347,-0.086924,0,10
low_signal_high_risk_shift,counterfactual_boundary_learning_filter_v5_minus_action_clipping_filter,filter_dependence,-0.538273,0.006793,-0.545066,-0.531480,0,10
low_signal_high_risk_shift,counterfactual_boundary_learning_filter_v5_minus_action_clipping_filter,boundary_f1,0.005339,0.006039,-0.000700,0.011378,6,10
low_signal_high_risk_shift,counterfactual_boundary_learning_filter_v5_minus_action_clipping_filter,boundary_ece,-0.064330,0.019615,-0.083946,-0.044715,0,10
low_signal_high_risk_shift,counterfactual_boundary_learning_filter_v5_minus_action_clipping_filter,transfer_violation,-0.159896,0.014600,-0.174496,-0.145295,0,10
low_signal_high_risk_shift,counterfactual_boundary_learning_filter_v5_minus_action_clipping_filter,recovery_success,0.091146,0.028561,0.062585,0.119707,10,10
low_signal_high_risk_shift,counterfactual_boundary_learning_filter_v5_minus_action_clipping_filter,robust_utility,0.327481,0.041689,0.285792,0.369170,10,10
low_signal_high_risk_shift,counterfactual_boundary_learning_filter_v5_minus_action_clipping_filter,mechanism_utility,0.294935,0.015341,0.279594,0.310276,10,10
low_signal_high_risk_shift,counterfactual_boundary_learning_filter_v5_minus_action_clipping_filter,action_regret,-0.185679,0.013558,-0.199237,-0.172121,0,10
low_signal_high_risk_shift,counterfactual_boundary_learning_filter_v5_minus_geometric_projection_filter,task_success,0.041667,0.021305,0.020362,0.062971,9,10
low_signal_high_risk_shift,counterfactual_boundary_learning_filter_v5_minus_geometric_projection_filter,deployed_violation,-0.050000,0.023634,-0.073634,-0.026366,0,10
low_signal_high_risk_shift,counterfactual_boundary_learning_filter_v5_minus_geometric_projection_filter,unshielded_violation,-0.022396,0.012553,-0.034949,-0.009842,1,10
low_signal_high_risk_shift,counterfactual_boundary_learning_filter_v5_minus_geometric_projection_filter,intervention_rate,0.093229,0.010483,0.082746,0.103712,10,10
low_signal_high_risk_shift,counterfactual_boundary_learning_filter_v5_minus_geometric_projection_filter,intervention_severity,-0.032232,0.002629,-0.034861,-0.029602,0,10
low_signal_high_risk_shift,counterfactual_boundary_learning_filter_v5_minus_geometric_projection_filter,filter_dependence,-0.441539,0.008649,-0.450188,-0.432891,0,10
low_signal_high_risk_shift,counterfactual_boundary_learning_filter_v5_minus_geometric_projection_filter,boundary_f1,0.042785,0.005526,0.037259,0.048311,10,10
low_signal_high_risk_shift,counterfactual_boundary_learning_filter_v5_minus_geometric_projection_filter,boundary_ece,-0.135301,0.013639,-0.148940,-0.121662,0,10
low_signal_high_risk_shift,counterfactual_boundary_learning_filter_v5_minus_geometric_projection_filter,transfer_violation,-0.154687,0.009985,-0.164672,-0.144703,0,10
low_signal_high_risk_shift,counterfactual_boundary_learning_filter_v5_minus_geometric_projection_filter,recovery_success,0.029167,0.024215,0.004952,0.053381,7,10
low_signal_high_risk_shift,counterfactual_boundary_learning_filter_v5_minus_geometric_projection_filter,robust_utility,0.178351,0.033916,0.144435,0.212267,10,10
low_signal_high_risk_shift,counterfactual_boundary_learning_filter_v5_minus_geometric_projection_filter,mechanism_utility,0.241535,0.011283,0.230252,0.252818,10,10
low_signal_high_risk_shift,counterfactual_boundary_learning_filter_v5_minus_geometric_projection_filter,action_regret,-0.123920,0.010922,-0.134842,-0.112998,0,10
low_signal_high_risk_shift,counterfactual_boundary_learning_filter_v5_minus_cbf_safety_filter,task_success,-0.121875,0.029161,-0.151036,-0.092714,0,10
low_signal_high_risk_shift,counterfactual_boundary_learning_filter_v5_minus_cbf_safety_filter,deployed_violation,0.153646,0.028683,0.124963,0.182328,10,10
low_signal_high_risk_shift,counterfactual_boundary_learning_filter_v5_minus_cbf_safety_filter,unshielded_violation,-0.016146,0.009061,-0.025206,-0.007085,1,10
low_signal_high_risk_shift,counterfactual_boundary_learning_filter_v5_minus_cbf_safety_filter,intervention_rate,0.001042,0.006598,-0.005557,0.007640,4,10
low_signal_high_risk_shift,counterfactual_boundary_learning_filter_v5_minus_cbf_safety_filter,intervention_severity,-0.110529,0.001186,-0.111715,-0.109343,0,10
low_signal_high_risk_shift,counterfactual_boundary_learning_filter_v5_minus_cbf_safety_filter,filter_dependence,-0.628358,0.005929,-0.634287,-0.622429,0,10
low_signal_high_risk_shift,counterfactual_boundary_learning_filter_v5_minus_cbf_safety_filter,boundary_f1,0.000626,0.004516,-0.003890,0.005142,3,10
low_signal_high_risk_shift,counterfactual_boundary_learning_filter_v5_minus_cbf_safety_filter,boundary_ece,-0.090795,0.011503,-0.102298,-0.079292,0,10
low_signal_high_risk_shift,counterfactual_boundary_learning_filter_v5_minus_cbf_safety_filter,transfer_violation,-0.153125,0.014210,-0.167335,-0.138914,0,10
low_signal_high_risk_shift,counterfactual_boundary_learning_filter_v5_minus_cbf_safety_filter,recovery_success,-0.163021,0.031040,-0.194061,-0.131981,0,10
low_signal_high_risk_shift,counterfactual_boundary_learning_filter_v5_minus_cbf_safety_filter,robust_utility,-0.059587,0.041734,-0.101320,-0.017853,1,10
low_signal_high_risk_shift,counterfactual_boundary_learning_filter_v5_minus_cbf_safety_filter,mechanism_utility,0.307880,0.009303,0.298576,0.317183,10,10
low_signal_high_risk_shift,counterfactual_boundary_learning_filter_v5_minus_cbf_safety_filter,action_regret,-0.059756,0.012603,-0.072359,-0.047154,0,10
low_signal_high_risk_shift,counterfactual_boundary_learning_filter_v5_minus_robust_mpc_shield,task_success,-0.222396,0.024822,-0.247217,-0.197574,0,10
low_signal_high_risk_shift,counterfactual_boundary_learning_filter_v5_minus_robust_mpc_shield,deployed_violation,0.208854,0.028325,0.180529,0.237179,10,10
low_signal_high_risk_shift,counterfactual_boundary_learning_filter_v5_minus_robust_mpc_shield,unshielded_violation,-0.015625,0.010321,-0.025946,-0.005304,2,10
low_signal_high_risk_shift,counterfactual_boundary_learning_filter_v5_minus_robust_mpc_shield,intervention_rate,-0.003646,0.003420,-0.007066,-0.000226,1,10
low_signal_high_risk_shift,counterfactual_boundary_learning_filter_v5_minus_robust_mpc_shield,intervention_severity,-0.094318,0.001172,-0.095490,-0.093145,0,10
low_signal_high_risk_shift,counterfactual_boundary_learning_filter_v5_minus_robust_mpc_shield,filter_dependence,-0.594618,0.002392,-0.597010,-0.592226,0,10
low_signal_high_risk_shift,counterfactual_boundary_learning_filter_v5_minus_robust_mpc_shield,boundary_f1,-0.002695,0.002892,-0.005587,0.000197,2,10
low_signal_high_risk_shift,counterfactual_boundary_learning_filter_v5_minus_robust_mpc_shield,boundary_ece,-0.053970,0.013116,-0.067086,-0.040854,0,10
low_signal_high_risk_shift,counterfactual_boundary_learning_filter_v5_minus_robust_mpc_shield,transfer_violation,-0.143229,0.010461,-0.153690,-0.132769,0,10
low_signal_high_risk_shift,counterfactual_boundary_learning_filter_v5_minus_robust_mpc_shield,recovery_success,-0.215625,0.030971,-0.246596,-0.184654,0,10
low_signal_high_risk_shift,counterfactual_boundary_learning_filter_v5_minus_robust_mpc_shield,robust_utility,-0.211046,0.033916,-0.244962,-0.177130,0,10
low_signal_high_risk_shift,counterfactual_boundary_learning_filter_v5_minus_robust_mpc_shield,mechanism_utility,0.284269,0.010683,0.273586,0.294952,10,10
low_signal_high_risk_shift,counterfactual_boundary_learning_filter_v5_minus_robust_mpc_shield,action_regret,-0.005819,0.011194,-0.017013,0.005375,5,10
low_signal_high_risk_shift,counterfactual_boundary_learning_filter_v5_minus_conformal_uncertainty_shield,task_success,-0.083333,0.020530,-0.103863,-0.062803,0,10
low_signal_high_risk_shift,counterfactual_boundary_learning_filter_v5_minus_conformal_uncertainty_shield,deployed_violation,0.124479,0.022849,0.101630,0.147328,10,10
low_signal_high_risk_shift,counterfactual_boundary_learning_filter_v5_minus_conformal_uncertainty_shield,unshielded_violation,-0.007292,0.009406,-0.016697,0.002114,2,10
low_signal_high_risk_shift,counterfactual_boundary_learning_filter_v5_minus_conformal_uncertainty_shield,intervention_rate,-0.005208,0.003403,-0.008611,-0.001805,0,10
low_signal_high_risk_shift,counterfactual_boundary_learning_filter_v5_minus_conformal_uncertainty_shield,intervention_severity,-0.171947,0.000850,-0.172797,-0.171097,0,10
low_signal_high_risk_shift,counterfactual_boundary_learning_filter_v5_minus_conformal_uncertainty_shield,filter_dependence,-0.662844,0.002424,-0.665268,-0.660420,0,10
low_signal_high_risk_shift,counterfactual_boundary_learning_filter_v5_minus_conformal_uncertainty_shield,boundary_f1,-0.002473,0.002280,-0.004753,-0.000192,1,10
low_signal_high_risk_shift,counterfactual_boundary_learning_filter_v5_minus_conformal_uncertainty_shield,boundary_ece,-0.143789,0.007648,-0.151437,-0.136141,0,10
low_signal_high_risk_shift,counterfactual_boundary_learning_filter_v5_minus_conformal_uncertainty_shield,transfer_violation,-0.139583,0.012895,-0.152478,-0.126688,0,10
low_signal_high_risk_shift,counterfactual_boundary_learning_filter_v5_minus_conformal_uncertainty_shield,recovery_success,-0.128125,0.021478,-0.149603,-0.106647,0,10
low_signal_high_risk_shift,counterfactual_boundary_learning_filter_v5_minus_conformal_uncertainty_shield,robust_utility,0.022438,0.028265,-0.005827,0.050703,7,10
low_signal_high_risk_shift,counterfactual_boundary_learning_filter_v5_minus_conformal_uncertainty_shield,mechanism_utility,0.320832,0.010228,0.310604,0.331059,10,10
low_signal_high_risk_shift,counterfactual_boundary_learning_filter_v5_minus_conformal_uncertainty_shield,action_regret,-0.087192,0.009170,-0.096362,-0.078022,0,10
low_signal_high_risk_shift,counterfactual_boundary_learning_filter_v5_minus_recovery_policy_shield,task_success,-0.138541,0.017027,-0.155569,-0.121514,0,10
low_signal_high_risk_shift,counterfactual_boundary_learning_filter_v5_minus_recovery_policy_shield,deployed_violation,0.100521,0.024634,0.075886,0.125155,10,10
low_signal_high_risk_shift,counterfactual_boundary_learning_filter_v5_minus_recovery_policy_shield,unshielded_violation,-0.016666,0.010739,-0.027405,-0.005928,1,10
low_signal_high_risk_shift,counterfactual_boundary_learning_filter_v5_minus_recovery_policy_shield,intervention_rate,0.018229,0.008230,0.009999,0.026459,9,10
low_signal_high_risk_shift,counterfactual_boundary_learning_filter_v5_minus_recovery_policy_shield,intervention_severity,-0.043288,0.001558,-0.044846,-0.041730,0,10
low_signal_high_risk_shift,counterfactual_boundary_learning_filter_v5_minus_recovery_policy_shield,filter_dependence,-0.425717,0.004113,-0.429830,-0.421605,0,10
low_signal_high_risk_shift,counterfactual_boundary_learning_filter_v5_minus_recovery_policy_shield,boundary_f1,0.007800,0.004403,0.003398,0.012203,9,10
low_signal_high_risk_shift,counterfactual_boundary_learning_filter_v5_minus_recovery_policy_shield,boundary_ece,-0.030678,0.012703,-0.043381,-0.017975,1,10
low_signal_high_risk_shift,counterfactual_boundary_learning_filter_v5_minus_recovery_policy_shield,transfer_violation,-0.100000,0.014660,-0.114660,-0.085340,0,10
low_signal_high_risk_shift,counterfactual_boundary_learning_filter_v5_minus_recovery_policy_shield,recovery_success,-0.110417,0.028865,-0.139282,-0.081551,0,10
low_signal_high_risk_shift,counterfactual_boundary_learning_filter_v5_minus_recovery_policy_shield,robust_utility,-0.107327,0.014829,-0.122156,-0.092498,0,10
low_signal_high_risk_shift,counterfactual_boundary_learning_filter_v5_minus_recovery_policy_shield,mechanism_utility,0.204480,0.011450,0.193030,0.215930,10,10
low_signal_high_risk_shift,counterfactual_boundary_learning_filter_v5_minus_recovery_policy_shield,action_regret,-0.010203,0.006387,-0.016590,-0.003816,2,10
low_signal_high_risk_shift,counterfactual_boundary_learning_filter_v5_minus_shielded_behavior_cloning,task_success,0.096354,0.017893,0.078461,0.114247,10,10
low_signal_high_risk_shift,counterfactual_boundary_learning_filter_v5_minus_shielded_behavior_cloning,deployed_violation,-0.202083,0.033229,-0.235312,-0.168855,0,10
low_signal_high_risk_shift,counterfactual_boundary_learning_filter_v5_minus_shielded_behavior_cloning,unshielded_violation,-0.010417,0.009744,-0.020161,-0.000672,2,10
low_signal_high_risk_shift,counterfactual_boundary_learning_filter_v5_minus_shielded_behavior_cloning,intervention_rate,0.079167,0.014340,0.064826,0.093507,10,10
low_signal_high_risk_shift,counterfactual_boundary_learning_filter_v5_minus_shielded_behavior_cloning,intervention_severity,0.018066,0.001953,0.016113,0.020020,10,10
low_signal_high_risk_shift,counterfactual_boundary_learning_filter_v5_minus_shielded_behavior_cloning,filter_dependence,-0.136874,0.006374,-0.143248,-0.130500,0,10
low_signal_high_risk_shift,counterfactual_boundary_learning_filter_v5_minus_shielded_behavior_cloning,boundary_f1,0.034684,0.008568,0.026117,0.043252,10,10
low_signal_high_risk_shift,counterfactual_boundary_learning_filter_v5_minus_shielded_behavior_cloning,boundary_ece,-0.073579,0.012386,-0.085965,-0.061192,0,10
low_signal_high_risk_shift,counterfactual_boundary_learning_filter_v5_minus_shielded_behavior_cloning,transfer_violation,-0.120833,0.017404,-0.138237,-0.103429,0,10
low_signal_high_risk_shift,counterfactual_boundary_learning_filter_v5_minus_shielded_behavior_cloning,recovery_success,0.176563,0.032654,0.143908,0.209217,10,10
low_signal_high_risk_shift,counterfactual_boundary_learning_filter_v5_minus_shielded_behavior_cloning,robust_utility,0.252816,0.033738,0.219078,0.286554,10,10
low_signal_high_risk_shift,counterfactual_boundary_learning_filter_v5_minus_shielded_behavior_cloning,mechanism_utility,0.103392,0.007882,0.095510,0.111274,10,10
low_signal_high_risk_shift,counterfactual_boundary_learning_filter_v5_minus_shielded_behavior_cloning,action_regret,-0.120710,0.012489,-0.133200,-0.108221,0,10
low_signal_high_risk_shift,counterfactual_boundary_learning_filter_v5_minus_lagrangian_safe_rl,task_success,0.073438,0.019156,0.054282,0.092593,10,10
low_signal_high_risk_shift,counterfactual_boundary_learning_filter_v5_minus_lagrangian_safe_rl,deployed_violation,-0.168229,0.024634,-0.192864,-0.143595,0,10
low_signal_high_risk_shift,counterfactual_boundary_learning_filter_v5_minus_lagrangian_safe_rl,unshielded_violation,-0.007812,0.011910,-0.019722,0.004097,3,10
low_signal_high_risk_shift,counterfactual_boundary_learning_filter_v5_minus_lagrangian_safe_rl,intervention_rate,0.106771,0.011910,0.094861,0.118681,10,10
low_signal_high_risk_shift,counterfactual_boundary_learning_filter_v5_minus_lagrangian_safe_rl,intervention_severity,0.040808,0.001645,0.039163,0.042453,10,10
low_signal_high_risk_shift,counterfactual_boundary_learning_filter_v5_minus_lagrangian_safe_rl,filter_dependence,-0.090687,0.004611,-0.095298,-0.086075,0,10
low_signal_high_risk_shift,counterfactual_boundary_learning_filter_v5_minus_lagrangian_safe_rl,boundary_f1,0.047294,0.006507,0.040787,0.053802,10,10
low_signal_high_risk_shift,counterfactual_boundary_learning_filter_v5_minus_lagrangian_safe_rl,boundary_ece,-0.113675,0.016812,-0.130487,-0.096863,0,10
low_signal_high_risk_shift,counterfactual_boundary_learning_filter_v5_minus_lagrangian_safe_rl,transfer_violation,-0.100000,0.014014,-0.114013,-0.085986,0,10
low_signal_high_risk_shift,counterfactual_boundary_learning_filter_v5_minus_lagrangian_safe_rl,recovery_success,0.154167,0.025336,0.128830,0.179503,10,10
low_signal_high_risk_shift,counterfactual_boundary_learning_filter_v5_minus_lagrangian_safe_rl,robust_utility,0.191581,0.033905,0.157676,0.225486,10,10
low_signal_high_risk_shift,counterfactual_boundary_learning_filter_v5_minus_lagrangian_safe_rl,mechanism_utility,0.071493,0.014412,0.057082,0.085905,10,10
low_signal_high_risk_shift,counterfactual_boundary_learning_filter_v5_minus_lagrangian_safe_rl,action_regret,-0.092858,0.011404,-0.104262,-0.081454,0,10
low_signal_high_risk_shift,counterfactual_boundary_learning_filter_v5_minus_adversarial_safety_critic,task_success,0.078125,0.016460,0.061665,0.094585,10,10
low_signal_high_risk_shift,counterfactual_boundary_learning_filter_v5_minus_adversarial_safety_critic,deployed_violation,-0.158854,0.035502,-0.194356,-0.123353,0,10
low_signal_high_risk_shift,counterfactual_boundary_learning_filter_v5_minus_adversarial_safety_critic,unshielded_violation,-0.007812,0.007338,-0.015150,-0.000475,2,10
low_signal_high_risk_shift,counterfactual_boundary_learning_filter_v5_minus_adversarial_safety_critic,intervention_rate,0.129688,0.014473,0.115215,0.144161,10,10
low_signal_high_risk_shift,counterfactual_boundary_learning_filter_v5_minus_adversarial_safety_critic,intervention_severity,0.020492,0.002679,0.017813,0.023171,10,10
low_signal_high_risk_shift,counterfactual_boundary_learning_filter_v5_minus_adversarial_safety_critic,filter_dependence,-0.098185,0.005871,-0.104056,-0.092314,0,10
low_signal_high_risk_shift,counterfactual_boundary_learning_filter_v5_minus_adversarial_safety_critic,boundary_f1,0.057386,0.009678,0.047708,0.067064,10,10
low_signal_high_risk_shift,counterfactual_boundary_learning_filter_v5_minus_adversarial_safety_critic,boundary_ece,-0.165240,0.017465,-0.182705,-0.147775,0,10
low_signal_high_risk_shift,counterfactual_boundary_learning_filter_v5_minus_adversarial_safety_critic,transfer_violation,-0.096875,0.010782,-0.107657,-0.086093,0,10
low_signal_high_risk_shift,counterfactual_boundary_learning_filter_v5_minus_adversarial_safety_critic,recovery_success,0.140625,0.030738,0.109887,0.171363,10,10
low_signal_high_risk_shift,counterfactual_boundary_learning_filter_v5_minus_adversarial_safety_critic,robust_utility,0.197350,0.035161,0.162190,0.232511,10,10
low_signal_high_risk_shift,counterfactual_boundary_learning_filter_v5_minus_adversarial_safety_critic,mechanism_utility,0.076767,0.009047,0.067720,0.085813,10,10
low_signal_high_risk_shift,counterfactual_boundary_learning_filter_v5_minus_adversarial_safety_critic,action_regret,-0.092152,0.013631,-0.105783,-0.078520,0,10
low_signal_high_risk_shift,counterfactual_boundary_learning_filter_v5_minus_safety_filter_distillation,task_success,0.036979,0.018226,0.018753,0.055205,8,10
low_signal_high_risk_shift,counterfactual_boundary_learning_filter_v5_minus_safety_filter_distillation,deployed_violation,-0.068750,0.034157,-0.102907,-0.034593,1,10
low_signal_high_risk_shift,counterfactual_boundary_learning_filter_v5_minus_safety_filter_distillation,unshielded_violation,-0.007292,0.009405,-0.016697,0.002114,3,10
low_signal_high_risk_shift,counterfactual_boundary_learning_filter_v5_minus_safety_filter_distillation,intervention_rate,0.003125,0.005529,-0.002404,0.008654,5,10
low_signal_high_risk_shift,counterfactual_boundary_learning_filter_v5_minus_safety_filter_distillation,intervention_severity,0.013367,0.000986,0.012381,0.014353,10,10
low_signal_high_risk_shift,counterfactual_boundary_learning_filter_v5_minus_safety_filter_distillation,filter_dependence,-0.075214,0.001740,-0.076954,-0.073475,0,10
low_signal_high_risk_shift,counterfactual_boundary_learning_filter_v5_minus_safety_filter_distillation,boundary_f1,0.001216,0.003886,-0.002670,0.005102,5,10
low_signal_high_risk_shift,counterfactual_boundary_learning_filter_v5_minus_safety_filter_distillation,boundary_ece,-0.034216,0.008822,-0.043038,-0.025395,0,10
low_signal_high_risk_shift,counterfactual_boundary_learning_filter_v5_minus_safety_filter_distillation,transfer_violation,-0.065104,0.013201,-0.078305,-0.051903,0,10
low_signal_high_risk_shift,counterfactual_boundary_learning_filter_v5_minus_safety_filter_distillation,recovery_success,0.059375,0.033313,0.026062,0.092687,9,10
low_signal_high_risk_shift,counterfactual_boundary_learning_filter_v5_minus_safety_filter_distillation,robust_utility,0.094856,0.037004,0.057852,0.131860,10,10
low_signal_high_risk_shift,counterfactual_boundary_learning_filter_v5_minus_safety_filter_distillation,mechanism_utility,0.055704,0.012289,0.043415,0.067993,10,10
low_signal_high_risk_shift,counterfactual_boundary_learning_filter_v5_minus_safety_filter_distillation,action_regret,-0.049615,0.013621,-0.063236,-0.035995,0,10
low_signal_high_risk_shift,counterfactual_boundary_learning_filter_v5_minus_boundary_learning_filter_v4,task_success,0.065104,0.017301,0.047803,0.082405,10,10
low_signal_high_risk_shift,counterfactual_boundary_learning_filter_v5_minus_boundary_learning_filter_v4,deployed_violation,-0.116146,0.029392,-0.145538,-0.086754,0,10
low_signal_high_risk_shift,counterfactual_boundary_learning_filter_v5_minus_boundary_learning_filter_v4,unshielded_violation,0.001563,0.008342,-0.006780,0.009905,6,10
low_signal_high_risk_shift,counterfactual_boundary_learning_filter_v5_minus_boundary_learning_filter_v4,intervention_rate,0.010417,0.007455,0.002962,0.017872,8,10
low_signal_high_risk_shift,counterfactual_boundary_learning_filter_v5_minus_boundary_learning_filter_v4,intervention_severity,0.012241,0.001306,0.010935,0.013547,10,10
low_signal_high_risk_shift,counterfactual_boundary_learning_filter_v5_minus_boundary_learning_filter_v4,filter_dependence,-0.063211,0.002378,-0.065589,-0.060834,0,10
low_signal_high_risk_shift,counterfactual_boundary_learning_filter_v5_minus_boundary_learning_filter_v4,boundary_f1,0.004927,0.004577,0.000350,0.009504,7,10
low_signal_high_risk_shift,counterfactual_boundary_learning_filter_v5_minus_boundary_learning_filter_v4,boundary_ece,-0.014406,0.009759,-0.024165,-0.004647,2,10
low_signal_high_risk_shift,counterfactual_boundary_learning_filter_v5_minus_boundary_learning_filter_v4,transfer_violation,-0.043750,0.019853,-0.063603,-0.023897,2,10
low_signal_high_risk_shift,counterfactual_boundary_learning_filter_v5_minus_boundary_learning_filter_v4,recovery_success,0.108854,0.030943,0.077911,0.139797,9,10
low_signal_high_risk_shift,counterfactual_boundary_learning_filter_v5_minus_boundary_learning_filter_v4,robust_utility,0.150772,0.030981,0.119791,0.181752,10,10
low_signal_high_risk_shift,counterfactual_boundary_learning_filter_v5_minus_boundary_learning_filter_v4,mechanism_utility,0.037800,0.006849,0.030951,0.044649,10,10
low_signal_high_risk_shift,counterfactual_boundary_learning_filter_v5_minus_boundary_learning_filter_v4,action_regret,-0.063169,0.011417,-0.074587,-0.051752,0,10
nominal_safety,counterfactual_boundary_learning_filter_v5_minus_unfiltered_policy,task_success,0.215625,0.019441,0.196185,0.235066,10,10
nominal_safety,counterfactual_boundary_learning_filter_v5_minus_unfiltered_policy,deployed_violation,-0.349479,0.018163,-0.367642,-0.331316,0,10
nominal_safety,counterfactual_boundary_learning_filter_v5_minus_unfiltered_policy,unshielded_violation,-0.075521,0.028112,-0.103633,-0.047409,0,10
nominal_safety,counterfactual_boundary_learning_filter_v5_minus_unfiltered_policy,intervention_rate,0.756250,0.014259,0.741991,0.770509,10,10
nominal_safety,counterfactual_boundary_learning_filter_v5_minus_unfiltered_policy,intervention_severity,0.109602,0.002111,0.107491,0.111713,10,10
nominal_safety,counterfactual_boundary_learning_filter_v5_minus_unfiltered_policy,filter_dependence,0.190838,0.003514,0.187324,0.194352,10,10
nominal_safety,counterfactual_boundary_learning_filter_v5_minus_unfiltered_policy,boundary_f1,0.725759,0.011426,0.714334,0.737185,10,10
nominal_safety,counterfactual_boundary_learning_filter_v5_minus_unfiltered_policy,boundary_ece,-0.382761,0.020027,-0.402788,-0.362734,0,10
nominal_safety,counterfactual_boundary_learning_filter_v5_minus_unfiltered_policy,transfer_violation,-0.240625,0.010952,-0.251577,-0.229673,0,10
nominal_safety,counterfactual_boundary_learning_filter_v5_minus_unfiltered_policy,recovery_success,0.316146,0.013271,0.302875,0.329417,10,10
nominal_safety,counterfactual_boundary_learning_filter_v5_minus_unfiltered_policy,robust_utility,0.380360,0.020175,0.360185,0.400535,10,10
nominal_safety,counterfactual_boundary_learning_filter_v5_minus_unfiltered_policy,mechanism_utility,0.076740,0.029106,0.047634,0.105845,10,10
nominal_safety,counterfactual_boundary_learning_filter_v5_minus_unfiltered_policy,action_regret,-0.155530,0.006060,-0.161590,-0.149469,0,10
nominal_safety,counterfactual_boundary_learning_filter_v5_minus_action_clipping_filter,task_success,0.136980,0.034267,0.102713,0.171246,10,10
nominal_safety,counterfactual_boundary_learning_filter_v5_minus_action_clipping_filter,deployed_violation,-0.047917,0.030199,-0.078115,-0.017718,3,10
nominal_safety,counterfactual_boundary_learning_filter_v5_minus_action_clipping_filter,unshielded_violation,-0.082292,0.025409,-0.107701,-0.056882,0,10
nominal_safety,counterfactual_boundary_learning_filter_v5_minus_action_clipping_filter,intervention_rate,-0.120312,0.022900,-0.143212,-0.097412,0,10
nominal_safety,counterfactual_boundary_learning_filter_v5_minus_action_clipping_filter,intervention_severity,-0.099108,0.004742,-0.103850,-0.094366,0,10
nominal_safety,counterfactual_boundary_learning_filter_v5_minus_action_clipping_filter,filter_dependence,-0.483187,0.017008,-0.500196,-0.466179,0,10
nominal_safety,counterfactual_boundary_learning_filter_v5_minus_action_clipping_filter,boundary_f1,-0.020749,0.018767,-0.039516,-0.001982,3,10
nominal_safety,counterfactual_boundary_learning_filter_v5_minus_action_clipping_filter,boundary_ece,-0.035903,0.015223,-0.051125,-0.020680,1,10
nominal_safety,counterfactual_boundary_learning_filter_v5_minus_action_clipping_filter,transfer_violation,-0.246354,0.019312,-0.265666,-0.227042,0,10
nominal_safety,counterfactual_boundary_learning_filter_v5_minus_action_clipping_filter,recovery_success,-0.016146,0.026378,-0.042524,0.010232,3,10
nominal_safety,counterfactual_boundary_learning_filter_v5_minus_action_clipping_filter,robust_utility,0.303521,0.047884,0.255636,0.351405,10,10
nominal_safety,counterfactual_boundary_learning_filter_v5_minus_action_clipping_filter,mechanism_utility,0.359408,0.022705,0.336703,0.382113,10,10
nominal_safety,counterfactual_boundary_learning_filter_v5_minus_action_clipping_filter,action_regret,-0.162551,0.014508,-0.177059,-0.148043,0,10
nominal_safety,counterfactual_boundary_learning_filter_v5_minus_geometric_projection_filter,task_success,0.055209,0.023829,0.031379,0.079038,10,10
nominal_safety,counterfactual_boundary_learning_filter_v5_minus_geometric_projection_filter,deployed_violation,-0.100000,0.018872,-0.118872,-0.081128,0,10
nominal_safety,counterfactual_boundary_learning_filter_v5_minus_geometric_projection_filter,unshielded_violation,-0.078646,0.008117,-0.086763,-0.070529,0,10
nominal_safety,counterfactual_boundary_learning_filter_v5_minus_geometric_projection_filter,intervention_rate,0.184375,0.027188,0.157187,0.211563,10,10
nominal_safety,counterfactual_boundary_learning_filter_v5_minus_geometric_projection_filter,intervention_severity,-0.004082,0.005016,-0.009098,0.000934,4,10
nominal_safety,counterfactual_boundary_learning_filter_v5_minus_geometric_projection_filter,filter_dependence,-0.229156,0.018177,-0.247333,-0.210980,0,10
nominal_safety,counterfactual_boundary_learning_filter_v5_minus_geometric_projection_filter,boundary_f1,0.112181,0.018210,0.093971,0.130391,10,10
nominal_safety,counterfactual_boundary_learning_filter_v5_minus_geometric_projection_filter,boundary_ece,-0.107784,0.018089,-0.125874,-0.089695,0,10
nominal_safety,counterfactual_boundary_learning_filter_v5_minus_geometric_projection_filter,transfer_violation,-0.234896,0.016209,-0.251105,-0.218687,0,10
nominal_safety,counterfactual_boundary_learning_filter_v5_minus_geometric_projection_filter,recovery_success,0.060937,0.020868,0.040069,0.081806,9,10
nominal_safety,counterfactual_boundary_learning_filter_v5_minus_geometric_projection_filter,robust_utility,0.173450,0.028474,0.144975,0.201924,10,10
nominal_safety,counterfactual_boundary_learning_filter_v5_minus_geometric_projection_filter,mechanism_utility,0.241262,0.009061,0.232201,0.250322,10,10
nominal_safety,counterfactual_boundary_learning_filter_v5_minus_geometric_projection_filter,action_regret,-0.112075,0.007487,-0.119563,-0.104588,0,10
nominal_safety,counterfactual_boundary_learning_filter_v5_minus_cbf_safety_filter,task_success,-0.155729,0.038721,-0.194450,-0.117007,0,10
nominal_safety,counterfactual_boundary_learning_filter_v5_minus_cbf_safety_filter,deployed_violation,0.143750,0.026454,0.117296,0.170204,10,10
nominal_safety,counterfactual_boundary_learning_filter_v5_minus_cbf_safety_filter,unshielded_violation,-0.070312,0.018529,-0.088841,-0.051784,0,10
nominal_safety,counterfactual_boundary_learning_filter_v5_minus_cbf_safety_filter,intervention_rate,-0.116146,0.022880,-0.139025,-0.093266,0,10
nominal_safety,counterfactual_boundary_learning_filter_v5_minus_cbf_safety_filter,intervention_severity,-0.104179,0.004605,-0.108784,-0.099574,0,10
nominal_safety,counterfactual_boundary_learning_filter_v5_minus_cbf_safety_filter,filter_dependence,-0.541824,0.011407,-0.553231,-0.530417,0,10
nominal_safety,counterfactual_boundary_learning_filter_v5_minus_cbf_safety_filter,boundary_f1,-0.017203,0.014261,-0.031464,-0.002941,3,10
nominal_safety,counterfactual_boundary_learning_filter_v5_minus_cbf_safety_filter,boundary_ece,-0.073641,0.016600,-0.090241,-0.057042,0,10
nominal_safety,counterfactual_boundary_learning_filter_v5_minus_cbf_safety_filter,transfer_violation,-0.232813,0.016322,-0.249135,-0.216490,0,10
nominal_safety,counterfactual_boundary_learning_filter_v5_minus_cbf_safety_filter,recovery_success,-0.180208,0.020987,-0.201196,-0.159221,0,10
nominal_safety,counterfactual_boundary_learning_filter_v5_minus_cbf_safety_filter,robust_utility,-0.107349,0.048980,-0.156329,-0.058370,1,10
nominal_safety,counterfactual_boundary_learning_filter_v5_minus_cbf_safety_filter,mechanism_utility,0.353009,0.021018,0.331991,0.374028,10,10
nominal_safety,counterfactual_boundary_learning_filter_v5_minus_cbf_safety_filter,action_regret,-0.044625,0.013221,-0.057846,-0.031404,0,10
nominal_safety,counterfactual_boundary_learning_filter_v5_minus_robust_mpc_shield,task_success,-0.271875,0.028583,-0.300458,-0.243292,0,10
nominal_safety,counterfactual_boundary_learning_filter_v5_minus_robust_mpc_shield,deployed_violation,0.227604,0.027604,0.200000,0.255209,10,10
nominal_safety,counterfactual_boundary_learning_filter_v5_minus_robust_mpc_shield,unshielded_violation,-0.067188,0.018035,-0.085222,-0.049153,0,10
nominal_safety,counterfactual_boundary_learning_filter_v5_minus_robust_mpc_shield,intervention_rate,-0.167708,0.015653,-0.183361,-0.152056,0,10
nominal_safety,counterfactual_boundary_learning_filter_v5_minus_robust_mpc_shield,intervention_severity,-0.101738,0.003104,-0.104842,-0.098634,0,10
nominal_safety,counterfactual_boundary_learning_filter_v5_minus_robust_mpc_shield,filter_dependence,-0.552553,0.010877,-0.563430,-0.541677,0,10
nominal_safety,counterfactual_boundary_learning_filter_v5_minus_robust_mpc_shield,boundary_f1,-0.037056,0.015005,-0.052060,-0.022051,1,10
nominal_safety,counterfactual_boundary_learning_filter_v5_minus_robust_mpc_shield,boundary_ece,-0.029870,0.014941,-0.044811,-0.014929,0,10
nominal_safety,counterfactual_boundary_learning_filter_v5_minus_robust_mpc_shield,transfer_violation,-0.200000,0.023437,-0.223437,-0.176563,0,10
nominal_safety,counterfactual_boundary_learning_filter_v5_minus_robust_mpc_shield,recovery_success,-0.259375,0.029851,-0.289227,-0.229524,0,10
nominal_safety,counterfactual_boundary_learning_filter_v5_minus_robust_mpc_shield,robust_utility,-0.280180,0.037233,-0.317413,-0.242948,0,10
nominal_safety,counterfactual_boundary_learning_filter_v5_minus_robust_mpc_shield,mechanism_utility,0.337515,0.014897,0.322618,0.352411,10,10
nominal_safety,counterfactual_boundary_learning_filter_v5_minus_robust_mpc_shield,action_regret,0.013789,0.011076,0.002713,0.024865,9,10
nominal_safety,counterfactual_boundary_learning_filter_v5_minus_conformal_uncertainty_shield,task_success,-0.089583,0.027886,-0.117469,-0.061697,0,10
nominal_safety,counterfactual_boundary_learning_filter_v5_minus_conformal_uncertainty_shield,deployed_violation,0.127084,0.020143,0.106941,0.147226,10,10
nominal_safety,counterfactual_boundary_learning_filter_v5_minus_conformal_uncertainty_shield,unshielded_violation,-0.063021,0.012026,-0.075047,-0.050995,0,10
nominal_safety,counterfactual_boundary_learning_filter_v5_minus_conformal_uncertainty_shield,intervention_rate,-0.131771,0.025648,-0.157418,-0.106123,0,10
nominal_safety,counterfactual_boundary_learning_filter_v5_minus_conformal_uncertainty_shield,intervention_severity,-0.145841,0.006016,-0.151858,-0.139825,0,10
nominal_safety,counterfactual_boundary_learning_filter_v5_minus_conformal_uncertainty_shield,filter_dependence,-0.580211,0.015663,-0.595874,-0.564548,0,10
nominal_safety,counterfactual_boundary_learning_filter_v5_minus_conformal_uncertainty_shield,boundary_f1,-0.029288,0.011068,-0.040357,-0.018220,1,10
nominal_safety,counterfactual_boundary_learning_filter_v5_minus_conformal_uncertainty_shield,boundary_ece,-0.147895,0.019998,-0.167892,-0.127897,0,10
nominal_safety,counterfactual_boundary_learning_filter_v5_minus_conformal_uncertainty_shield,transfer_violation,-0.219271,0.027705,-0.246976,-0.191566,0,10
nominal_safety,counterfactual_boundary_learning_filter_v5_minus_conformal_uncertainty_shield,recovery_success,-0.159375,0.020428,-0.179803,-0.138947,0,10
nominal_safety,counterfactual_boundary_learning_filter_v5_minus_conformal_uncertainty_shield,robust_utility,-0.009656,0.040587,-0.050243,0.030932,6,10
nominal_safety,counterfactual_boundary_learning_filter_v5_minus_conformal_uncertainty_shield,mechanism_utility,0.365177,0.016164,0.349013,0.381341,10,10
nominal_safety,counterfactual_boundary_learning_filter_v5_minus_conformal_uncertainty_shield,action_regret,-0.070493,0.012269,-0.082762,-0.058225,0,10
nominal_safety,counterfactual_boundary_learning_filter_v5_minus_recovery_policy_shield,task_success,-0.139062,0.030740,-0.169802,-0.108322,0,10
nominal_safety,counterfactual_boundary_learning_filter_v5_minus_recovery_policy_shield,deployed_violation,0.091667,0.036497,0.055170,0.128164,9,10
nominal_safety,counterfactual_boundary_learning_filter_v5_minus_recovery_policy_shield,unshielded_violation,-0.071875,0.012438,-0.084313,-0.059437,0,10
nominal_safety,counterfactual_boundary_learning_filter_v5_minus_recovery_policy_shield,intervention_rate,-0.020312,0.022951,-0.043263,0.002638,2,10
nominal_safety,counterfactual_boundary_learning_filter_v5_minus_recovery_policy_shield,intervention_severity,-0.038474,0.004199,-0.042672,-0.034275,0,10
nominal_safety,counterfactual_boundary_learning_filter_v5_minus_recovery_policy_shield,filter_dependence,-0.324734,0.015014,-0.339748,-0.309720,0,10
nominal_safety,counterfactual_boundary_learning_filter_v5_minus_recovery_policy_shield,boundary_f1,0.006520,0.013421,-0.006901,0.019941,5,10
nominal_safety,counterfactual_boundary_learning_filter_v5_minus_recovery_policy_shield,boundary_ece,-0.021303,0.016854,-0.038158,-0.004449,3,10
nominal_safety,counterfactual_boundary_learning_filter_v5_minus_recovery_policy_shield,transfer_violation,-0.119792,0.027094,-0.146886,-0.092698,0,10
nominal_safety,counterfactual_boundary_learning_filter_v5_minus_recovery_policy_shield,recovery_success,-0.115104,0.031129,-0.146234,-0.083975,0,10
nominal_safety,counterfactual_boundary_learning_filter_v5_minus_recovery_policy_shield,robust_utility,-0.123782,0.048616,-0.172398,-0.075166,0,10
nominal_safety,counterfactual_boundary_learning_filter_v5_minus_recovery_policy_shield,mechanism_utility,0.228390,0.016312,0.212077,0.244702,10,10
nominal_safety,counterfactual_boundary_learning_filter_v5_minus_recovery_policy_shield,action_regret,0.000052,0.015496,-0.015443,0.015548,5,10
nominal_safety,counterfactual_boundary_learning_filter_v5_minus_shielded_behavior_cloning,task_success,0.119792,0.026837,0.092955,0.146628,10,10
nominal_safety,counterfactual_boundary_learning_filter_v5_minus_shielded_behavior_cloning,deployed_violation,-0.198437,0.017247,-0.215685,-0.181190,0,10
nominal_safety,counterfactual_boundary_learning_filter_v5_minus_shielded_behavior_cloning,unshielded_violation,-0.054688,0.016757,-0.071444,-0.037931,0,10
nominal_safety,counterfactual_boundary_learning_filter_v5_minus_shielded_behavior_cloning,intervention_rate,0.189063,0.032104,0.156959,0.221166,10,10
nominal_safety,counterfactual_boundary_learning_filter_v5_minus_shielded_behavior_cloning,intervention_severity,0.028317,0.004659,0.023658,0.032975,10,10
nominal_safety,counterfactual_boundary_learning_filter_v5_minus_shielded_behavior_cloning,filter_dependence,-0.043834,0.013035,-0.056869,-0.030800,0,10
nominal_safety,counterfactual_boundary_learning_filter_v5_minus_shielded_behavior_cloning,boundary_f1,0.103304,0.031603,0.071702,0.134907,10,10
nominal_safety,counterfactual_boundary_learning_filter_v5_minus_shielded_behavior_cloning,boundary_ece,-0.066835,0.018485,-0.085320,-0.048350,0,10
nominal_safety,counterfactual_boundary_learning_filter_v5_minus_shielded_behavior_cloning,transfer_violation,-0.159375,0.023829,-0.183204,-0.135546,0,10
nominal_safety,counterfactual_boundary_learning_filter_v5_minus_shielded_behavior_cloning,recovery_success,0.164583,0.014770,0.149813,0.179353,10,10
nominal_safety,counterfactual_boundary_learning_filter_v5_minus_shielded_behavior_cloning,robust_utility,0.253209,0.034051,0.219158,0.287259,10,10
nominal_safety,counterfactual_boundary_learning_filter_v5_minus_shielded_behavior_cloning,mechanism_utility,0.123867,0.016815,0.107052,0.140682,10,10
nominal_safety,counterfactual_boundary_learning_filter_v5_minus_shielded_behavior_cloning,action_regret,-0.111222,0.009238,-0.120460,-0.101984,0,10
nominal_safety,counterfactual_boundary_learning_filter_v5_minus_lagrangian_safe_rl,task_success,0.103646,0.027453,0.076193,0.131099,10,10
nominal_safety,counterfactual_boundary_learning_filter_v5_minus_lagrangian_safe_rl,deployed_violation,-0.165625,0.026742,-0.192367,-0.138883,0,10
nominal_safety,counterfactual_boundary_learning_filter_v5_minus_lagrangian_safe_rl,unshielded_violation,-0.035417,0.018872,-0.054289,-0.016544,1,10
nominal_safety,counterfactual_boundary_learning_filter_v5_minus_lagrangian_safe_rl,intervention_rate,0.233854,0.020099,0.213755,0.253954,10,10
nominal_safety,counterfactual_boundary_learning_filter_v5_minus_lagrangian_safe_rl,intervention_severity,0.044451,0.002815,0.041636,0.047267,10,10
nominal_safety,counterfactual_boundary_learning_filter_v5_minus_lagrangian_safe_rl,filter_dependence,-0.004287,0.007063,-0.011351,0.002776,3,10
nominal_safety,counterfactual_boundary_learning_filter_v5_minus_lagrangian_safe_rl,boundary_f1,0.160358,0.018158,0.142201,0.178516,10,10
nominal_safety,counterfactual_boundary_learning_filter_v5_minus_lagrangian_safe_rl,boundary_ece,-0.094319,0.020037,-0.114356,-0.074282,0,10
nominal_safety,counterfactual_boundary_learning_filter_v5_minus_lagrangian_safe_rl,transfer_violation,-0.135417,0.025870,-0.161287,-0.109547,0,10
nominal_safety,counterfactual_boundary_learning_filter_v5_minus_lagrangian_safe_rl,recovery_success,0.149479,0.024587,0.124892,0.174066,10,10
nominal_safety,counterfactual_boundary_learning_filter_v5_minus_lagrangian_safe_rl,robust_utility,0.202850,0.041246,0.161604,0.244095,10,10
nominal_safety,counterfactual_boundary_learning_filter_v5_minus_lagrangian_safe_rl,mechanism_utility,0.078245,0.024183,0.054062,0.102428,10,10
nominal_safety,counterfactual_boundary_learning_filter_v5_minus_lagrangian_safe_rl,action_regret,-0.087043,0.012492,-0.099535,-0.074550,0,10
nominal_safety,counterfactual_boundary_learning_filter_v5_minus_adversarial_safety_critic,task_success,0.143750,0.015384,0.128366,0.159134,10,10
nominal_safety,counterfactual_boundary_learning_filter_v5_minus_adversarial_safety_critic,deployed_violation,-0.182292,0.021031,-0.203323,-0.161260,0,10
nominal_safety,counterfactual_boundary_learning_filter_v5_minus_adversarial_safety_critic,unshielded_violation,-0.051562,0.015176,-0.066738,-0.036387,0,10
nominal_safety,counterfactual_boundary_learning_filter_v5_minus_adversarial_safety_critic,intervention_rate,0.316667,0.012059,0.304607,0.328726,10,10
nominal_safety,counterfactual_boundary_learning_filter_v5_minus_adversarial_safety_critic,intervention_severity,0.043813,0.001859,0.041955,0.045672,10,10
nominal_safety,counterfactual_boundary_learning_filter_v5_minus_adversarial_safety_critic,filter_dependence,0.017633,0.003993,0.013640,0.021626,10,10
nominal_safety,counterfactual_boundary_learning_filter_v5_minus_adversarial_safety_critic,boundary_f1,0.196290,0.023115,0.173175,0.219406,10,10
nominal_safety,counterfactual_boundary_learning_filter_v5_minus_adversarial_safety_critic,boundary_ece,-0.140115,0.022078,-0.162193,-0.118037,0,10
nominal_safety,counterfactual_boundary_learning_filter_v5_minus_adversarial_safety_critic,transfer_violation,-0.119792,0.023624,-0.143416,-0.096168,0,10
nominal_safety,counterfactual_boundary_learning_filter_v5_minus_adversarial_safety_critic,recovery_success,0.169271,0.017234,0.152037,0.186504,10,10
nominal_safety,counterfactual_boundary_learning_filter_v5_minus_adversarial_safety_critic,robust_utility,0.250063,0.024162,0.225901,0.274224,10,10
nominal_safety,counterfactual_boundary_learning_filter_v5_minus_adversarial_safety_critic,mechanism_utility,0.082910,0.017979,0.064931,0.100888,10,10
nominal_safety,counterfactual_boundary_learning_filter_v5_minus_adversarial_safety_critic,action_regret,-0.094681,0.008460,-0.103141,-0.086220,0,10
nominal_safety,counterfactual_boundary_learning_filter_v5_minus_safety_filter_distillation,task_success,0.024479,0.017085,0.007394,0.041565,9,10
nominal_safety,counterfactual_boundary_learning_filter_v5_minus_safety_filter_distillation,deployed_violation,-0.028646,0.029004,-0.057650,0.000358,1,10
nominal_safety,counterfactual_boundary_learning_filter_v5_minus_safety_filter_distillation,unshielded_violation,-0.030208,0.016234,-0.046442,-0.013975,1,10
nominal_safety,counterfactual_boundary_learning_filter_v5_minus_safety_filter_distillation,intervention_rate,-0.025521,0.020442,-0.045963,-0.005078,2,10
nominal_safety,counterfactual_boundary_learning_filter_v5_minus_safety_filter_distillation,intervention_severity,0.005629,0.002711,0.002917,0.008340,9,10
nominal_safety,counterfactual_boundary_learning_filter_v5_minus_safety_filter_distillation,filter_dependence,-0.061012,0.006548,-0.067560,-0.054464,0,10
nominal_safety,counterfactual_boundary_learning_filter_v5_minus_safety_filter_distillation,boundary_f1,0.012898,0.019967,-0.007069,0.032865,7,10
nominal_safety,counterfactual_boundary_learning_filter_v5_minus_safety_filter_distillation,boundary_ece,-0.029569,0.010178,-0.039747,-0.019392,1,10
nominal_safety,counterfactual_boundary_learning_filter_v5_minus_safety_filter_distillation,transfer_violation,-0.098438,0.024840,-0.123278,-0.073597,0,10
nominal_safety,counterfactual_boundary_learning_filter_v5_minus_safety_filter_distillation,recovery_success,0.020312,0.030528,-0.010216,0.050841,7,10
nominal_safety,counterfactual_boundary_learning_filter_v5_minus_safety_filter_distillation,robust_utility,0.056048,0.028892,0.027155,0.084940,8,10
nominal_safety,counterfactual_boundary_learning_filter_v5_minus_safety_filter_distillation,mechanism_utility,0.083478,0.015963,0.067515,0.099441,10,10
nominal_safety,counterfactual_boundary_learning_filter_v5_minus_safety_filter_distillation,action_regret,-0.033971,0.010812,-0.044783,-0.023159,0,10
nominal_safety,counterfactual_boundary_learning_filter_v5_minus_boundary_learning_filter_v4,task_success,0.069271,0.028996,0.040275,0.098266,10,10
nominal_safety,counterfactual_boundary_learning_filter_v5_minus_boundary_learning_filter_v4,deployed_violation,-0.044792,0.027017,-0.071809,-0.017775,2,10
nominal_safety,counterfactual_boundary_learning_filter_v5_minus_boundary_learning_filter_v4,unshielded_violation,-0.021875,0.013594,-0.035469,-0.008281,1,10
nominal_safety,counterfactual_boundary_learning_filter_v5_minus_boundary_learning_filter_v4,intervention_rate,-0.010416,0.029937,-0.040353,0.019520,4,10
nominal_safety,counterfactual_boundary_learning_filter_v5_minus_boundary_learning_filter_v4,intervention_severity,0.005387,0.004207,0.001180,0.009595,9,10
nominal_safety,counterfactual_boundary_learning_filter_v5_minus_boundary_learning_filter_v4,filter_dependence,-0.049660,0.008441,-0.058100,-0.041219,0,10
nominal_safety,counterfactual_boundary_learning_filter_v5_minus_boundary_learning_filter_v4,boundary_f1,0.013733,0.013144,0.000589,0.026877,7,10
nominal_safety,counterfactual_boundary_learning_filter_v5_minus_boundary_learning_filter_v4,boundary_ece,-0.027617,0.011349,-0.038966,-0.016268,1,10
nominal_safety,counterfactual_boundary_learning_filter_v5_minus_boundary_learning_filter_v4,transfer_violation,-0.047917,0.023663,-0.071580,-0.024254,1,10
nominal_safety,counterfactual_boundary_learning_filter_v5_minus_boundary_learning_filter_v4,recovery_success,0.030729,0.029954,0.000775,0.060683,6,10
nominal_safety,counterfactual_boundary_learning_filter_v5_minus_boundary_learning_filter_v4,robust_utility,0.109312,0.040814,0.068499,0.150126,10,10
nominal_safety,counterfactual_boundary_learning_filter_v5_minus_boundary_learning_filter_v4,mechanism_utility,0.056739,0.018931,0.037807,0.075670,10,10
nominal_safety,counterfactual_boundary_learning_filter_v5_minus_boundary_learning_filter_v4,action_regret,-0.040777,0.012048,-0.052825,-0.028729,0,10
novel_obstacle_shift,counterfactual_boundary_learning_filter_v5_minus_unfiltered_policy,task_success,0.239583,0.019548,0.220036,0.259131,10,10
novel_obstacle_shift,counterfactual_boundary_learning_filter_v5_minus_unfiltered_policy,deployed_violation,-0.422917,0.029303,-0.452220,-0.393613,0,10
novel_obstacle_shift,counterfactual_boundary_learning_filter_v5_minus_unfiltered_policy,unshielded_violation,-0.036458,0.016177,-0.052635,-0.020282,0,10
novel_obstacle_shift,counterfactual_boundary_learning_filter_v5_minus_unfiltered_policy,intervention_rate,0.959896,0.008060,0.951836,0.967956,10,10
novel_obstacle_shift,counterfactual_boundary_learning_filter_v5_minus_unfiltered_policy,intervention_severity,0.146952,0.001113,0.145839,0.148064,10,10
novel_obstacle_shift,counterfactual_boundary_learning_filter_v5_minus_unfiltered_policy,filter_dependence,0.250177,0.002360,0.247817,0.252538,10,10
novel_obstacle_shift,counterfactual_boundary_learning_filter_v5_minus_unfiltered_policy,boundary_f1,0.854592,0.008428,0.846164,0.863021,10,10
novel_obstacle_shift,counterfactual_boundary_learning_filter_v5_minus_unfiltered_policy,boundary_ece,-0.479475,0.014308,-0.493782,-0.465167,0,10
novel_obstacle_shift,counterfactual_boundary_learning_filter_v5_minus_unfiltered_policy,transfer_violation,-0.197917,0.017550,-0.215467,-0.180367,0,10
novel_obstacle_shift,counterfactual_boundary_learning_filter_v5_minus_unfiltered_policy,recovery_success,0.398958,0.031600,0.367358,0.430558,10,10
novel_obstacle_shift,counterfactual_boundary_learning_filter_v5_minus_unfiltered_policy,robust_utility,0.428832,0.035507,0.393325,0.464339,10,10
novel_obstacle_shift,counterfactual_boundary_learning_filter_v5_minus_unfiltered_policy,mechanism_utility,-0.001182,0.018108,-0.019290,0.016926,5,10
novel_obstacle_shift,counterfactual_boundary_learning_filter_v5_minus_unfiltered_policy,action_regret,-0.169978,0.012206,-0.182183,-0.157772,0,10
novel_obstacle_shift,counterfactual_boundary_learning_filter_v5_minus_action_clipping_filter,task_success,0.136979,0.030285,0.106695,0.167264,10,10
novel_obstacle_shift,counterfactual_boundary_learning_filter_v5_minus_action_clipping_filter,deployed_violation,-0.105208,0.029657,-0.134865,-0.075551,0,10
novel_obstacle_shift,counterfactual_boundary_learning_filter_v5_minus_action_clipping_filter,unshielded_violation,-0.031250,0.017812,-0.049062,-0.013438,1,10
novel_obstacle_shift,counterfactual_boundary_learning_filter_v5_minus_action_clipping_filter,intervention_rate,0.013542,0.006492,0.007050,0.020034,9,10
novel_obstacle_shift,counterfactual_boundary_learning_filter_v5_minus_action_clipping_filter,intervention_severity,-0.086992,0.001937,-0.088929,-0.085055,0,10
novel_obstacle_shift,counterfactual_boundary_learning_filter_v5_minus_action_clipping_filter,filter_dependence,-0.507518,0.007494,-0.515013,-0.500024,0,10
novel_obstacle_shift,counterfactual_boundary_learning_filter_v5_minus_action_clipping_filter,boundary_f1,0.004879,0.008753,-0.003873,0.013632,6,10
novel_obstacle_shift,counterfactual_boundary_learning_filter_v5_minus_action_clipping_filter,boundary_ece,-0.062212,0.019045,-0.081256,-0.043167,0,10
novel_obstacle_shift,counterfactual_boundary_learning_filter_v5_minus_action_clipping_filter,transfer_violation,-0.189583,0.015233,-0.204816,-0.174351,0,10
novel_obstacle_shift,counterfactual_boundary_learning_filter_v5_minus_action_clipping_filter,recovery_success,0.061979,0.027705,0.034274,0.089684,9,10
novel_obstacle_shift,counterfactual_boundary_learning_filter_v5_minus_action_clipping_filter,robust_utility,0.341031,0.042324,0.298707,0.383355,10,10
novel_obstacle_shift,counterfactual_boundary_learning_filter_v5_minus_action_clipping_filter,mechanism_utility,0.299577,0.019113,0.280464,0.318691,10,10
novel_obstacle_shift,counterfactual_boundary_learning_filter_v5_minus_action_clipping_filter,action_regret,-0.181623,0.013317,-0.194940,-0.168306,0,10
novel_obstacle_shift,counterfactual_boundary_learning_filter_v5_minus_geometric_projection_filter,task_success,0.050521,0.026491,0.024029,0.077012,8,10
novel_obstacle_shift,counterfactual_boundary_learning_filter_v5_minus_geometric_projection_filter,deployed_violation,-0.073438,0.030262,-0.103700,-0.043176,0,10
novel_obstacle_shift,counterfactual_boundary_learning_filter_v5_minus_geometric_projection_filter,unshielded_violation,-0.029687,0.013785,-0.043472,-0.015903,1,10
novel_obstacle_shift,counterfactual_boundary_learning_filter_v5_minus_geometric_projection_filter,intervention_rate,0.203125,0.015815,0.187310,0.218940,10,10
novel_obstacle_shift,counterfactual_boundary_learning_filter_v5_minus_geometric_projection_filter,intervention_severity,-0.008607,0.003263,-0.011870,-0.005343,0,10
novel_obstacle_shift,counterfactual_boundary_learning_filter_v5_minus_geometric_projection_filter,filter_dependence,-0.326812,0.012337,-0.339150,-0.314475,0,10
novel_obstacle_shift,counterfactual_boundary_learning_filter_v5_minus_geometric_projection_filter,boundary_f1,0.094521,0.016320,0.078201,0.110841,10,10
novel_obstacle_shift,counterfactual_boundary_learning_filter_v5_minus_geometric_projection_filter,boundary_ece,-0.133114,0.010005,-0.143119,-0.123108,0,10
novel_obstacle_shift,counterfactual_boundary_learning_filter_v5_minus_geometric_projection_filter,transfer_violation,-0.194792,0.015756,-0.210548,-0.179036,0,10
novel_obstacle_shift,counterfactual_boundary_learning_filter_v5_minus_geometric_projection_filter,recovery_success,0.041146,0.038361,0.002785,0.079507,8,10
novel_obstacle_shift,counterfactual_boundary_learning_filter_v5_minus_geometric_projection_filter,robust_utility,0.172606,0.037238,0.135368,0.209844,10,10
novel_obstacle_shift,counterfactual_boundary_learning_filter_v5_minus_geometric_projection_filter,mechanism_utility,0.215576,0.018831,0.196745,0.234407,10,10
novel_obstacle_shift,counterfactual_boundary_learning_filter_v5_minus_geometric_projection_filter,action_regret,-0.115171,0.012412,-0.127583,-0.102759,0,10
novel_obstacle_shift,counterfactual_boundary_learning_filter_v5_minus_cbf_safety_filter,task_success,-0.160938,0.019156,-0.180093,-0.141782,0,10
novel_obstacle_shift,counterfactual_boundary_learning_filter_v5_minus_cbf_safety_filter,deployed_violation,0.167708,0.036832,0.130876,0.204540,10,10
novel_obstacle_shift,counterfactual_boundary_learning_filter_v5_minus_cbf_safety_filter,unshielded_violation,-0.032291,0.015429,-0.047721,-0.016862,1,10
novel_obstacle_shift,counterfactual_boundary_learning_filter_v5_minus_cbf_safety_filter,intervention_rate,-0.003125,0.012659,-0.015784,0.009534,3,10
novel_obstacle_shift,counterfactual_boundary_learning_filter_v5_minus_cbf_safety_filter,intervention_severity,-0.100713,0.003166,-0.103879,-0.097547,0,10
novel_obstacle_shift,counterfactual_boundary_learning_filter_v5_minus_cbf_safety_filter,filter_dependence,-0.592787,0.010057,-0.602844,-0.582731,0,10
novel_obstacle_shift,counterfactual_boundary_learning_filter_v5_minus_cbf_safety_filter,boundary_f1,-0.002616,0.008726,-0.011342,0.006110,4,10
novel_obstacle_shift,counterfactual_boundary_learning_filter_v5_minus_cbf_safety_filter,boundary_ece,-0.099200,0.010583,-0.109784,-0.088617,0,10
novel_obstacle_shift,counterfactual_boundary_learning_filter_v5_minus_cbf_safety_filter,transfer_violation,-0.172917,0.015354,-0.188271,-0.157563,0,10
novel_obstacle_shift,counterfactual_boundary_learning_filter_v5_minus_cbf_safety_filter,recovery_success,-0.193229,0.035606,-0.228835,-0.157623,0,10
novel_obstacle_shift,counterfactual_boundary_learning_filter_v5_minus_cbf_safety_filter,robust_utility,-0.118696,0.035089,-0.153785,-0.083607,0,10
novel_obstacle_shift,counterfactual_boundary_learning_filter_v5_minus_cbf_safety_filter,mechanism_utility,0.313911,0.016224,0.297688,0.330135,10,10
novel_obstacle_shift,counterfactual_boundary_learning_filter_v5_minus_cbf_safety_filter,action_regret,-0.041409,0.013188,-0.054597,-0.028220,0,10
novel_obstacle_shift,counterfactual_boundary_learning_filter_v5_minus_robust_mpc_shield,task_success,-0.278646,0.028070,-0.306716,-0.250575,0,10
novel_obstacle_shift,counterfactual_boundary_learning_filter_v5_minus_robust_mpc_shield,deployed_violation,0.226562,0.033900,0.192663,0.260462,10,10
novel_obstacle_shift,counterfactual_boundary_learning_filter_v5_minus_robust_mpc_shield,unshielded_violation,-0.030208,0.017068,-0.047276,-0.013140,0,10
novel_obstacle_shift,counterfactual_boundary_learning_filter_v5_minus_robust_mpc_shield,intervention_rate,-0.018229,0.012293,-0.030522,-0.005937,1,10
novel_obstacle_shift,counterfactual_boundary_learning_filter_v5_minus_robust_mpc_shield,intervention_severity,-0.089176,0.002041,-0.091217,-0.087135,0,10
novel_obstacle_shift,counterfactual_boundary_learning_filter_v5_minus_robust_mpc_shield,filter_dependence,-0.569245,0.008905,-0.578150,-0.560339,0,10
novel_obstacle_shift,counterfactual_boundary_learning_filter_v5_minus_robust_mpc_shield,boundary_f1,-0.007109,0.010092,-0.017201,0.002984,3,10
novel_obstacle_shift,counterfactual_boundary_learning_filter_v5_minus_robust_mpc_shield,boundary_ece,-0.065814,0.011559,-0.077373,-0.054255,0,10
novel_obstacle_shift,counterfactual_boundary_learning_filter_v5_minus_robust_mpc_shield,transfer_violation,-0.172917,0.016656,-0.189573,-0.156261,0,10
novel_obstacle_shift,counterfactual_boundary_learning_filter_v5_minus_robust_mpc_shield,recovery_success,-0.251563,0.039156,-0.290718,-0.212407,0,10
novel_obstacle_shift,counterfactual_boundary_learning_filter_v5_minus_robust_mpc_shield,robust_utility,-0.286813,0.044299,-0.331112,-0.242515,0,10
novel_obstacle_shift,counterfactual_boundary_learning_filter_v5_minus_robust_mpc_shield,mechanism_utility,0.295864,0.017008,0.278856,0.312872,10,10
novel_obstacle_shift,counterfactual_boundary_learning_filter_v5_minus_robust_mpc_shield,action_regret,0.015068,0.014580,0.000488,0.029648,8,10
novel_obstacle_shift,counterfactual_boundary_learning_filter_v5_minus_conformal_uncertainty_shield,task_success,-0.118750,0.033506,-0.152256,-0.085244,0,10
novel_obstacle_shift,counterfactual_boundary_learning_filter_v5_minus_conformal_uncertainty_shield,deployed_violation,0.146875,0.040941,0.105934,0.187816,10,10
novel_obstacle_shift,counterfactual_boundary_learning_filter_v5_minus_conformal_uncertainty_shield,unshielded_violation,-0.018750,0.012659,-0.031409,-0.006091,1,10
novel_obstacle_shift,counterfactual_boundary_learning_filter_v5_minus_conformal_uncertainty_shield,intervention_rate,-0.033333,0.010782,-0.044115,-0.022551,0,10
novel_obstacle_shift,counterfactual_boundary_learning_filter_v5_minus_conformal_uncertainty_shield,intervention_severity,-0.161355,0.002180,-0.163536,-0.159175,0,10
novel_obstacle_shift,counterfactual_boundary_learning_filter_v5_minus_conformal_uncertainty_shield,filter_dependence,-0.646416,0.004900,-0.651316,-0.641516,0,10
novel_obstacle_shift,counterfactual_boundary_learning_filter_v5_minus_conformal_uncertainty_shield,boundary_f1,-0.012231,0.006893,-0.019124,-0.005337,2,10
novel_obstacle_shift,counterfactual_boundary_learning_filter_v5_minus_conformal_uncertainty_shield,boundary_ece,-0.156200,0.010227,-0.166427,-0.145973,0,10
novel_obstacle_shift,counterfactual_boundary_learning_filter_v5_minus_conformal_uncertainty_shield,transfer_violation,-0.166146,0.012026,-0.178172,-0.154120,0,10
novel_obstacle_shift,counterfactual_boundary_learning_filter_v5_minus_conformal_uncertainty_shield,recovery_success,-0.159375,0.041625,-0.201000,-0.117750,0,10
novel_obstacle_shift,counterfactual_boundary_learning_filter_v5_minus_conformal_uncertainty_shield,robust_utility,-0.034580,0.054803,-0.089383,0.020223,3,10
novel_obstacle_shift,counterfactual_boundary_learning_filter_v5_minus_conformal_uncertainty_shield,mechanism_utility,0.330790,0.015130,0.315660,0.345920,10,10
novel_obstacle_shift,counterfactual_boundary_learning_filter_v5_minus_conformal_uncertainty_shield,action_regret,-0.069064,0.017789,-0.086853,-0.051275,0,10
novel_obstacle_shift,counterfactual_boundary_learning_filter_v5_minus_recovery_policy_shield,task_success,-0.165104,0.030890,-0.195994,-0.134214,0,10
novel_obstacle_shift,counterfactual_boundary_learning_filter_v5_minus_recovery_policy_shield,deployed_violation,0.109375,0.027222,0.082153,0.136597,10,10
novel_obstacle_shift,counterfactual_boundary_learning_filter_v5_minus_recovery_policy_shield,unshielded_violation,-0.026042,0.017941,-0.043983,-0.008100,1,10
novel_obstacle_shift,counterfactual_boundary_learning_filter_v5_minus_recovery_policy_shield,intervention_rate,0.031250,0.011388,0.019862,0.042638,10,10
novel_obstacle_shift,counterfactual_boundary_learning_filter_v5_minus_recovery_policy_shield,intervention_severity,-0.037628,0.002650,-0.040278,-0.034978,0,10
novel_obstacle_shift,counterfactual_boundary_learning_filter_v5_minus_recovery_policy_shield,filter_dependence,-0.390192,0.006343,-0.396535,-0.383849,0,10
novel_obstacle_shift,counterfactual_boundary_learning_filter_v5_minus_recovery_policy_shield,boundary_f1,0.008771,0.008402,0.000369,0.017173,7,10
novel_obstacle_shift,counterfactual_boundary_learning_filter_v5_minus_recovery_policy_shield,boundary_ece,-0.037010,0.014455,-0.051465,-0.022555,0,10
novel_obstacle_shift,counterfactual_boundary_learning_filter_v5_minus_recovery_policy_shield,transfer_violation,-0.117188,0.014929,-0.132117,-0.102258,0,10
novel_obstacle_shift,counterfactual_boundary_learning_filter_v5_minus_recovery_policy_shield,recovery_success,-0.128646,0.035560,-0.164206,-0.093085,0,10
novel_obstacle_shift,counterfactual_boundary_learning_filter_v5_minus_recovery_policy_shield,robust_utility,-0.149040,0.040985,-0.190024,-0.108055,0,10
novel_obstacle_shift,counterfactual_boundary_learning_filter_v5_minus_recovery_policy_shield,mechanism_utility,0.204216,0.020363,0.183853,0.224580,10,10
novel_obstacle_shift,counterfactual_boundary_learning_filter_v5_minus_recovery_policy_shield,action_regret,0.003225,0.012188,-0.008963,0.015412,6,10
novel_obstacle_shift,counterfactual_boundary_learning_filter_v5_minus_shielded_behavior_cloning,task_success,0.125521,0.023646,0.101875,0.149167,10,10
novel_obstacle_shift,counterfactual_boundary_learning_filter_v5_minus_shielded_behavior_cloning,deployed_violation,-0.204688,0.036619,-0.241307,-0.168068,0,10
novel_obstacle_shift,counterfactual_boundary_learning_filter_v5_minus_shielded_behavior_cloning,unshielded_violation,-0.011458,0.014259,-0.025718,0.002801,3,10
novel_obstacle_shift,counterfactual_boundary_learning_filter_v5_minus_shielded_behavior_cloning,intervention_rate,0.159375,0.018526,0.140849,0.177901,10,10
novel_obstacle_shift,counterfactual_boundary_learning_filter_v5_minus_shielded_behavior_cloning,intervention_severity,0.027318,0.002617,0.024701,0.029935,10,10
novel_obstacle_shift,counterfactual_boundary_learning_filter_v5_minus_shielded_behavior_cloning,filter_dependence,-0.092762,0.007888,-0.100650,-0.084874,0,10
novel_obstacle_shift,counterfactual_boundary_learning_filter_v5_minus_shielded_behavior_cloning,boundary_f1,0.068227,0.015908,0.052319,0.084134,10,10
novel_obstacle_shift,counterfactual_boundary_learning_filter_v5_minus_shielded_behavior_cloning,boundary_ece,-0.073911,0.013778,-0.087690,-0.060133,0,10
novel_obstacle_shift,counterfactual_boundary_learning_filter_v5_minus_shielded_behavior_cloning,transfer_violation,-0.135937,0.015627,-0.151564,-0.120311,0,10
novel_obstacle_shift,counterfactual_boundary_learning_filter_v5_minus_shielded_behavior_cloning,recovery_success,0.174479,0.036940,0.137539,0.211419,10,10
novel_obstacle_shift,counterfactual_boundary_learning_filter_v5_minus_shielded_behavior_cloning,robust_utility,0.273101,0.042453,0.230648,0.315554,10,10
novel_obstacle_shift,counterfactual_boundary_learning_filter_v5_minus_shielded_behavior_cloning,mechanism_utility,0.091831,0.015849,0.075982,0.107680,10,10
novel_obstacle_shift,counterfactual_boundary_learning_filter_v5_minus_shielded_behavior_cloning,action_regret,-0.120418,0.015058,-0.135476,-0.105361,0,10
novel_obstacle_shift,counterfactual_boundary_learning_filter_v5_minus_lagrangian_safe_rl,task_success,0.099479,0.035378,0.064102,0.134857,10,10
novel_obstacle_shift,counterfactual_boundary_learning_filter_v5_minus_lagrangian_safe_rl,deployed_violation,-0.175521,0.041117,-0.216638,-0.134404,0,10
novel_obstacle_shift,counterfactual_boundary_learning_filter_v5_minus_lagrangian_safe_rl,unshielded_violation,-0.019271,0.018949,-0.038220,-0.000322,2,10
novel_obstacle_shift,counterfactual_boundary_learning_filter_v5_minus_lagrangian_safe_rl,intervention_rate,0.217708,0.026084,0.191624,0.243792,10,10
novel_obstacle_shift,counterfactual_boundary_learning_filter_v5_minus_lagrangian_safe_rl,intervention_severity,0.050792,0.003416,0.047376,0.054208,10,10
novel_obstacle_shift,counterfactual_boundary_learning_filter_v5_minus_lagrangian_safe_rl,filter_dependence,-0.041198,0.009503,-0.050701,-0.031695,0,10
novel_obstacle_shift,counterfactual_boundary_learning_filter_v5_minus_lagrangian_safe_rl,boundary_f1,0.086111,0.015623,0.070489,0.101734,10,10
novel_obstacle_shift,counterfactual_boundary_learning_filter_v5_minus_lagrangian_safe_rl,boundary_ece,-0.115633,0.008040,-0.123673,-0.107593,0,10
novel_obstacle_shift,counterfactual_boundary_learning_filter_v5_minus_lagrangian_safe_rl,transfer_violation,-0.119792,0.010543,-0.130335,-0.109248,0,10
novel_obstacle_shift,counterfactual_boundary_learning_filter_v5_minus_lagrangian_safe_rl,recovery_success,0.150521,0.041241,0.109280,0.191762,10,10
novel_obstacle_shift,counterfactual_boundary_learning_filter_v5_minus_lagrangian_safe_rl,robust_utility,0.210317,0.060228,0.150089,0.270545,10,10
novel_obstacle_shift,counterfactual_boundary_learning_filter_v5_minus_lagrangian_safe_rl,mechanism_utility,0.069751,0.019063,0.050688,0.088814,10,10
novel_obstacle_shift,counterfactual_boundary_learning_filter_v5_minus_lagrangian_safe_rl,action_regret,-0.092664,0.019204,-0.111867,-0.073460,0,10
novel_obstacle_shift,counterfactual_boundary_learning_filter_v5_minus_adversarial_safety_critic,task_success,0.119792,0.031556,0.088236,0.151348,10,10
novel_obstacle_shift,counterfactual_boundary_learning_filter_v5_minus_adversarial_safety_critic,deployed_violation,-0.159896,0.042420,-0.202316,-0.117475,0,10
novel_obstacle_shift,counterfactual_boundary_learning_filter_v5_minus_adversarial_safety_critic,unshielded_violation,-0.009896,0.016701,-0.026597,0.006806,3,10
novel_obstacle_shift,counterfactual_boundary_learning_filter_v5_minus_adversarial_safety_critic,intervention_rate,0.218229,0.020555,0.197674,0.238784,10,10
novel_obstacle_shift,counterfactual_boundary_learning_filter_v5_minus_adversarial_safety_critic,intervention_severity,0.031800,0.002998,0.028802,0.034798,10,10
novel_obstacle_shift,counterfactual_boundary_learning_filter_v5_minus_adversarial_safety_critic,filter_dependence,-0.053812,0.006997,-0.060809,-0.046815,0,10
novel_obstacle_shift,counterfactual_boundary_learning_filter_v5_minus_adversarial_safety_critic,boundary_f1,0.096391,0.014753,0.081639,0.111144,10,10
novel_obstacle_shift,counterfactual_boundary_learning_filter_v5_minus_adversarial_safety_critic,boundary_ece,-0.156464,0.007475,-0.163939,-0.148989,0,10
novel_obstacle_shift,counterfactual_boundary_learning_filter_v5_minus_adversarial_safety_critic,transfer_violation,-0.106771,0.014616,-0.121387,-0.092155,0,10
novel_obstacle_shift,counterfactual_boundary_learning_filter_v5_minus_adversarial_safety_critic,recovery_success,0.150521,0.049322,0.101199,0.199842,10,10
novel_obstacle_shift,counterfactual_boundary_learning_filter_v5_minus_adversarial_safety_critic,robust_utility,0.228903,0.054620,0.174283,0.283523,10,10
novel_obstacle_shift,counterfactual_boundary_learning_filter_v5_minus_adversarial_safety_critic,mechanism_utility,0.064383,0.017657,0.046727,0.082040,10,10
novel_obstacle_shift,counterfactual_boundary_learning_filter_v5_minus_adversarial_safety_critic,action_regret,-0.093459,0.018132,-0.111590,-0.075327,0,10
novel_obstacle_shift,counterfactual_boundary_learning_filter_v5_minus_safety_filter_distillation,task_success,0.020312,0.032583,-0.012271,0.052896,7,10
novel_obstacle_shift,counterfactual_boundary_learning_filter_v5_minus_safety_filter_distillation,deployed_violation,-0.048438,0.031521,-0.079959,-0.016916,1,10
novel_obstacle_shift,counterfactual_boundary_learning_filter_v5_minus_safety_filter_distillation,unshielded_violation,-0.006771,0.020419,-0.027190,0.013649,5,10
novel_obstacle_shift,counterfactual_boundary_learning_filter_v5_minus_safety_filter_distillation,intervention_rate,0.011979,0.013006,-0.001027,0.024986,7,10
novel_obstacle_shift,counterfactual_boundary_learning_filter_v5_minus_safety_filter_distillation,intervention_severity,0.013473,0.001854,0.011619,0.015328,10,10
novel_obstacle_shift,counterfactual_boundary_learning_filter_v5_minus_safety_filter_distillation,filter_dependence,-0.067729,0.004404,-0.072133,-0.063325,0,10
novel_obstacle_shift,counterfactual_boundary_learning_filter_v5_minus_safety_filter_distillation,boundary_f1,0.002105,0.011083,-0.008978,0.013188,5,10
novel_obstacle_shift,counterfactual_boundary_learning_filter_v5_minus_safety_filter_distillation,boundary_ece,-0.033102,0.016261,-0.049362,-0.016841,1,10
novel_obstacle_shift,counterfactual_boundary_learning_filter_v5_minus_safety_filter_distillation,transfer_violation,-0.078125,0.022623,-0.100748,-0.055502,1,10
novel_obstacle_shift,counterfactual_boundary_learning_filter_v5_minus_safety_filter_distillation,recovery_success,0.035937,0.033941,0.001997,0.069878,6,10
novel_obstacle_shift,counterfactual_boundary_learning_filter_v5_minus_safety_filter_distillation,robust_utility,0.063312,0.043194,0.020118,0.106507,9,10
novel_obstacle_shift,counterfactual_boundary_learning_filter_v5_minus_safety_filter_distillation,mechanism_utility,0.055375,0.020230,0.035144,0.075605,10,10
novel_obstacle_shift,counterfactual_boundary_learning_filter_v5_minus_safety_filter_distillation,action_regret,-0.038865,0.013268,-0.052133,-0.025597,0,10
novel_obstacle_shift,counterfactual_boundary_learning_filter_v5_minus_boundary_learning_filter_v4,task_success,0.081250,0.018774,0.062476,0.100024,10,10
novel_obstacle_shift,counterfactual_boundary_learning_filter_v5_minus_boundary_learning_filter_v4,deployed_violation,-0.090625,0.028640,-0.119265,-0.061985,0,10
novel_obstacle_shift,counterfactual_boundary_learning_filter_v5_minus_boundary_learning_filter_v4,unshielded_violation,-0.004687,0.022492,-0.027179,0.017805,5,10
novel_obstacle_shift,counterfactual_boundary_learning_filter_v5_minus_boundary_learning_filter_v4,intervention_rate,0.036979,0.014945,0.022034,0.051924,9,10
novel_obstacle_shift,counterfactual_boundary_learning_filter_v5_minus_boundary_learning_filter_v4,intervention_severity,0.014789,0.002461,0.012328,0.017251,10,10
novel_obstacle_shift,counterfactual_boundary_learning_filter_v5_minus_boundary_learning_filter_v4,filter_dependence,-0.050914,0.004781,-0.055695,-0.046133,0,10
novel_obstacle_shift,counterfactual_boundary_learning_filter_v5_minus_boundary_learning_filter_v4,boundary_f1,0.010542,0.008312,0.002230,0.018854,8,10
novel_obstacle_shift,counterfactual_boundary_learning_filter_v5_minus_boundary_learning_filter_v4,boundary_ece,-0.019733,0.017285,-0.037018,-0.002448,2,10
novel_obstacle_shift,counterfactual_boundary_learning_filter_v5_minus_boundary_learning_filter_v4,transfer_violation,-0.038021,0.021089,-0.059110,-0.016932,2,10
novel_obstacle_shift,counterfactual_boundary_learning_filter_v5_minus_boundary_learning_filter_v4,recovery_success,0.075521,0.022636,0.052885,0.098156,10,10
novel_obstacle_shift,counterfactual_boundary_learning_filter_v5_minus_boundary_learning_filter_v4,robust_utility,0.148139,0.030162,0.117977,0.178302,10,10
novel_obstacle_shift,counterfactual_boundary_learning_filter_v5_minus_boundary_learning_filter_v4,mechanism_utility,0.036882,0.023843,0.013038,0.060725,9,10
novel_obstacle_shift,counterfactual_boundary_learning_filter_v5_minus_boundary_learning_filter_v4,action_regret,-0.056298,0.010636,-0.066934,-0.045661,0,10
