method,split,task,seed,task_success,deployment_violation,intervention_rate,control_distortion,recovery_success,unshielded_violation,unshielded_success,filter_dependence,transfer_violation,oracle_regret,learned_boundary,boundary_f1,episodes
action_clipping_filter,boundary_shift,dynamic_obstacle_crossing,0,0.2222222222222222,0.5694444444444444,0.8194444444444444,0.33703434580811736,0.5555555555555556,0.6805555555555556,0.1388888888888889,0.8194444444444444,0.6527777777777778,1.355121065884491,0.04449876357375968,0.819672131147541,72
action_clipping_filter,boundary_shift,dynamic_obstacle_crossing,1,0.4166666666666667,0.4166666666666667,0.8333333333333334,0.33867560367552546,0.5972222222222222,0.5833333333333334,0.18055555555555555,0.8333333333333334,0.625,1.0840155358396106,0.044475628384890116,0.8571428571428571,72
action_clipping_filter,boundary_shift,dynamic_obstacle_crossing,2,0.3888888888888889,0.4166666666666667,0.7638888888888888,0.31537281199298756,0.5277777777777778,0.5694444444444444,0.16666666666666666,0.7638888888888888,0.7083333333333334,1.0847854404889854,0.044588424764339996,0.8,72
action_clipping_filter,boundary_shift,dynamic_obstacle_crossing,3,0.3611111111111111,0.5138888888888888,0.8472222222222222,0.3472532096457581,0.5694444444444444,0.5833333333333334,0.2361111111111111,0.8472222222222222,0.7222222222222222,1.2069937949905578,0.04446075009294162,0.8387096774193548,72
action_clipping_filter,boundary_shift,dynamic_obstacle_crossing,4,0.375,0.3888888888888889,0.8333333333333334,0.34588472687082106,0.4722222222222222,0.6111111111111112,0.125,0.8333333333333334,0.6111111111111112,1.0974022732858417,0.04451556178933608,0.8571428571428571,72
action_clipping_filter,boundary_shift,dynamic_obstacle_crossing,5,0.3333333333333333,0.4583333333333333,0.875,0.3622802284306684,0.4861111111111111,0.6111111111111112,0.1527777777777778,0.875,0.75,1.195070723620411,0.044485547054629954,0.8661417322834646,72
action_clipping_filter,boundary_shift,dynamic_obstacle_crossing,6,0.375,0.4444444444444444,0.8055555555555556,0.3332682003752281,0.5138888888888888,0.6944444444444444,0.1111111111111111,0.8055555555555556,0.6666666666666666,1.1426392188241752,0.04452138946048401,0.8387096774193548,72
action_clipping_filter,boundary_shift,fragile_object_pushing,0,0.2916666666666667,0.4166666666666667,0.5138888888888888,0.20269899483534104,0.4305555555555556,0.5,0.1527777777777778,0.5138888888888888,0.6666666666666666,1.0793834131424218,0.04446248754770546,0.6019417475728156,72
action_clipping_filter,boundary_shift,fragile_object_pushing,1,0.4444444444444444,0.3472222222222222,0.4444444444444444,0.17765350048990905,0.4861111111111111,0.4861111111111111,0.18055555555555555,0.4444444444444444,0.6527777777777778,0.8935172335422155,0.04446903794275772,0.5052631578947369,72
action_clipping_filter,boundary_shift,fragile_object_pushing,2,0.3611111111111111,0.4166666666666667,0.5,0.19585883445339197,0.4444444444444444,0.6388888888888888,0.09722222222222222,0.5,0.6111111111111112,1.0419218768806688,0.044455892054823226,0.5306122448979591,72
action_clipping_filter,boundary_shift,fragile_object_pushing,3,0.3888888888888889,0.4583333333333333,0.5555555555555556,0.21894444241432534,0.4861111111111111,0.625,0.1527777777777778,0.5555555555555556,0.6527777777777778,1.0692926667246292,0.04443951744853177,0.6153846153846153,72
action_clipping_filter,boundary_shift,fragile_object_pushing,4,0.4583333333333333,0.3888888888888889,0.5972222222222222,0.23055255722836124,0.4583333333333333,0.4861111111111111,0.1527777777777778,0.5972222222222222,0.6944444444444444,0.9568103532755013,0.04449178967662171,0.5510204081632654,72
action_clipping_filter,boundary_shift,fragile_object_pushing,5,0.4583333333333333,0.4305555555555556,0.4444444444444444,0.17280212250787605,0.4305555555555556,0.625,0.20833333333333334,0.4444444444444444,0.5972222222222222,0.9656139673528542,0.04443604490073249,0.4842105263157894,72
action_clipping_filter,boundary_shift,fragile_object_pushing,6,0.4583333333333333,0.4444444444444444,0.5833333333333334,0.22533020119029695,0.375,0.6111111111111112,0.1527777777777778,0.5833333333333334,0.625,1.0135546565716724,0.044433681779939935,0.5154639175257731,72
action_clipping_filter,boundary_shift,human_workspace_reaching,0,0.375,0.5,0.5972222222222222,0.22890491259397333,0.6111111111111112,0.6111111111111112,0.25,0.5972222222222222,0.5833333333333334,1.143602383990795,0.044482973766255665,0.56,72
action_clipping_filter,boundary_shift,human_workspace_reaching,1,0.3888888888888889,0.4444444444444444,0.6527777777777778,0.255980226048004,0.5972222222222222,0.6388888888888888,0.2777777777777778,0.6527777777777778,0.6111111111111112,1.1103797081778437,0.044422400500999826,0.6542056074766355,72
action_clipping_filter,boundary_shift,human_workspace_reaching,2,0.4444444444444444,0.4722222222222222,0.5,0.19781551279734055,0.5,0.5277777777777778,0.25,0.5,0.625,1.0373398742982072,0.0443905345315995,0.5882352941176471,72
action_clipping_filter,boundary_shift,human_workspace_reaching,3,0.4027777777777778,0.4583333333333333,0.6805555555555556,0.272097323807841,0.6527777777777778,0.5,0.19444444444444445,0.6805555555555556,0.6944444444444444,1.1033035733178946,0.04448694730558384,0.7368421052631579,72
action_clipping_filter,boundary_shift,human_workspace_reaching,4,0.2638888888888889,0.4583333333333333,0.5138888888888888,0.20142070627236716,0.5138888888888888,0.5555555555555556,0.19444444444444445,0.5138888888888888,0.6388888888888888,1.161977768070325,0.04448927943369239,0.5882352941176471,72
action_clipping_filter,boundary_shift,human_workspace_reaching,5,0.4444444444444444,0.3472222222222222,0.6666666666666666,0.26286603852563983,0.5,0.6388888888888888,0.16666666666666666,0.6666666666666666,0.6666666666666666,0.9962670681644111,0.04443443798146234,0.6542056074766355,72
action_clipping_filter,boundary_shift,human_workspace_reaching,6,0.3888888888888889,0.3888888888888889,0.6527777777777778,0.2635134011893716,0.4861111111111111,0.5277777777777778,0.2222222222222222,0.6527777777777778,0.6666666666666666,1.054061384947752,0.0444764517844963,0.7256637168141593,72
action_clipping_filter,boundary_shift,narrow_corridor_navigation,0,0.3888888888888889,0.375,0.6944444444444444,0.2733870978748386,0.5694444444444444,0.6805555555555556,0.16666666666666666,0.6944444444444444,0.6944444444444444,1.055767822541004,0.04448432352933266,0.6542056074766355,72
action_clipping_filter,boundary_shift,narrow_corridor_navigation,1,0.5,0.375,0.625,0.25221435446828383,0.6388888888888888,0.4583333333333333,0.25,0.625,0.6805555555555556,0.9317176037177709,0.04453903880125423,0.7142857142857143,72
action_clipping_filter,boundary_shift,narrow_corridor_navigation,2,0.4027777777777778,0.4305555555555556,0.5,0.1984256331698607,0.5138888888888888,0.6388888888888888,0.19444444444444445,0.5,0.6666666666666666,1.031399783739086,0.04448787898469489,0.5742574257425743,72
action_clipping_filter,boundary_shift,narrow_corridor_navigation,3,0.3333333333333333,0.4166666666666667,0.6666666666666666,0.26500487547689855,0.5277777777777778,0.6111111111111112,0.2222222222222222,0.6666666666666666,0.6388888888888888,1.1135028040974526,0.04444747958534743,0.7142857142857143,72
action_clipping_filter,boundary_shift,narrow_corridor_navigation,4,0.3611111111111111,0.4444444444444444,0.5555555555555556,0.2221820119967187,0.5972222222222222,0.5972222222222222,0.2222222222222222,0.5555555555555556,0.6527777777777778,1.0836787966541255,0.044526483462663524,0.6542056074766355,72
action_clipping_filter,boundary_shift,narrow_corridor_navigation,5,0.3611111111111111,0.5138888888888888,0.5416666666666666,0.213451185615325,0.6527777777777778,0.5833333333333334,0.2361111111111111,0.5416666666666666,0.5277777777777778,1.1332572004157235,0.04447023394943461,0.5454545454545454,72
action_clipping_filter,boundary_shift,narrow_corridor_navigation,6,0.4166666666666667,0.4722222222222222,0.6527777777777778,0.25378678986964054,0.625,0.5694444444444444,0.125,0.6527777777777778,0.6111111111111112,1.0875944377426814,0.044499710946444164,0.5882352941176471,72
action_clipping_filter,combined_safety_stress,dynamic_obstacle_crossing,0,0.2916666666666667,0.5138888888888888,0.9722222222222222,0.4200302100982865,0.5416666666666666,0.6805555555555556,0.1111111111111111,0.9722222222222222,0.7222222222222222,1.2999597305268458,0.044179895737777114,0.9489051094890512,72
action_clipping_filter,combined_safety_stress,dynamic_obstacle_crossing,1,0.3611111111111111,0.4722222222222222,0.9444444444444444,0.39903698117796993,0.4444444444444444,0.8333333333333334,0.041666666666666664,0.9444444444444444,0.7083333333333334,1.2240023059915024,0.04426368253767567,0.9333333333333333,72
action_clipping_filter,combined_safety_stress,dynamic_obstacle_crossing,2,0.3055555555555556,0.5277777777777778,0.9444444444444444,0.41229621155987,0.4722222222222222,0.7777777777777778,0.06944444444444445,0.9444444444444444,0.7083333333333334,1.3059973878017463,0.04422066618894391,0.9411764705882353,72
action_clipping_filter,combined_safety_stress,dynamic_obstacle_crossing,3,0.3472222222222222,0.4444444444444444,0.9722222222222222,0.4308518353413471,0.5138888888888888,0.8194444444444444,0.09722222222222222,0.9722222222222222,0.7222222222222222,1.2249666336211307,0.0442654892022784,0.9640287769784173,72
action_clipping_filter,combined_safety_stress,dynamic_obstacle_crossing,4,0.20833333333333334,0.4583333333333333,0.9722222222222222,0.4207691944071951,0.5138888888888888,0.7361111111111112,0.125,0.9722222222222222,0.6944444444444444,1.3225302166047845,0.04416198520633179,0.9411764705882353,72
action_clipping_filter,combined_safety_stress,dynamic_obstacle_crossing,5,0.2361111111111111,0.5555555555555556,0.9444444444444444,0.41180057467332465,0.4861111111111111,0.5416666666666666,0.125,0.9444444444444444,0.7916666666666666,1.3493267394291426,0.04426883881700164,0.9565217391304348,72
action_clipping_filter,combined_safety_stress,dynamic_obstacle_crossing,6,0.3472222222222222,0.5555555555555556,0.9861111111111112,0.42597432078292474,0.5277777777777778,0.6388888888888888,0.125,0.9861111111111112,0.7777777777777778,1.292468860354236,0.04425824226504907,0.9714285714285714,72
action_clipping_filter,combined_safety_stress,fragile_object_pushing,0,0.375,0.3194444444444444,0.7361111111111112,0.2968039243211368,0.4583333333333333,0.5277777777777778,0.16666666666666666,0.7361111111111112,0.6666666666666666,0.9992920486456668,0.044215707481651094,0.7692307692307693,72
action_clipping_filter,combined_safety_stress,fragile_object_pushing,1,0.3333333333333333,0.4305555555555556,0.7916666666666666,0.31800295234605075,0.3888888888888889,0.5972222222222222,0.06944444444444445,0.7916666666666666,0.7222222222222222,1.1407752350148974,0.044213297811751505,0.7796610169491525,72
action_clipping_filter,combined_safety_stress,fragile_object_pushing,2,0.3472222222222222,0.4861111111111111,0.7222222222222222,0.28865576103699,0.4305555555555556,0.5694444444444444,0.1527777777777778,0.7222222222222222,0.6111111111111112,1.1527866721859064,0.04426724444176536,0.7586206896551725,72
action_clipping_filter,combined_safety_stress,fragile_object_pushing,3,0.3888888888888889,0.4305555555555556,0.7638888888888888,0.30550283844902415,0.4027777777777778,0.6388888888888888,0.1111111111111111,0.7638888888888888,0.6666666666666666,1.09748142762714,0.04425987250784333,0.7368421052631579,72
action_clipping_filter,combined_safety_stress,fragile_object_pushing,4,0.3333333333333333,0.4305555555555556,0.7222222222222222,0.2931976527873021,0.3472222222222222,0.4861111111111111,0.1111111111111111,0.7222222222222222,0.6666666666666666,1.1089371712219662,0.04427966473898845,0.7692307692307693,72
action_clipping_filter,combined_safety_stress,fragile_object_pushing,5,0.2638888888888889,0.4861111111111111,0.7361111111111112,0.29594792753405114,0.3055555555555556,0.6666666666666666,0.041666666666666664,0.7361111111111112,0.6527777777777778,1.2288724331451661,0.04425019405215247,0.7478260869565216,72
action_clipping_filter,combined_safety_stress,fragile_object_pushing,6,0.3611111111111111,0.3888888888888889,0.7777777777777778,0.3153744692265967,0.4722222222222222,0.6805555555555556,0.06944444444444445,0.7777777777777778,0.6805555555555556,1.0951493412925046,0.044214285093344206,0.8099173553719008,72
action_clipping_filter,combined_safety_stress,human_workspace_reaching,0,0.3055555555555556,0.5694444444444444,0.8055555555555556,0.327959411305733,0.5,0.6666666666666666,0.18055555555555555,0.8055555555555556,0.6944444444444444,1.310030882281815,0.04423143880774119,0.8292682926829268,72
action_clipping_filter,combined_safety_stress,human_workspace_reaching,1,0.3472222222222222,0.3472222222222222,0.8055555555555556,0.33682493960196097,0.5416666666666666,0.7222222222222222,0.1527777777777778,0.8055555555555556,0.7361111111111112,1.1110712399502782,0.044246448845252674,0.8099173553719008,72
action_clipping_filter,combined_safety_stress,human_workspace_reaching,2,0.3055555555555556,0.4861111111111111,0.8611111111111112,0.3596569021512644,0.5277777777777778,0.6388888888888888,0.08333333333333333,0.8611111111111112,0.7361111111111112,1.2570848109094983,0.04425470762939284,0.8837209302325582,72
action_clipping_filter,combined_safety_stress,human_workspace_reaching,3,0.3611111111111111,0.4444444444444444,0.8194444444444444,0.34492489756530326,0.4722222222222222,0.5833333333333334,0.1388888888888889,0.8194444444444444,0.6944444444444444,1.167263079976908,0.04430630650432002,0.8480000000000001,72
action_clipping_filter,combined_safety_stress,human_workspace_reaching,4,0.25,0.4722222222222222,0.8194444444444444,0.3397185362245892,0.5,0.6388888888888888,0.20833333333333334,0.8194444444444444,0.625,1.273928244513816,0.04425714459214467,0.8480000000000001,72
action_clipping_filter,combined_safety_stress,human_workspace_reaching,5,0.4166666666666667,0.3888888888888889,0.8472222222222222,0.34575160422560086,0.4027777777777778,0.5694444444444444,0.2222222222222222,0.8472222222222222,0.7361111111111112,1.0852684508065928,0.044289218911497716,0.8387096774193548,72
action_clipping_filter,combined_safety_stress,human_workspace_reaching,6,0.3472222222222222,0.4722222222222222,0.8611111111111112,0.3554109267790677,0.5833333333333334,0.625,0.1388888888888889,0.8611111111111112,0.6944444444444444,1.2144340560771774,0.044236062438932584,0.8571428571428571,72
action_clipping_filter,combined_safety_stress,narrow_corridor_navigation,0,0.2916666666666667,0.4166666666666667,0.8055555555555556,0.3319937906818207,0.5555555555555556,0.5555555555555556,0.125,0.8055555555555556,0.625,1.169404905879178,0.044240959983889265,0.8480000000000001,72
action_clipping_filter,combined_safety_stress,narrow_corridor_navigation,1,0.3333333333333333,0.5277777777777778,0.875,0.35832944844947257,0.625,0.6666666666666666,0.06944444444444445,0.875,0.7083333333333334,1.260618293860567,0.044224348239575106,0.8837209302325582,72
action_clipping_filter,combined_safety_stress,narrow_corridor_navigation,2,0.375,0.4166666666666667,0.9166666666666666,0.3824715014424525,0.5833333333333334,0.7222222222222222,0.1388888888888889,0.9166666666666666,0.7083333333333334,1.161865875388611,0.044240965790918935,0.9172932330827067,72
action_clipping_filter,combined_safety_stress,narrow_corridor_navigation,3,0.4166666666666667,0.4166666666666667,0.8888888888888888,0.3592958266550384,0.6527777777777778,0.5833333333333334,0.16666666666666666,0.8888888888888888,0.6666666666666666,1.1044324758332698,0.044172129485134395,0.8387096774193548,72
action_clipping_filter,combined_safety_stress,narrow_corridor_navigation,4,0.3194444444444444,0.5,0.8194444444444444,0.3439299618008562,0.6111111111111112,0.5416666666666666,0.2638888888888889,0.8194444444444444,0.6388888888888888,1.2198664755246573,0.04427211993728855,0.8480000000000001,72
action_clipping_filter,combined_safety_stress,narrow_corridor_navigation,5,0.3055555555555556,0.4722222222222222,0.8333333333333334,0.3462080753799006,0.5277777777777778,0.7222222222222222,0.1111111111111111,0.8333333333333334,0.6527777777777778,1.233156421143637,0.044229981648530564,0.819672131147541,72
action_clipping_filter,combined_safety_stress,narrow_corridor_navigation,6,0.3472222222222222,0.4722222222222222,0.7777777777777778,0.3174276538053678,0.5694444444444444,0.625,0.18055555555555555,0.7777777777777778,0.7222222222222222,1.1732078893583546,0.044264717887423664,0.8387096774193548,72
action_clipping_filter,delayed_dynamics,dynamic_obstacle_crossing,0,0.3055555555555556,0.5138888888888888,0.5555555555555556,0.2189763582066382,0.3194444444444444,0.5972222222222222,0.19444444444444445,0.5555555555555556,0.4583333333333333,1.1447272754439237,0.04668166996031248,0.56,72
action_clipping_filter,delayed_dynamics,dynamic_obstacle_crossing,1,0.3611111111111111,0.5,0.5694444444444444,0.22073150216265797,0.4444444444444444,0.4722222222222222,0.3333333333333333,0.5694444444444444,0.4583333333333333,1.0816151060243362,0.04663741047962035,0.5306122448979591,72
action_clipping_filter,delayed_dynamics,dynamic_obstacle_crossing,2,0.2916666666666667,0.5833333333333334,0.6388888888888888,0.24799682160157635,0.4166666666666667,0.5833333333333334,0.19444444444444445,0.6388888888888888,0.4583333333333333,1.2312711395056377,0.04665485424755375,0.5882352941176471,72
action_clipping_filter,delayed_dynamics,dynamic_obstacle_crossing,3,0.2638888888888889,0.5972222222222222,0.5277777777777778,0.20388813005977274,0.4722222222222222,0.5972222222222222,0.20833333333333334,0.5277777777777778,0.5833333333333334,1.2329765727760322,0.046723260330612,0.5454545454545454,72
action_clipping_filter,delayed_dynamics,dynamic_obstacle_crossing,4,0.19444444444444445,0.5277777777777778,0.5833333333333334,0.22360916235768175,0.5277777777777778,0.5277777777777778,0.19444444444444445,0.5833333333333334,0.6527777777777778,1.233706473676951,0.046692135556424035,0.5882352941176471,72
action_clipping_filter,delayed_dynamics,dynamic_obstacle_crossing,5,0.2777777777777778,0.5833333333333334,0.5416666666666666,0.21703563441578605,0.4444444444444444,0.5416666666666666,0.2638888888888889,0.5416666666666666,0.5555555555555556,1.2106599677508483,0.04671268660123017,0.5742574257425743,72
action_clipping_filter,delayed_dynamics,dynamic_obstacle_crossing,6,0.2638888888888889,0.625,0.5416666666666666,0.21007738505853166,0.5,0.5555555555555556,0.2222222222222222,0.5416666666666666,0.5833333333333334,1.2549149503625305,0.04661927175185713,0.6153846153846153,72
action_clipping_filter,delayed_dynamics,fragile_object_pushing,0,0.3611111111111111,0.5,0.16666666666666666,0.06226720984850832,0.3472222222222222,0.375,0.4027777777777778,0.16666666666666666,0.4583333333333333,0.9652392807221415,0.046710307580818476,0.14925373134328357,72
action_clipping_filter,delayed_dynamics,fragile_object_pushing,1,0.3611111111111111,0.5416666666666666,0.2361111111111111,0.09065268394110815,0.4027777777777778,0.5,0.16666666666666666,0.2361111111111111,0.3611111111111111,1.033558618841953,0.04671022769529651,0.29333333333333333,72
action_clipping_filter,delayed_dynamics,fragile_object_pushing,2,0.4305555555555556,0.4305555555555556,0.19444444444444445,0.07138065290747934,0.375,0.4166666666666667,0.2916666666666667,0.19444444444444445,0.5416666666666666,0.8724765066071934,0.04670786615400119,0.14084507042253522,72
action_clipping_filter,delayed_dynamics,fragile_object_pushing,3,0.2222222222222222,0.6666666666666666,0.18055555555555555,0.06906122694009992,0.4166666666666667,0.5555555555555556,0.2222222222222222,0.18055555555555555,0.4444444444444444,1.2243246137518833,0.04671896556433582,0.2285714285714286,72
action_clipping_filter,delayed_dynamics,fragile_object_pushing,4,0.2916666666666667,0.5972222222222222,0.19444444444444445,0.07326298025904826,0.4305555555555556,0.4861111111111111,0.3611111111111111,0.19444444444444445,0.4722222222222222,1.1141112497600085,0.046652693575036853,0.24324324324324326,72
action_clipping_filter,delayed_dynamics,fragile_object_pushing,5,0.2916666666666667,0.5416666666666666,0.2916666666666667,0.11043475012800935,0.3888888888888889,0.4861111111111111,0.20833333333333334,0.2916666666666667,0.375,1.0966817439689758,0.04662899829051606,0.3466666666666667,72
action_clipping_filter,delayed_dynamics,fragile_object_pushing,6,0.4027777777777778,0.5138888888888888,0.16666666666666666,0.06214828798934911,0.375,0.375,0.3055555555555556,0.16666666666666666,0.4444444444444444,0.946413102005976,0.04671634078139645,0.21052631578947367,72
action_clipping_filter,delayed_dynamics,human_workspace_reaching,0,0.3055555555555556,0.5972222222222222,0.2638888888888889,0.09871396760818857,0.4027777777777778,0.6527777777777778,0.19444444444444445,0.2638888888888889,0.5694444444444444,1.1663920073896734,0.04668696879184374,0.2222222222222222,72
action_clipping_filter,delayed_dynamics,human_workspace_reaching,1,0.2916666666666667,0.5833333333333334,0.3194444444444444,0.12151692939287992,0.4583333333333333,0.4861111111111111,0.2916666666666667,0.3194444444444444,0.5277777777777778,1.160945098768834,0.046688876064964274,0.3448275862068966,72
action_clipping_filter,delayed_dynamics,human_workspace_reaching,2,0.2361111111111111,0.6666666666666666,0.3194444444444444,0.11959699611462063,0.6388888888888888,0.5416666666666666,0.19444444444444445,0.3194444444444444,0.4027777777777778,1.2743599529044027,0.04672161319101028,0.3448275862068966,72
action_clipping_filter,delayed_dynamics,human_workspace_reaching,3,0.3333333333333333,0.6388888888888888,0.3055555555555556,0.11494271544120238,0.5,0.5138888888888888,0.2638888888888889,0.3055555555555556,0.4305555555555556,1.1742774296713665,0.046751710775416656,0.30588235294117644,72
action_clipping_filter,delayed_dynamics,human_workspace_reaching,4,0.3194444444444444,0.5694444444444444,0.2777777777777778,0.10565815063461419,0.4027777777777778,0.5277777777777778,0.2638888888888889,0.2777777777777778,0.5833333333333334,1.1241030956207116,0.046646636206943204,0.30588235294117644,72
action_clipping_filter,delayed_dynamics,human_workspace_reaching,5,0.2777777777777778,0.6111111111111112,0.2222222222222222,0.0871580411328827,0.4861111111111111,0.5138888888888888,0.3194444444444444,0.2222222222222222,0.4166666666666667,1.1701799122690515,0.04670423563828473,0.24390243902439027,72
action_clipping_filter,delayed_dynamics,human_workspace_reaching,6,0.2777777777777778,0.6388888888888888,0.1527777777777778,0.06101173585652648,0.5,0.4444444444444444,0.2638888888888889,0.1527777777777778,0.5138888888888888,1.1654642284327332,0.04670456529384649,0.2222222222222222,72
action_clipping_filter,delayed_dynamics,narrow_corridor_navigation,0,0.3888888888888889,0.5,0.2638888888888889,0.10007047926719022,0.5138888888888888,0.375,0.3472222222222222,0.2638888888888889,0.4166666666666667,0.9800296649824721,0.046647474840756424,0.23684210526315788,72
action_clipping_filter,delayed_dynamics,narrow_corridor_navigation,1,0.2777777777777778,0.5972222222222222,0.375,0.1467279615934074,0.5,0.5833333333333334,0.1527777777777778,0.375,0.4166666666666667,1.195149905786855,0.04664238690943038,0.4318181818181819,72
action_clipping_filter,delayed_dynamics,narrow_corridor_navigation,2,0.3333333333333333,0.5138888888888888,0.2916666666666667,0.1122719634279677,0.6527777777777778,0.5277777777777778,0.3055555555555556,0.2916666666666667,0.4861111111111111,1.0575865336990187,0.04667564413904599,0.325,72
action_clipping_filter,delayed_dynamics,narrow_corridor_navigation,3,0.3472222222222222,0.5416666666666666,0.3055555555555556,0.11830292028221706,0.5972222222222222,0.6111111111111112,0.19444444444444445,0.3055555555555556,0.4444444444444444,1.0839070062175584,0.0466653424092366,0.3529411764705882,72
action_clipping_filter,delayed_dynamics,narrow_corridor_navigation,4,0.3194444444444444,0.5555555555555556,0.3611111111111111,0.13920017531873138,0.4861111111111111,0.4722222222222222,0.2222222222222222,0.3611111111111111,0.3888888888888889,1.1127761383763906,0.046592482946061727,0.372093023255814,72
action_clipping_filter,delayed_dynamics,narrow_corridor_navigation,5,0.375,0.5277777777777778,0.2361111111111111,0.09313718659577293,0.6111111111111112,0.4861111111111111,0.19444444444444445,0.2361111111111111,0.5138888888888888,1.018761971291155,0.04666555864321968,0.30379746835443033,72
action_clipping_filter,delayed_dynamics,narrow_corridor_navigation,6,0.3194444444444444,0.6111111111111112,0.2638888888888889,0.10098426799198162,0.6111111111111112,0.5,0.20833333333333334,0.2638888888888889,0.375,1.1343108252201664,0.04670517080868033,0.35294117647058826,72
action_clipping_filter,nominal_boundary,dynamic_obstacle_crossing,0,0.2777777777777778,0.5138888888888888,0.027777777777777776,0.010400527428838124,0.5555555555555556,0.4444444444444444,0.3472222222222222,0.027777777777777776,0.2777777777777778,1.0257046529326286,0.04772521625327605,0.04347826086956522,72
action_clipping_filter,nominal_boundary,dynamic_obstacle_crossing,1,0.3611111111111111,0.4444444444444444,0.041666666666666664,0.01604547546325967,0.5694444444444444,0.4722222222222222,0.3055555555555556,0.041666666666666664,0.3472222222222222,0.9167649248860061,0.04774134165946104,0.0909090909090909,72
action_clipping_filter,nominal_boundary,dynamic_obstacle_crossing,2,0.4166666666666667,0.4861111111111111,0.041666666666666664,0.016009679379543024,0.5694444444444444,0.3333333333333333,0.4722222222222222,0.041666666666666664,0.4305555555555556,0.8932934166943212,0.047773770938499244,0.0392156862745098,72
action_clipping_filter,nominal_boundary,dynamic_obstacle_crossing,3,0.5138888888888888,0.4166666666666667,0.027777777777777776,0.009864703047580288,0.625,0.3611111111111111,0.4444444444444444,0.027777777777777776,0.3194444444444444,0.7679348058897718,0.047829843881410365,0.0,72
action_clipping_filter,nominal_boundary,dynamic_obstacle_crossing,4,0.3888888888888889,0.5694444444444444,0.041666666666666664,0.015449293948703646,0.5555555555555556,0.4444444444444444,0.375,0.041666666666666664,0.4166666666666667,0.9927492477569955,0.04780494342067276,0.08695652173913045,72
action_clipping_filter,nominal_boundary,dynamic_obstacle_crossing,5,0.4027777777777778,0.4583333333333333,0.041666666666666664,0.015053401076286253,0.5555555555555556,0.3472222222222222,0.3611111111111111,0.041666666666666664,0.4166666666666667,0.8831546391091858,0.047830668358901963,0.0,72
action_clipping_filter,nominal_boundary,dynamic_obstacle_crossing,6,0.2777777777777778,0.5277777777777778,0.08333333333333333,0.031113609193598363,0.5555555555555556,0.4166666666666667,0.3333333333333333,0.08333333333333333,0.375,1.0482946554552255,0.04775825802715651,0.17391304347826084,72
action_clipping_filter,nominal_boundary,fragile_object_pushing,0,0.4305555555555556,0.3611111111111111,0.0,0.0,0.4166666666666667,0.25,0.4722222222222222,0.0,0.3194444444444444,0.7701079003541037,0.04777221812390479,0.0,72
action_clipping_filter,nominal_boundary,fragile_object_pushing,1,0.5416666666666666,0.3194444444444444,0.0,0.0,0.5555555555555556,0.2638888888888889,0.4583333333333333,0.0,0.3055555555555556,0.6584754831858878,0.04777973175336857,0.0,72
action_clipping_filter,nominal_boundary,fragile_object_pushing,2,0.3888888888888889,0.4722222222222222,0.0,0.0,0.5416666666666666,0.3194444444444444,0.3888888888888889,0.0,0.2361111111111111,0.8972065868210913,0.047834316921259556,0.0,72
action_clipping_filter,nominal_boundary,fragile_object_pushing,3,0.5277777777777778,0.3333333333333333,0.013888888888888888,0.005337531425070728,0.5277777777777778,0.25,0.4444444444444444,0.013888888888888888,0.25,0.6816736105640729,0.047683782682563625,0.0,72
action_clipping_filter,nominal_boundary,fragile_object_pushing,4,0.4583333333333333,0.4027777777777778,0.013888888888888888,0.004952476790205278,0.5694444444444444,0.2777777777777778,0.3055555555555556,0.013888888888888888,0.25,0.7906342322073311,0.04779160932800032,0.0,72
action_clipping_filter,nominal_boundary,fragile_object_pushing,5,0.4722222222222222,0.3888888888888889,0.0,0.0,0.5416666666666666,0.4166666666666667,0.2916666666666667,0.0,0.3333333333333333,0.7823280102527401,0.04778912458853277,0.0,72
action_clipping_filter,nominal_boundary,fragile_object_pushing,6,0.5555555555555556,0.3472222222222222,0.0,0.0,0.5138888888888888,0.3333333333333333,0.4861111111111111,0.0,0.2777777777777778,0.6793619824604369,0.04774873188899277,0.0,72
action_clipping_filter,nominal_boundary,human_workspace_reaching,0,0.4444444444444444,0.4583333333333333,0.0,0.0,0.5416666666666666,0.3611111111111111,0.5138888888888888,0.0,0.3333333333333333,0.8748589227489523,0.04782068869413087,0.0,72
action_clipping_filter,nominal_boundary,human_workspace_reaching,1,0.4722222222222222,0.3888888888888889,0.0,0.0,0.5,0.2638888888888889,0.5833333333333334,0.0,0.3055555555555556,0.7863528238012695,0.04779021136024889,0.0,72
action_clipping_filter,nominal_boundary,human_workspace_reaching,2,0.4305555555555556,0.4722222222222222,0.013888888888888888,0.005524355919983534,0.5416666666666666,0.2222222222222222,0.4861111111111111,0.013888888888888888,0.375,0.8825955984498142,0.047727433440887895,0.08333333333333333,72
action_clipping_filter,nominal_boundary,human_workspace_reaching,3,0.5416666666666666,0.4166666666666667,0.013888888888888888,0.004946672952974105,0.5833333333333334,0.3472222222222222,0.4027777777777778,0.013888888888888888,0.2361111111111111,0.7733907153015387,0.04784477653174003,0.0,72
action_clipping_filter,nominal_boundary,human_workspace_reaching,4,0.4444444444444444,0.4305555555555556,0.0,0.0,0.5,0.3611111111111111,0.3888888888888889,0.0,0.2916666666666667,0.8524859644052852,0.047734495300968585,0.0,72
action_clipping_filter,nominal_boundary,human_workspace_reaching,5,0.4166666666666667,0.4861111111111111,0.05555555555555555,0.021272410898121572,0.5416666666666666,0.2777777777777778,0.4583333333333333,0.05555555555555555,0.3055555555555556,0.9225219021019286,0.04772022756035021,0.09999999999999999,72
action_clipping_filter,nominal_boundary,human_workspace_reaching,6,0.5416666666666666,0.3333333333333333,0.0,0.0,0.6388888888888888,0.3888888888888889,0.4027777777777778,0.0,0.2916666666666667,0.7078116998882007,0.04789088449864904,0.0,72
action_clipping_filter,nominal_boundary,narrow_corridor_navigation,0,0.4166666666666667,0.4305555555555556,0.013888888888888888,0.005146952938465471,0.5555555555555556,0.3611111111111111,0.3055555555555556,0.013888888888888888,0.2916666666666667,0.8603276364334345,0.047759794902750126,0.33333333333333337,72
action_clipping_filter,nominal_boundary,narrow_corridor_navigation,1,0.4166666666666667,0.4722222222222222,0.0,0.0,0.5555555555555556,0.2361111111111111,0.5416666666666666,0.0,0.2916666666666667,0.8748759701895376,0.04779351730547313,0.0,72
action_clipping_filter,nominal_boundary,narrow_corridor_navigation,2,0.4722222222222222,0.4861111111111111,0.013888888888888888,0.004931564523334471,0.5277777777777778,0.2916666666666667,0.4305555555555556,0.013888888888888888,0.3055555555555556,0.8562920384145014,0.04779828134189918,0.0,72
action_clipping_filter,nominal_boundary,narrow_corridor_navigation,3,0.4861111111111111,0.4027777777777778,0.013888888888888888,0.0050967961143430825,0.5972222222222222,0.4027777777777778,0.3194444444444444,0.013888888888888888,0.3333333333333333,0.7929978193267377,0.047793068002830605,0.0,72
action_clipping_filter,nominal_boundary,narrow_corridor_navigation,4,0.4722222222222222,0.4305555555555556,0.013888888888888888,0.004965961558591474,0.6111111111111112,0.3194444444444444,0.4305555555555556,0.013888888888888888,0.4166666666666667,0.8157114244900027,0.0478280759023505,0.0,72
action_clipping_filter,nominal_boundary,narrow_corridor_navigation,5,0.5,0.4166666666666667,0.027777777777777776,0.010194489473389107,0.6111111111111112,0.18055555555555555,0.5277777777777778,0.027777777777777776,0.3055555555555556,0.7717900233390393,0.04781228457639054,0.0,72
action_clipping_filter,nominal_boundary,narrow_corridor_navigation,6,0.4444444444444444,0.4444444444444444,0.013888888888888888,0.004962997613190285,0.5694444444444444,0.375,0.375,0.013888888888888888,0.2638888888888889,0.8536213527173966,0.047796092527997935,0.0,72
action_clipping_filter,tightened_safe_set,dynamic_obstacle_crossing,0,0.3333333333333333,0.4722222222222222,0.6527777777777778,0.2627104110168872,0.4861111111111111,0.6527777777777778,0.1111111111111111,0.6527777777777778,0.6111111111111112,1.148401383031476,0.046557845534535826,0.7027027027027027,72
action_clipping_filter,tightened_safe_set,dynamic_obstacle_crossing,1,0.3055555555555556,0.4861111111111111,0.6111111111111112,0.24117059705929242,0.5972222222222222,0.6944444444444444,0.1388888888888889,0.6111111111111112,0.5416666666666666,1.1720888353072525,0.04656419675196039,0.6909090909090909,72
action_clipping_filter,tightened_safe_set,dynamic_obstacle_crossing,2,0.2916666666666667,0.5972222222222222,0.6388888888888888,0.24876170290366842,0.5694444444444444,0.5555555555555556,0.20833333333333334,0.6388888888888888,0.6111111111111112,1.2603191185011955,0.04662970214678614,0.6666666666666666,72
action_clipping_filter,tightened_safe_set,dynamic_obstacle_crossing,3,0.25,0.5,0.6944444444444444,0.27338536544235453,0.6111111111111112,0.5555555555555556,0.125,0.6944444444444444,0.5555555555555556,1.2293058072196845,0.04656183784372959,0.7027027027027027,72
action_clipping_filter,tightened_safe_set,dynamic_obstacle_crossing,4,0.2777777777777778,0.4305555555555556,0.6805555555555556,0.27188236028330426,0.4722222222222222,0.6388888888888888,0.08333333333333333,0.6805555555555556,0.5972222222222222,1.1604836630992128,0.04653540088802986,0.6909090909090909,72
action_clipping_filter,tightened_safe_set,dynamic_obstacle_crossing,5,0.3333333333333333,0.375,0.6388888888888888,0.2564101031031205,0.625,0.5833333333333334,0.19444444444444445,0.6388888888888888,0.5138888888888888,1.0588163835857674,0.04656003454561598,0.7256637168141593,72
action_clipping_filter,tightened_safe_set,dynamic_obstacle_crossing,6,0.2222222222222222,0.5833333333333334,0.6527777777777778,0.2623438147611638,0.5833333333333334,0.4722222222222222,0.2638888888888889,0.6527777777777778,0.5416666666666666,1.2961771469714678,0.04653265781314089,0.6788990825688073,72
action_clipping_filter,tightened_safe_set,fragile_object_pushing,0,0.3333333333333333,0.5972222222222222,0.20833333333333334,0.07871120847107935,0.5138888888888888,0.5416666666666666,0.2361111111111111,0.20833333333333334,0.4305555555555556,1.1166668889627527,0.04662727765439914,0.24390243902439027,72
action_clipping_filter,tightened_safe_set,fragile_object_pushing,1,0.3611111111111111,0.4583333333333333,0.19444444444444445,0.07436860887405713,0.5555555555555556,0.4861111111111111,0.19444444444444445,0.19444444444444445,0.3194444444444444,0.9754413401135132,0.04663016941160713,0.19999999999999998,72
action_clipping_filter,tightened_safe_set,fragile_object_pushing,2,0.3472222222222222,0.4444444444444444,0.25,0.09471791728478261,0.4305555555555556,0.5555555555555556,0.1388888888888889,0.25,0.5,0.9975788295114426,0.04659445063587354,0.24390243902439027,72
action_clipping_filter,tightened_safe_set,fragile_object_pushing,3,0.4305555555555556,0.4722222222222222,0.2222222222222222,0.0863640311770547,0.5277777777777778,0.4166666666666667,0.3333333333333333,0.2222222222222222,0.375,0.9361833279725728,0.04663986759996641,0.26506024096385544,72
action_clipping_filter,tightened_safe_set,fragile_object_pushing,4,0.3611111111111111,0.4583333333333333,0.2777777777777778,0.10528482296366375,0.375,0.4583333333333333,0.2638888888888889,0.2777777777777778,0.4166666666666667,0.9943048145818479,0.04655899971611536,0.24390243902439027,72
action_clipping_filter,tightened_safe_set,fragile_object_pushing,5,0.3611111111111111,0.4444444444444444,0.2777777777777778,0.10848692832812895,0.4583333333333333,0.5138888888888888,0.18055555555555555,0.2777777777777778,0.5277777777777778,0.9915153234734425,0.04658006330820243,0.38202247191011235,72
action_clipping_filter,tightened_safe_set,fragile_object_pushing,6,0.2916666666666667,0.5277777777777778,0.3611111111111111,0.13839860328656145,0.3888888888888889,0.4027777777777778,0.25,0.3611111111111111,0.4583333333333333,1.1167825263666735,0.046595779771992446,0.4347826086956522,72
action_clipping_filter,tightened_safe_set,human_workspace_reaching,0,0.4166666666666667,0.4861111111111111,0.2777777777777778,0.10631748628431627,0.5277777777777778,0.4583333333333333,0.25,0.2777777777777778,0.4861111111111111,1.0005375920966746,0.0465514623118208,0.2857142857142857,72
action_clipping_filter,tightened_safe_set,human_workspace_reaching,1,0.4583333333333333,0.4166666666666667,0.375,0.14390783404790572,0.4861111111111111,0.5555555555555556,0.2361111111111111,0.375,0.5555555555555556,0.9535715360635868,0.0466417401492818,0.4347826086956522,72
action_clipping_filter,tightened_safe_set,human_workspace_reaching,2,0.25,0.5555555555555556,0.3055555555555556,0.11915532727936731,0.5694444444444444,0.5,0.25,0.3055555555555556,0.4861111111111111,1.188722980644345,0.046626167723286205,0.4,72
action_clipping_filter,tightened_safe_set,human_workspace_reaching,3,0.3472222222222222,0.5,0.3055555555555556,0.11858786028037763,0.4305555555555556,0.5138888888888888,0.25,0.3055555555555556,0.4861111111111111,1.077251744893312,0.04658196013860142,0.3636363636363636,72
action_clipping_filter,tightened_safe_set,human_workspace_reaching,4,0.3472222222222222,0.4861111111111111,0.2361111111111111,0.09099497240802586,0.5555555555555556,0.4861111111111111,0.2638888888888889,0.2361111111111111,0.5,1.0425401449254101,0.04660110245115779,0.30588235294117644,72
action_clipping_filter,tightened_safe_set,human_workspace_reaching,5,0.3611111111111111,0.5138888888888888,0.3611111111111111,0.13889355323274227,0.6666666666666666,0.5277777777777778,0.25,0.3611111111111111,0.4861111111111111,1.094344164137822,0.04663541313136334,0.4175824175824176,72
action_clipping_filter,tightened_safe_set,human_workspace_reaching,6,0.3333333333333333,0.5,0.2916666666666667,0.11198579778790149,0.625,0.4444444444444444,0.3055555555555556,0.2916666666666667,0.4444444444444444,1.073422394011669,0.04666972639098629,0.2857142857142857,72
action_clipping_filter,tightened_safe_set,narrow_corridor_navigation,0,0.3055555555555556,0.6111111111111112,0.2916666666666667,0.10961989033113918,0.6111111111111112,0.5138888888888888,0.2361111111111111,0.2916666666666667,0.4722222222222222,1.1747920044413676,0.046602200790261436,0.26506024096385544,72
action_clipping_filter,tightened_safe_set,narrow_corridor_navigation,1,0.3888888888888889,0.5138888888888888,0.3194444444444444,0.12170750845916373,0.6111111111111112,0.5555555555555556,0.2222222222222222,0.3194444444444444,0.4583333333333333,1.0499364538936118,0.046541001974277414,0.3636363636363636,72
action_clipping_filter,tightened_safe_set,narrow_corridor_navigation,2,0.4027777777777778,0.4861111111111111,0.4166666666666667,0.1579347755684755,0.5694444444444444,0.4861111111111111,0.3055555555555556,0.4166666666666667,0.5277777777777778,1.0363465163374037,0.04657871692075804,0.4347826086956522,72
action_clipping_filter,tightened_safe_set,narrow_corridor_navigation,3,0.3888888888888889,0.4861111111111111,0.2777777777777778,0.1079684480941859,0.6666666666666666,0.5277777777777778,0.2222222222222222,0.2777777777777778,0.6388888888888888,1.0144235222901898,0.04660077141578115,0.30588235294117644,72
action_clipping_filter,tightened_safe_set,narrow_corridor_navigation,4,0.3194444444444444,0.5138888888888888,0.5416666666666666,0.20894221409590866,0.5138888888888888,0.5694444444444444,0.19444444444444445,0.5416666666666666,0.5138888888888888,1.1633927391737713,0.04659173927528556,0.5454545454545454,72
action_clipping_filter,tightened_safe_set,narrow_corridor_navigation,5,0.2638888888888889,0.5972222222222222,0.3194444444444444,0.12066394501360506,0.625,0.5416666666666666,0.2638888888888889,0.3194444444444444,0.5277777777777778,1.2052747352218767,0.046604783569189595,0.30588235294117644,72
action_clipping_filter,tightened_safe_set,narrow_corridor_navigation,6,0.4583333333333333,0.4583333333333333,0.4722222222222222,0.18361970120813284,0.625,0.5694444444444444,0.20833333333333334,0.4722222222222222,0.4722222222222222,1.0005942221806,0.046538607493590324,0.5154639175257731,72
cbf_safety_filter,boundary_shift,dynamic_obstacle_crossing,0,0.6805555555555556,0.1527777777777778,0.9861111111111112,0.3262413521872355,0.6388888888888888,0.4861111111111111,0.20833333333333334,0.9861111111111112,0.6527777777777778,0.6918831677982265,0.08899752714751936,0.8,72
cbf_safety_filter,boundary_shift,dynamic_obstacle_crossing,1,0.6805555555555556,0.16666666666666666,0.9305555555555556,0.31209018299609387,0.6111111111111112,0.6666666666666666,0.16666666666666666,0.9305555555555556,0.7222222222222222,0.7115954651913365,0.08895125676978023,0.7796610169491525,72
cbf_safety_filter,boundary_shift,dynamic_obstacle_crossing,2,0.7083333333333334,0.1388888888888889,0.9444444444444444,0.31476527227523987,0.5416666666666666,0.6527777777777778,0.20833333333333334,0.9444444444444444,0.75,0.6712698452403278,0.08917684952867999,0.7796610169491525,72
cbf_safety_filter,boundary_shift,dynamic_obstacle_crossing,3,0.6944444444444444,0.18055555555555555,0.9305555555555556,0.3147717973970668,0.6388888888888888,0.5833333333333334,0.16666666666666666,0.9305555555555556,0.5694444444444444,0.7039160379826171,0.08892150018588324,0.7368421052631579,72
cbf_safety_filter,boundary_shift,dynamic_obstacle_crossing,4,0.6944444444444444,0.09722222222222222,0.9583333333333334,0.32623231234253464,0.5694444444444444,0.5555555555555556,0.2361111111111111,0.9583333333333334,0.6805555555555556,0.6415065489273558,0.08903112357867216,0.8,72
cbf_safety_filter,boundary_shift,dynamic_obstacle_crossing,5,0.6388888888888888,0.18055555555555555,0.9583333333333334,0.3200611188898128,0.5416666666666666,0.6388888888888888,0.125,0.9583333333333334,0.5972222222222222,0.7568494352025988,0.08897109410925991,0.819672131147541,72
cbf_safety_filter,boundary_shift,dynamic_obstacle_crossing,6,0.5694444444444444,0.18055555555555555,0.9444444444444444,0.32557583609089275,0.5555555555555556,0.5277777777777778,0.1388888888888889,0.9444444444444444,0.625,0.7914426206499858,0.08904277892096801,0.8292682926829268,72
cbf_safety_filter,boundary_shift,fragile_object_pushing,0,0.625,0.2361111111111111,0.7361111111111112,0.23122816747037545,0.5972222222222222,0.5694444444444444,0.18055555555555555,0.7361111111111112,0.6111111111111112,0.7473866093773766,0.08892497509541092,0.5306122448979591,72
cbf_safety_filter,boundary_shift,fragile_object_pushing,1,0.4583333333333333,0.20833333333333334,0.7361111111111112,0.22801194087415688,0.5972222222222222,0.4722222222222222,0.2916666666666667,0.7361111111111112,0.6527777777777778,0.8325136545463786,0.08893807588551544,0.4893617021276596,72
cbf_safety_filter,boundary_shift,fragile_object_pushing,2,0.5833333333333334,0.18055555555555555,0.6944444444444444,0.20947531216466647,0.4444444444444444,0.5138888888888888,0.2638888888888889,0.6944444444444444,0.5555555555555556,0.713229042416273,0.08891178410964645,0.3636363636363636,72
cbf_safety_filter,boundary_shift,fragile_object_pushing,3,0.5694444444444444,0.2361111111111111,0.7222222222222222,0.2206178500395576,0.5833333333333334,0.4722222222222222,0.25,0.7222222222222222,0.5972222222222222,0.7703502445677542,0.08887903489706354,0.45161290322580644,72
cbf_safety_filter,boundary_shift,fragile_object_pushing,4,0.6666666666666666,0.18055555555555555,0.7361111111111112,0.22377612146393686,0.4722222222222222,0.4861111111111111,0.19444444444444445,0.7361111111111112,0.5,0.6603329781017295,0.08898357935324341,0.40449438202247184,72
cbf_safety_filter,boundary_shift,fragile_object_pushing,5,0.6111111111111112,0.1388888888888889,0.8055555555555556,0.24068642839927012,0.5833333333333334,0.4444444444444444,0.25,0.8055555555555556,0.5694444444444444,0.6787570368980503,0.08887208980146498,0.4347826086956522,72
cbf_safety_filter,boundary_shift,fragile_object_pushing,6,0.5416666666666666,0.2222222222222222,0.7916666666666666,0.23772432709508853,0.5,0.4166666666666667,0.2777777777777778,0.7916666666666666,0.5555555555555556,0.7894951165653321,0.08886736355987987,0.4347826086956522,72
cbf_safety_filter,boundary_shift,human_workspace_reaching,0,0.6805555555555556,0.1527777777777778,0.7916666666666666,0.25098699049997725,0.5833333333333334,0.5555555555555556,0.18055555555555555,0.7916666666666666,0.5416666666666666,0.6768936740292629,0.08896594753251133,0.5882352941176471,72
cbf_safety_filter,boundary_shift,human_workspace_reaching,1,0.5972222222222222,0.2222222222222222,0.8333333333333334,0.2590931795089955,0.7222222222222222,0.5833333333333334,0.125,0.8333333333333334,0.5833333333333334,0.8057580386605857,0.08884480100199965,0.5,72
cbf_safety_filter,boundary_shift,human_workspace_reaching,2,0.6805555555555556,0.125,0.8333333333333334,0.2631751390715911,0.6388888888888888,0.5,0.2361111111111111,0.8333333333333334,0.5277777777777778,0.6591699844027044,0.088781069063199,0.6153846153846153,72
cbf_safety_filter,boundary_shift,human_workspace_reaching,3,0.6527777777777778,0.18055555555555555,0.7638888888888888,0.23240377665016027,0.5416666666666666,0.5416666666666666,0.2222222222222222,0.7638888888888888,0.5277777777777778,0.7075066202817015,0.08897389461116768,0.4347826086956522,72
cbf_safety_filter,boundary_shift,human_workspace_reaching,4,0.5138888888888888,0.25,0.8472222222222222,0.2662351992964242,0.6111111111111112,0.4861111111111111,0.25,0.8472222222222222,0.4027777777777778,0.8797554493108755,0.08897855886738477,0.6019417475728156,72
cbf_safety_filter,boundary_shift,human_workspace_reaching,5,0.7361111111111112,0.08333333333333333,0.8472222222222222,0.2676129660771623,0.5833333333333334,0.4861111111111111,0.2777777777777778,0.8472222222222222,0.5972222222222222,0.5871355908743122,0.08886887596292468,0.5882352941176471,72
cbf_safety_filter,boundary_shift,human_workspace_reaching,6,0.6527777777777778,0.125,0.8472222222222222,0.26876990849342414,0.5833333333333334,0.5277777777777778,0.25,0.8472222222222222,0.6527777777777778,0.6856383371389678,0.0889529035689926,0.6285714285714286,72
cbf_safety_filter,boundary_shift,narrow_corridor_navigation,0,0.5694444444444444,0.19444444444444445,0.7777777777777778,0.24906710814100702,0.6666666666666666,0.5138888888888888,0.19444444444444445,0.7777777777777778,0.7222222222222222,0.7673607145097434,0.08896864705866532,0.6153846153846153,72
cbf_safety_filter,boundary_shift,narrow_corridor_navigation,1,0.5972222222222222,0.20833333333333334,0.875,0.27363381423894545,0.6805555555555556,0.5972222222222222,0.16666666666666666,0.875,0.6111111111111112,0.7914767749823028,0.08907807760250847,0.6019417475728156,72
cbf_safety_filter,boundary_shift,narrow_corridor_navigation,2,0.6111111111111112,0.18055555555555555,0.8194444444444444,0.2530391997497079,0.6388888888888888,0.5,0.25,0.8194444444444444,0.6805555555555556,0.7322282981574847,0.08897575796938978,0.46808510638297873,72
cbf_safety_filter,boundary_shift,narrow_corridor_navigation,3,0.6388888888888888,0.16666666666666666,0.9722222222222222,0.2900391069397956,0.6666666666666666,0.5972222222222222,0.18055555555555555,0.9722222222222222,0.5972222222222222,0.7482352957585438,0.08889495917069486,0.4347826086956522,72
cbf_safety_filter,boundary_shift,narrow_corridor_navigation,4,0.5694444444444444,0.2361111111111111,0.8055555555555556,0.24989357444026675,0.6527777777777778,0.5,0.2361111111111111,0.8055555555555556,0.5277777777777778,0.8036589320538564,0.08905296692532705,0.5306122448979591,72
cbf_safety_filter,boundary_shift,narrow_corridor_navigation,5,0.6388888888888888,0.1388888888888889,0.8611111111111112,0.2675443034630697,0.7361111111111112,0.4861111111111111,0.20833333333333334,0.8611111111111112,0.7083333333333334,0.6889295802144912,0.08894046789886922,0.5882352941176471,72
cbf_safety_filter,boundary_shift,narrow_corridor_navigation,6,0.5277777777777778,0.2222222222222222,0.8333333333333334,0.2685168615942252,0.5694444444444444,0.4444444444444444,0.2222222222222222,0.8333333333333334,0.6666666666666666,0.8259023481489456,0.08899942189288833,0.6542056074766355,72
cbf_safety_filter,combined_safety_stress,dynamic_obstacle_crossing,0,0.5555555555555556,0.18055555555555555,1.0,0.36956879100906975,0.5972222222222222,0.6666666666666666,0.19444444444444445,1.0,0.6111111111111112,0.8309324159111917,0.08835979147555423,0.9489051094890512,72
cbf_safety_filter,combined_safety_stress,dynamic_obstacle_crossing,1,0.7083333333333334,0.09722222222222222,0.9861111111111112,0.3693201232083578,0.5972222222222222,0.6666666666666666,0.1111111111111111,0.9861111111111112,0.7777777777777778,0.6517539152672855,0.08852736507535135,0.9333333333333333,72
cbf_safety_filter,combined_safety_stress,dynamic_obstacle_crossing,2,0.5416666666666666,0.2361111111111111,0.9861111111111112,0.36682962762319327,0.6111111111111112,0.6111111111111112,0.1388888888888889,0.9861111111111112,0.6388888888888888,0.8756907459540765,0.08844133237788782,0.9411764705882353,72
cbf_safety_filter,combined_safety_stress,dynamic_obstacle_crossing,3,0.5138888888888888,0.2222222222222222,1.0,0.365195998930069,0.5694444444444444,0.7638888888888888,0.08333333333333333,1.0,0.7361111111111112,0.9052698826977476,0.0885309784045568,0.9090909090909091,72
cbf_safety_filter,combined_safety_stress,dynamic_obstacle_crossing,4,0.5833333333333334,0.2222222222222222,0.9722222222222222,0.35704154323444826,0.5416666666666666,0.75,0.1388888888888889,0.9722222222222222,0.7083333333333334,0.8461896990307384,0.08832397041266359,0.9489051094890512,72
cbf_safety_filter,combined_safety_stress,dynamic_obstacle_crossing,5,0.5555555555555556,0.18055555555555555,0.9861111111111112,0.3641915129745457,0.5277777777777778,0.625,0.1388888888888889,0.9861111111111112,0.6111111111111112,0.8217106875861756,0.08853767763400328,0.9411764705882353,72
cbf_safety_filter,combined_safety_stress,dynamic_obstacle_crossing,6,0.6111111111111112,0.16666666666666666,0.9861111111111112,0.3584799393939479,0.5555555555555556,0.6388888888888888,0.125,0.9861111111111112,0.625,0.771109434826432,0.08851648453009814,0.9007633587786259,72
cbf_safety_filter,combined_safety_stress,fragile_object_pushing,0,0.6111111111111112,0.16666666666666666,0.8888888888888888,0.30064837473405004,0.5138888888888888,0.5138888888888888,0.18055555555555555,0.8888888888888888,0.7361111111111112,0.7310009393250962,0.08843141496330219,0.8,72
cbf_safety_filter,combined_safety_stress,fragile_object_pushing,1,0.6111111111111112,0.16666666666666666,0.9166666666666666,0.29959266434292414,0.4166666666666667,0.5694444444444444,0.16666666666666666,0.9166666666666666,0.6111111111111112,0.7408077041695151,0.08842659562350301,0.7027027027027027,72
cbf_safety_filter,combined_safety_stress,fragile_object_pushing,2,0.5555555555555556,0.18055555555555555,0.8888888888888888,0.28970200964431775,0.4583333333333333,0.5694444444444444,0.20833333333333334,0.8888888888888888,0.6666666666666666,0.7853227689903268,0.08853448888353072,0.6909090909090909,72
cbf_safety_filter,combined_safety_stress,fragile_object_pushing,3,0.6111111111111112,0.1527777777777778,0.9444444444444444,0.3114230666923013,0.4583333333333333,0.6527777777777778,0.1527777777777778,0.9444444444444444,0.6111111111111112,0.7475908294334567,0.08851974501568666,0.7142857142857143,72
cbf_safety_filter,combined_safety_stress,fragile_object_pushing,4,0.5555555555555556,0.2777777777777778,0.9722222222222222,0.31578304296382526,0.4583333333333333,0.5694444444444444,0.19444444444444445,0.9722222222222222,0.4583333333333333,0.8834905660527007,0.0885593294779769,0.7256637168141593,72
cbf_safety_filter,combined_safety_stress,fragile_object_pushing,5,0.4444444444444444,0.25,0.8611111111111112,0.28530772795620235,0.5833333333333334,0.6111111111111112,0.16666666666666666,0.8611111111111112,0.5972222222222222,0.9201248177162561,0.08850038810430494,0.7027027027027027,72
cbf_safety_filter,combined_safety_stress,fragile_object_pushing,6,0.625,0.16666666666666666,0.9166666666666666,0.29749731508315624,0.4166666666666667,0.5138888888888888,0.16666666666666666,0.9166666666666666,0.5694444444444444,0.724230639493917,0.08842857018668841,0.7142857142857143,72
cbf_safety_filter,combined_safety_stress,human_workspace_reaching,0,0.6111111111111112,0.18055555555555555,0.9722222222222222,0.3233211924895158,0.5277777777777778,0.6388888888888888,0.16666666666666666,0.9722222222222222,0.6111111111111112,0.8008616388591719,0.08846287761548238,0.7899159663865547,72
cbf_safety_filter,combined_safety_stress,human_workspace_reaching,1,0.625,0.2361111111111111,0.9166666666666666,0.30910254191144193,0.4444444444444444,0.7222222222222222,0.1527777777777778,0.9166666666666666,0.5694444444444444,0.8316434095320113,0.08849289769050535,0.7796610169491525,72
cbf_safety_filter,combined_safety_stress,human_workspace_reaching,2,0.6666666666666666,0.1388888888888889,0.9861111111111112,0.32849855768275354,0.4861111111111111,0.5833333333333334,0.2222222222222222,0.9861111111111112,0.6388888888888888,0.7232928631245008,0.08850941525878568,0.7692307692307693,72
cbf_safety_filter,combined_safety_stress,human_workspace_reaching,3,0.6388888888888888,0.18055555555555555,0.9166666666666666,0.3121536973347456,0.5833333333333334,0.5972222222222222,0.1388888888888889,0.9166666666666666,0.5833333333333334,0.7635428310188517,0.08861261300864004,0.8,72
cbf_safety_filter,combined_safety_stress,human_workspace_reaching,4,0.5833333333333334,0.20833333333333334,0.9027777777777778,0.30454681225906705,0.5694444444444444,0.5972222222222222,0.16666666666666666,0.9027777777777778,0.6111111111111112,0.8205989495463815,0.08851428918428934,0.7692307692307693,72
cbf_safety_filter,combined_safety_stress,human_workspace_reaching,5,0.5694444444444444,0.16666666666666666,0.9444444444444444,0.31528698670228994,0.6666666666666666,0.5833333333333334,0.25,0.9444444444444444,0.5833333333333334,0.805573509994044,0.08857843782299543,0.7368421052631579,72
cbf_safety_filter,combined_safety_stress,human_workspace_reaching,6,0.6111111111111112,0.19444444444444445,0.9722222222222222,0.3298091534726513,0.5,0.625,0.25,0.9722222222222222,0.6527777777777778,0.8123090796408081,0.08847212487786517,0.8661417322834646,72
cbf_safety_filter,combined_safety_stress,narrow_corridor_navigation,0,0.6111111111111112,0.1527777777777778,0.9722222222222222,0.32927162420392936,0.5138888888888888,0.6111111111111112,0.19444444444444445,0.9722222222222222,0.5416666666666666,0.7608104781580329,0.08848191996777853,0.8571428571428571,72
cbf_safety_filter,combined_safety_stress,narrow_corridor_navigation,1,0.75,0.08333333333333333,0.9861111111111112,0.33138098068600347,0.7083333333333334,0.6666666666666666,0.1111111111111111,0.9861111111111112,0.7361111111111112,0.6147559757537485,0.08844869647915021,0.8387096774193548,72
cbf_safety_filter,combined_safety_stress,narrow_corridor_navigation,2,0.7222222222222222,0.1111111111111111,0.9722222222222222,0.3202925538143083,0.5416666666666666,0.5972222222222222,0.20833333333333334,0.9722222222222222,0.5694444444444444,0.642656635544612,0.08848193158183787,0.7586206896551725,72
cbf_safety_filter,combined_safety_stress,narrow_corridor_navigation,3,0.6805555555555556,0.08333333333333333,0.8888888888888888,0.30074962225425433,0.5972222222222222,0.4861111111111111,0.2916666666666667,0.8888888888888888,0.5833333333333334,0.6185352811797011,0.08834425897026879,0.7899159663865547,72
cbf_safety_filter,combined_safety_stress,narrow_corridor_navigation,4,0.6388888888888888,0.16666666666666666,0.9722222222222222,0.32428315209394515,0.5972222222222222,0.6666666666666666,0.125,0.9722222222222222,0.6388888888888888,0.7567502103903618,0.0885442398745771,0.7142857142857143,72
cbf_safety_filter,combined_safety_stress,narrow_corridor_navigation,5,0.6388888888888888,0.1111111111111111,0.9722222222222222,0.33698910731940385,0.625,0.5277777777777778,0.2361111111111111,0.9722222222222222,0.6666666666666666,0.700390730725488,0.08845996329706113,0.8387096774193548,72
cbf_safety_filter,combined_safety_stress,narrow_corridor_navigation,6,0.5833333333333334,0.25,0.9027777777777778,0.3138204888157158,0.5972222222222222,0.5694444444444444,0.20833333333333334,0.9027777777777778,0.5972222222222222,0.8376812954170146,0.08852943577484733,0.8,72
cbf_safety_filter,delayed_dynamics,dynamic_obstacle_crossing,0,0.5555555555555556,0.2777777777777778,0.7361111111111112,0.22005958135942114,0.5416666666666666,0.5,0.20833333333333334,0.7361111111111112,0.4722222222222222,0.7933855757230919,0.09336333992062495,0.4175824175824176,72
cbf_safety_filter,delayed_dynamics,dynamic_obstacle_crossing,1,0.6944444444444444,0.2222222222222222,0.8055555555555556,0.24782888686546586,0.5694444444444444,0.4861111111111111,0.20833333333333334,0.8055555555555556,0.5694444444444444,0.6669665436574007,0.0932748209592407,0.4347826086956522,72
cbf_safety_filter,delayed_dynamics,dynamic_obstacle_crossing,2,0.5,0.3472222222222222,0.8194444444444444,0.24697636012666468,0.625,0.5,0.25,0.8194444444444444,0.4861111111111111,0.9109650010631645,0.0933097084951075,0.4347826086956522,72
cbf_safety_filter,delayed_dynamics,dynamic_obstacle_crossing,3,0.5277777777777778,0.3055555555555556,0.8055555555555556,0.2454317646601988,0.4861111111111111,0.4166666666666667,0.25,0.8055555555555556,0.4722222222222222,0.8448841076006044,0.093446520661224,0.4175824175824176,72
cbf_safety_filter,delayed_dynamics,dynamic_obstacle_crossing,4,0.4861111111111111,0.3055555555555556,0.7361111111111112,0.2320875644286137,0.6388888888888888,0.6666666666666666,0.16666666666666666,0.7361111111111112,0.3888888888888889,0.889583327631564,0.09338427111284807,0.5,72
cbf_safety_filter,delayed_dynamics,dynamic_obstacle_crossing,5,0.5138888888888888,0.2777777777777778,0.8055555555555556,0.24924689760502305,0.5277777777777778,0.5,0.2222222222222222,0.8055555555555556,0.5,0.8431011244853971,0.09342537320246035,0.4842105263157894,72
cbf_safety_filter,delayed_dynamics,dynamic_obstacle_crossing,6,0.5833333333333334,0.18055555555555555,0.8611111111111112,0.2714241792274634,0.3472222222222222,0.5,0.18055555555555555,0.8611111111111112,0.4583333333333333,0.732207877502099,0.09323854350371426,0.6285714285714286,72
cbf_safety_filter,delayed_dynamics,fragile_object_pushing,0,0.4305555555555556,0.4305555555555556,0.3888888888888889,0.11232121273869522,0.5,0.4305555555555556,0.3194444444444444,0.3888888888888889,0.3888888888888889,0.9169221482558645,0.09342061516163695,0.09375,72
cbf_safety_filter,delayed_dynamics,fragile_object_pushing,1,0.3472222222222222,0.4444444444444444,0.25,0.07165500728459484,0.4305555555555556,0.4027777777777778,0.3333333333333333,0.25,0.2916666666666667,0.9506370936227767,0.09342045539059302,0.11940298507462686,72
cbf_safety_filter,delayed_dynamics,fragile_object_pushing,2,0.5277777777777778,0.3194444444444444,0.3611111111111111,0.10435295771226714,0.4027777777777778,0.5138888888888888,0.18055555555555555,0.3611111111111111,0.375,0.7618126424930742,0.09341573230800237,0.14084507042253522,72
cbf_safety_filter,delayed_dynamics,fragile_object_pushing,3,0.4305555555555556,0.4166666666666667,0.4861111111111111,0.13893884423459146,0.5138888888888888,0.4444444444444444,0.19444444444444445,0.4861111111111111,0.375,0.930843454495786,0.09343793112867164,0.14925373134328357,72
cbf_safety_filter,delayed_dynamics,fragile_object_pushing,4,0.4722222222222222,0.3611111111111111,0.4583333333333333,0.1297857146796428,0.4305555555555556,0.4583333333333333,0.2638888888888889,0.4583333333333333,0.4166666666666667,0.8510680700861867,0.09330538715007371,0.11594202898550725,72
cbf_safety_filter,delayed_dynamics,fragile_object_pushing,5,0.5833333333333334,0.25,0.4583333333333333,0.13238050023704936,0.3194444444444444,0.4444444444444444,0.2916666666666667,0.4583333333333333,0.4027777777777778,0.681598802335021,0.09325799658103212,0.2028985507246377,72
cbf_safety_filter,delayed_dynamics,fragile_object_pushing,6,0.5,0.3194444444444444,0.4305555555555556,0.12443356944467804,0.5277777777777778,0.3333333333333333,0.3333333333333333,0.4305555555555556,0.3333333333333333,0.7767653531092413,0.0934326815627929,0.1621621621621622,72
cbf_safety_filter,delayed_dynamics,human_workspace_reaching,0,0.5416666666666666,0.25,0.5694444444444444,0.16522125063664872,0.5416666666666666,0.3888888888888889,0.3611111111111111,0.5694444444444444,0.4027777777777778,0.7557886367426558,0.09337393758368748,0.19999999999999998,72
cbf_safety_filter,delayed_dynamics,human_workspace_reaching,1,0.5694444444444444,0.2638888888888889,0.5555555555555556,0.15836797677114914,0.4583333333333333,0.4583333333333333,0.3055555555555556,0.5555555555555556,0.4583333333333333,0.7508893018712036,0.09337775212992855,0.17721518987341772,72
cbf_safety_filter,delayed_dynamics,human_workspace_reaching,2,0.4722222222222222,0.375,0.5138888888888888,0.15090608359476843,0.5833333333333334,0.5,0.25,0.5138888888888888,0.3611111111111111,0.9065304569262247,0.09344322638202056,0.24390243902439027,72
cbf_safety_filter,delayed_dynamics,human_workspace_reaching,3,0.5694444444444444,0.3194444444444444,0.5138888888888888,0.15485025874519304,0.4722222222222222,0.5,0.3055555555555556,0.5138888888888888,0.4305555555555556,0.7923608037736751,0.09350342155083331,0.30588235294117644,72
cbf_safety_filter,delayed_dynamics,human_workspace_reaching,4,0.5,0.3611111111111111,0.4861111111111111,0.14368472246622,0.5416666666666666,0.4444444444444444,0.3055555555555556,0.4861111111111111,0.375,0.86217773383686,0.09329327241388641,0.26506024096385544,72
cbf_safety_filter,delayed_dynamics,human_workspace_reaching,5,0.4722222222222222,0.4027777777777778,0.4583333333333333,0.13378353321533565,0.5972222222222222,0.4722222222222222,0.2777777777777778,0.4583333333333333,0.4444444444444444,0.9102786710048988,0.09340847127656945,0.19999999999999998,72
cbf_safety_filter,delayed_dynamics,human_workspace_reaching,6,0.5416666666666666,0.3333333333333333,0.5,0.14790341788288763,0.4861111111111111,0.4305555555555556,0.3611111111111111,0.5,0.4027777777777778,0.8109761774850859,0.09340913058769298,0.2857142857142857,72
cbf_safety_filter,delayed_dynamics,narrow_corridor_navigation,0,0.625,0.2777777777777778,0.5416666666666666,0.15820473530822154,0.5833333333333334,0.4444444444444444,0.2777777777777778,0.5416666666666666,0.2916666666666667,0.7024699417947815,0.09329494968151285,0.2631578947368421,72
cbf_safety_filter,delayed_dynamics,narrow_corridor_navigation,1,0.5416666666666666,0.3055555555555556,0.6388888888888888,0.19242241254156273,0.6388888888888888,0.4305555555555556,0.2638888888888889,0.6388888888888888,0.4583333333333333,0.8094137966268572,0.09328477381886076,0.38636363636363635,72
cbf_safety_filter,delayed_dynamics,narrow_corridor_navigation,2,0.3888888888888889,0.3472222222222222,0.5694444444444444,0.1675341198468197,0.5555555555555556,0.5,0.2361111111111111,0.5694444444444444,0.4722222222222222,0.9419429584024521,0.09335128827809198,0.2597402597402597,72
cbf_safety_filter,delayed_dynamics,narrow_corridor_navigation,3,0.4444444444444444,0.3055555555555556,0.5138888888888888,0.146710066560135,0.625,0.375,0.3472222222222222,0.5138888888888888,0.4583333333333333,0.838540261212045,0.0933306848184732,0.20779220779220778,72
cbf_safety_filter,delayed_dynamics,narrow_corridor_navigation,4,0.5416666666666666,0.3055555555555556,0.6388888888888888,0.18886898744131977,0.5555555555555556,0.4305555555555556,0.3611111111111111,0.6388888888888888,0.4027777777777778,0.8071212264576114,0.09318496589212345,0.3373493975903615,72
cbf_safety_filter,delayed_dynamics,narrow_corridor_navigation,5,0.5416666666666666,0.3194444444444444,0.5416666666666666,0.15382299761043702,0.5833333333333334,0.4444444444444444,0.2777777777777778,0.5416666666666666,0.4722222222222222,0.7941899368177766,0.09333111728643936,0.1643835616438356,72
cbf_safety_filter,delayed_dynamics,narrow_corridor_navigation,6,0.5694444444444444,0.20833333333333334,0.5694444444444444,0.16666475028984928,0.5833333333333334,0.375,0.3055555555555556,0.5694444444444444,0.4166666666666667,0.6856816365761933,0.09341034161736066,0.22784810126582278,72
cbf_safety_filter,nominal_boundary,dynamic_obstacle_crossing,0,0.4722222222222222,0.3888888888888889,0.18055555555555555,0.051424554209340785,0.5972222222222222,0.3611111111111111,0.2916666666666667,0.18055555555555555,0.3888888888888889,0.8124563054112236,0.0954504325065521,0.0,72
cbf_safety_filter,nominal_boundary,dynamic_obstacle_crossing,1,0.4444444444444444,0.4166666666666667,0.1527777777777778,0.04423536436174617,0.6111111111111112,0.3055555555555556,0.4027777777777778,0.1527777777777778,0.3472222222222222,0.8407774471111077,0.09548268331892208,0.0909090909090909,72
cbf_safety_filter,nominal_boundary,dynamic_obstacle_crossing,2,0.5694444444444444,0.2777777777777778,0.1388888888888889,0.03703797519258872,0.5416666666666666,0.3333333333333333,0.4027777777777778,0.1388888888888889,0.20833333333333334,0.6384907943271239,0.09554754187699849,0.0,72
cbf_safety_filter,nominal_boundary,dynamic_obstacle_crossing,3,0.5,0.375,0.20833333333333334,0.057281216179731066,0.6388888888888888,0.3194444444444444,0.4166666666666667,0.20833333333333334,0.19444444444444445,0.7827153153849725,0.09565968776282073,0.0,72
cbf_safety_filter,nominal_boundary,dynamic_obstacle_crossing,4,0.4444444444444444,0.4166666666666667,0.2361111111111111,0.06484671733817794,0.6111111111111112,0.2777777777777778,0.4722222222222222,0.2361111111111111,0.2916666666666667,0.8564573636627267,0.09560988684134553,0.08510638297872342,72
cbf_safety_filter,nominal_boundary,dynamic_obstacle_crossing,5,0.4722222222222222,0.4583333333333333,0.1388888888888889,0.03843095889338958,0.5416666666666666,0.3611111111111111,0.3333333333333333,0.1388888888888889,0.3055555555555556,0.8573901286765391,0.09566133671780393,0.0,72
cbf_safety_filter,nominal_boundary,dynamic_obstacle_crossing,6,0.3611111111111111,0.4583333333333333,0.1388888888888889,0.040769085960619976,0.5972222222222222,0.2777777777777778,0.4166666666666667,0.1388888888888889,0.2777777777777778,0.9278579651519985,0.09551651605431302,0.0909090909090909,72
cbf_safety_filter,nominal_boundary,fragile_object_pushing,0,0.5972222222222222,0.3333333333333333,0.05555555555555555,0.014777283644120034,0.4583333333333333,0.18055555555555555,0.4444444444444444,0.05555555555555555,0.2222222222222222,0.632874418780673,0.09554443624780957,0.0,72
cbf_safety_filter,nominal_boundary,fragile_object_pushing,1,0.5,0.3472222222222222,0.027777777777777776,0.007970780521272296,0.4861111111111111,0.2222222222222222,0.3888888888888889,0.027777777777777776,0.16666666666666666,0.7125333840089361,0.09555946350673714,0.0,72
cbf_safety_filter,nominal_boundary,fragile_object_pushing,2,0.5972222222222222,0.3055555555555556,0.041666666666666664,0.011378012035391353,0.6388888888888888,0.2361111111111111,0.5,0.041666666666666664,0.1527777777777778,0.6139533237650422,0.09566863384251911,0.0,72
cbf_safety_filter,nominal_boundary,fragile_object_pushing,3,0.5138888888888888,0.375,0.05555555555555555,0.015101406046567302,0.5555555555555556,0.2638888888888889,0.2916666666666667,0.05555555555555555,0.18055555555555555,0.7362694396171886,0.09536756536512725,0.0,72
cbf_safety_filter,nominal_boundary,fragile_object_pushing,4,0.5416666666666666,0.3333333333333333,0.041666666666666664,0.010989684926341258,0.5138888888888888,0.2361111111111111,0.5,0.041666666666666664,0.1527777777777778,0.6763342835370607,0.09558321865600064,0.0,72
cbf_safety_filter,nominal_boundary,fragile_object_pushing,5,0.5277777777777778,0.3333333333333333,0.0,0.0,0.5138888888888888,0.20833333333333334,0.4722222222222222,0.0,0.18055555555555555,0.6728835658082957,0.09557824917706555,0.0,72
cbf_safety_filter,nominal_boundary,fragile_object_pushing,6,0.6527777777777778,0.2361111111111111,0.041666666666666664,0.011373816317313592,0.5833333333333334,0.20833333333333334,0.4583333333333333,0.041666666666666664,0.1527777777777778,0.5155519051334088,0.09549746377798554,0.0,72
cbf_safety_filter,nominal_boundary,human_workspace_reaching,0,0.4583333333333333,0.4166666666666667,0.041666666666666664,0.010958374804333159,0.6666666666666666,0.20833333333333334,0.5,0.041666666666666664,0.2777777777777778,0.8231464351902523,0.09564137738826174,0.0,72
cbf_safety_filter,nominal_boundary,human_workspace_reaching,1,0.5555555555555556,0.375,0.041666666666666664,0.011652689964305515,0.6805555555555556,0.25,0.5138888888888888,0.041666666666666664,0.2638888888888889,0.72373751967945,0.09558042272049778,0.08333333333333333,72
cbf_safety_filter,nominal_boundary,human_workspace_reaching,2,0.5833333333333334,0.3611111111111111,0.06944444444444445,0.018360320767051092,0.7222222222222222,0.3611111111111111,0.4166666666666667,0.06944444444444445,0.2777777777777778,0.7131130545706011,0.09545486688177579,0.0,72
cbf_safety_filter,nominal_boundary,human_workspace_reaching,3,0.5555555555555556,0.3055555555555556,0.013888888888888888,0.0035470004198665537,0.5694444444444444,0.2916666666666667,0.3472222222222222,0.013888888888888888,0.2777777777777778,0.6674152579860508,0.09568955306348007,0.0,72
cbf_safety_filter,nominal_boundary,human_workspace_reaching,4,0.5416666666666666,0.3472222222222222,0.05555555555555555,0.015908543843042654,0.6388888888888888,0.3055555555555556,0.4722222222222222,0.05555555555555555,0.19444444444444445,0.7228140831137535,0.09546899060193717,0.1,72
cbf_safety_filter,nominal_boundary,human_workspace_reaching,5,0.6111111111111112,0.2916666666666667,0.05555555555555555,0.016221438664934324,0.6527777777777778,0.25,0.5,0.05555555555555555,0.2638888888888889,0.6221177215430836,0.09544045512070042,0.0,72
cbf_safety_filter,nominal_boundary,human_workspace_reaching,6,0.4444444444444444,0.3472222222222222,0.05555555555555555,0.015278136761626933,0.6527777777777778,0.375,0.5138888888888888,0.05555555555555555,0.25,0.800728474250022,0.09578176899729808,0.0,72
cbf_safety_filter,nominal_boundary,narrow_corridor_navigation,0,0.5555555555555556,0.3194444444444444,0.06944444444444445,0.01846414851846453,0.6388888888888888,0.375,0.4166666666666667,0.06944444444444445,0.3333333333333333,0.6859894617741009,0.09551958980550025,0.0,72
cbf_safety_filter,nominal_boundary,narrow_corridor_navigation,1,0.5416666666666666,0.2916666666666667,0.09722222222222222,0.026039590270564097,0.7222222222222222,0.2916666666666667,0.4166666666666667,0.09722222222222222,0.25,0.6704656250484846,0.09558703461094625,0.0,72
cbf_safety_filter,nominal_boundary,narrow_corridor_navigation,2,0.5416666666666666,0.3472222222222222,0.125,0.03516188228163224,0.6944444444444444,0.3333333333333333,0.4305555555555556,0.125,0.1527777777777778,0.7270278004086573,0.09559656268379836,0.0,72
cbf_safety_filter,nominal_boundary,narrow_corridor_navigation,3,0.5555555555555556,0.3472222222222222,0.041666666666666664,0.011453480624974949,0.6805555555555556,0.3333333333333333,0.4861111111111111,0.041666666666666664,0.2222222222222222,0.696571491346594,0.09558613600566121,0.0,72
cbf_safety_filter,nominal_boundary,narrow_corridor_navigation,4,0.3888888888888889,0.4722222222222222,0.06944444444444445,0.019387227563719526,0.6944444444444444,0.2222222222222222,0.4722222222222222,0.06944444444444445,0.20833333333333334,0.9105933598470966,0.095656151804701,0.0,72
cbf_safety_filter,nominal_boundary,narrow_corridor_navigation,5,0.6527777777777778,0.20833333333333334,0.06944444444444445,0.018721139013802884,0.5416666666666666,0.19444444444444445,0.5555555555555556,0.06944444444444445,0.18055555555555555,0.5060146848678301,0.09562456915278109,0.0,72
cbf_safety_filter,nominal_boundary,narrow_corridor_navigation,6,0.4861111111111111,0.4027777777777778,0.041666666666666664,0.011696937462381133,0.7222222222222222,0.2638888888888889,0.5277777777777778,0.041666666666666664,0.2916666666666667,0.7834193124499316,0.09559218505599587,0.0,72
cbf_safety_filter,tightened_safe_set,dynamic_obstacle_crossing,0,0.7083333333333334,0.125,0.8472222222222222,0.2706076418816154,0.7083333333333334,0.5,0.19444444444444445,0.8472222222222222,0.4027777777777778,0.6157705522908945,0.09311569106907165,0.6285714285714286,72
cbf_safety_filter,tightened_safe_set,dynamic_obstacle_crossing,1,0.6388888888888888,0.18055555555555555,0.7916666666666666,0.2486460055591278,0.5555555555555556,0.5138888888888888,0.1527777777777778,0.7916666666666666,0.4583333333333333,0.697109235634981,0.09312839350392078,0.5154639175257731,72
cbf_safety_filter,tightened_safe_set,dynamic_obstacle_crossing,2,0.5833333333333334,0.2361111111111111,0.7777777777777778,0.25236958178388125,0.5277777777777778,0.5138888888888888,0.2638888888888889,0.7777777777777778,0.5416666666666666,0.7797348154985929,0.09325940429357228,0.6542056074766355,72
cbf_safety_filter,tightened_safe_set,dynamic_obstacle_crossing,3,0.5,0.3333333333333333,0.8472222222222222,0.262145930389556,0.5416666666666666,0.625,0.16666666666666666,0.8472222222222222,0.4444444444444444,0.9453784211482898,0.09312367568745918,0.5154639175257731,72
cbf_safety_filter,tightened_safe_set,dynamic_obstacle_crossing,4,0.5277777777777778,0.2777777777777778,0.9027777777777778,0.2769211386484421,0.5555555555555556,0.5694444444444444,0.16666666666666666,0.9027777777777778,0.4166666666666667,0.886995296608754,0.09307080177605973,0.4842105263157894,72
cbf_safety_filter,tightened_safe_set,dynamic_obstacle_crossing,5,0.625,0.16666666666666666,0.8888888888888888,0.2769575117363713,0.5416666666666666,0.5277777777777778,0.1527777777777778,0.8888888888888888,0.5555555555555556,0.7216472728424093,0.09312006909123197,0.5454545454545454,72
cbf_safety_filter,tightened_safe_set,dynamic_obstacle_crossing,6,0.6944444444444444,0.1527777777777778,0.9166666666666666,0.2876139531504353,0.5972222222222222,0.5972222222222222,0.2361111111111111,0.9166666666666666,0.5416666666666666,0.6765359662660272,0.09306531562628179,0.6019417475728156,72
cbf_safety_filter,tightened_safe_set,fragile_object_pushing,0,0.5694444444444444,0.25,0.4722222222222222,0.13735809122287662,0.5,0.4305555555555556,0.25,0.4722222222222222,0.4861111111111111,0.7153720648994029,0.09325455530879828,0.19999999999999998,72
cbf_safety_filter,tightened_safe_set,fragile_object_pushing,1,0.5416666666666666,0.3194444444444444,0.4583333333333333,0.13141682561848084,0.5555555555555556,0.5,0.2222222222222222,0.4583333333333333,0.375,0.7953335829146183,0.09326033882321426,0.2222222222222222,72
cbf_safety_filter,tightened_safe_set,fragile_object_pushing,2,0.4722222222222222,0.3333333333333333,0.4583333333333333,0.13336522650505872,0.5138888888888888,0.3888888888888889,0.3333333333333333,0.4583333333333333,0.4027777777777778,0.84361746672197,0.09318890127174707,0.15384615384615385,72
cbf_safety_filter,tightened_safe_set,fragile_object_pushing,3,0.5416666666666666,0.2777777777777778,0.5416666666666666,0.15974537502476904,0.4722222222222222,0.3055555555555556,0.2638888888888889,0.5416666666666666,0.375,0.7604199533491093,0.09327973519993282,0.19999999999999998,72
cbf_safety_filter,tightened_safe_set,fragile_object_pushing,4,0.5416666666666666,0.2638888888888889,0.5138888888888888,0.14472802689195183,0.4722222222222222,0.4861111111111111,0.2222222222222222,0.5138888888888888,0.4027777777777778,0.7616933313158898,0.09311799943223072,0.15384615384615385,72
cbf_safety_filter,tightened_safe_set,fragile_object_pushing,5,0.5972222222222222,0.2361111111111111,0.5277777777777778,0.1531272699013949,0.5138888888888888,0.4722222222222222,0.25,0.5277777777777778,0.3194444444444444,0.7032407592787556,0.09316012661640485,0.19999999999999998,72
cbf_safety_filter,tightened_safe_set,fragile_object_pushing,6,0.4583333333333333,0.3194444444444444,0.5694444444444444,0.16673726902281055,0.4583333333333333,0.4861111111111111,0.2361111111111111,0.5694444444444444,0.4027777777777778,0.8819507927542151,0.09319155954398489,0.2222222222222222,72
cbf_safety_filter,tightened_safe_set,human_workspace_reaching,0,0.5694444444444444,0.2638888888888889,0.5833333333333334,0.17222744639920318,0.5694444444444444,0.4722222222222222,0.3055555555555556,0.5833333333333334,0.4305555555555556,0.7830883579089183,0.0931029246236416,0.30588235294117644,72
cbf_safety_filter,tightened_safe_set,human_workspace_reaching,1,0.6666666666666666,0.2361111111111111,0.5833333333333334,0.17361851236728343,0.5416666666666666,0.4583333333333333,0.2916666666666667,0.5833333333333334,0.4166666666666667,0.6897069617816224,0.0932834802985636,0.2857142857142857,72
cbf_safety_filter,tightened_safe_set,human_workspace_reaching,2,0.5277777777777778,0.2916666666666667,0.5,0.1504808469007201,0.625,0.5138888888888888,0.20833333333333334,0.5,0.375,0.8197873031974174,0.09325233544657241,0.30588235294117644,72
cbf_safety_filter,tightened_safe_set,human_workspace_reaching,3,0.5833333333333334,0.2361111111111111,0.5416666666666666,0.16189380077104806,0.6388888888888888,0.5138888888888888,0.3194444444444444,0.5416666666666666,0.4722222222222222,0.7469101937071798,0.09316392027720284,0.2857142857142857,72
cbf_safety_filter,tightened_safe_set,human_workspace_reaching,4,0.6111111111111112,0.3055555555555556,0.6388888888888888,0.19022444347924278,0.5277777777777778,0.5,0.3055555555555556,0.6388888888888888,0.4166666666666667,0.8039756529134418,0.09320220490231558,0.3636363636363636,72
cbf_safety_filter,tightened_safe_set,human_workspace_reaching,5,0.625,0.25,0.5277777777777778,0.15544349106900401,0.6944444444444444,0.4444444444444444,0.3611111111111111,0.5277777777777778,0.2916666666666667,0.7148647010442559,0.09327082626272667,0.24390243902439027,72
cbf_safety_filter,tightened_safe_set,human_workspace_reaching,6,0.5972222222222222,0.3055555555555556,0.6111111111111112,0.18082041918591193,0.5416666666666666,0.5277777777777778,0.2777777777777778,0.6111111111111112,0.3472222222222222,0.8096283359866275,0.09333945278197257,0.30588235294117644,72
cbf_safety_filter,tightened_safe_set,narrow_corridor_navigation,0,0.5694444444444444,0.3194444444444444,0.6527777777777778,0.20108942766660026,0.6944444444444444,0.5,0.2638888888888889,0.6527777777777778,0.4861111111111111,0.8350106434197838,0.09320440158052287,0.4347826086956522,72
cbf_safety_filter,tightened_safe_set,narrow_corridor_navigation,1,0.6944444444444444,0.25,0.625,0.1902547941998493,0.7638888888888888,0.4861111111111111,0.18055555555555555,0.625,0.5416666666666666,0.6799450840602618,0.09308200394855483,0.4347826086956522,72
cbf_safety_filter,tightened_safe_set,narrow_corridor_navigation,2,0.5416666666666666,0.3472222222222222,0.5416666666666666,0.1635619358058345,0.6111111111111112,0.4722222222222222,0.3055555555555556,0.5416666666666666,0.5416666666666666,0.8452568866308334,0.09315743384151608,0.30588235294117644,72
cbf_safety_filter,tightened_safe_set,narrow_corridor_navigation,3,0.5833333333333334,0.3055555555555556,0.625,0.18536223133572122,0.6805555555555556,0.4166666666666667,0.2777777777777778,0.625,0.3472222222222222,0.7954194350404284,0.0932015428315623,0.3636363636363636,72
cbf_safety_filter,tightened_safe_set,narrow_corridor_navigation,4,0.5555555555555556,0.3055555555555556,0.6527777777777778,0.19086759312316126,0.6666666666666666,0.5972222222222222,0.2361111111111111,0.6527777777777778,0.4444444444444444,0.8424147973263914,0.09318347855057112,0.2857142857142857,72
cbf_safety_filter,tightened_safe_set,narrow_corridor_navigation,5,0.5416666666666666,0.25,0.7222222222222222,0.2112031433668104,0.625,0.4166666666666667,0.2361111111111111,0.7222222222222222,0.5277777777777778,0.8041031613945049,0.09320956713837919,0.32558139534883723,72
cbf_safety_filter,tightened_safe_set,narrow_corridor_navigation,6,0.4166666666666667,0.3888888888888889,0.625,0.18732893621388153,0.6388888888888888,0.5138888888888888,0.2916666666666667,0.625,0.4305555555555556,0.9939292149045469,0.09307721498718065,0.30588235294117644,72
conformal_uncertainty_shield,boundary_shift,dynamic_obstacle_crossing,0,0.5972222222222222,0.18055555555555555,0.9861111111111112,0.441358348464339,0.625,0.5833333333333334,0.18055555555555555,0.9861111111111112,0.5972222222222222,0.8203071555702465,0.11442539204681063,0.7796610169491525,72
conformal_uncertainty_shield,boundary_shift,dynamic_obstacle_crossing,1,0.5833333333333334,0.2361111111111111,0.9722222222222222,0.4334453986455592,0.5416666666666666,0.625,0.1388888888888889,0.9722222222222222,0.5694444444444444,0.8752242521083983,0.11436590156114601,0.7142857142857143,72
conformal_uncertainty_shield,boundary_shift,dynamic_obstacle_crossing,2,0.5416666666666666,0.125,0.9444444444444444,0.41477715447322333,0.5555555555555556,0.6388888888888888,0.19444444444444445,0.9444444444444444,0.5555555555555556,0.8084956321219452,0.11465594939401713,0.6415094339622641,72
conformal_uncertainty_shield,boundary_shift,dynamic_obstacle_crossing,3,0.625,0.1388888888888889,0.9722222222222222,0.4271317047060898,0.5,0.5555555555555556,0.16666666666666666,0.9722222222222222,0.6666666666666666,0.757624010175324,0.11432764309613555,0.6909090909090909,72
conformal_uncertainty_shield,boundary_shift,dynamic_obstacle_crossing,4,0.5555555555555556,0.1527777777777778,0.9722222222222222,0.4372604210659132,0.6388888888888888,0.5555555555555556,0.125,0.9722222222222222,0.5555555555555556,0.8214816482110359,0.11446858745829276,0.7368421052631579,72
conformal_uncertainty_shield,boundary_shift,dynamic_obstacle_crossing,5,0.5972222222222222,0.16666666666666666,1.0,0.44200804609415534,0.5555555555555556,0.6388888888888888,0.1388888888888889,1.0,0.6388888888888888,0.8189890689194572,0.11439140671190559,0.7142857142857143,72
conformal_uncertainty_shield,boundary_shift,dynamic_obstacle_crossing,6,0.625,0.1527777777777778,0.9861111111111112,0.43554424877859954,0.5416666666666666,0.5555555555555556,0.2777777777777778,0.9861111111111112,0.5694444444444444,0.7722109222340756,0.11448357289838744,0.6666666666666666,72
conformal_uncertainty_shield,boundary_shift,fragile_object_pushing,0,0.5833333333333334,0.1527777777777778,0.875,0.36166395877965324,0.5694444444444444,0.5416666666666666,0.20833333333333334,0.875,0.5277777777777778,0.768739568992382,0.11433211083695688,0.3636363636363636,72
conformal_uncertainty_shield,boundary_shift,fragile_object_pushing,1,0.5833333333333334,0.125,0.8611111111111112,0.3532625396975335,0.4166666666666667,0.4444444444444444,0.19444444444444445,0.8611111111111112,0.5,0.7300888341933915,0.11434895470994842,0.36781609195402304,72
conformal_uncertainty_shield,boundary_shift,fragile_object_pushing,2,0.5833333333333334,0.20833333333333334,0.8472222222222222,0.34926972156966407,0.4444444444444444,0.4861111111111111,0.2222222222222222,0.8472222222222222,0.4444444444444444,0.7985006985711056,0.11431515099811687,0.38202247191011235,72
conformal_uncertainty_shield,boundary_shift,fragile_object_pushing,3,0.5277777777777778,0.20833333333333334,0.8055555555555556,0.33814821277844204,0.4444444444444444,0.5277777777777778,0.2222222222222222,0.8055555555555556,0.6944444444444444,0.8333871311671973,0.11427304486765309,0.45161290322580644,72
conformal_uncertainty_shield,boundary_shift,fragile_object_pushing,4,0.7361111111111112,0.09722222222222222,0.8611111111111112,0.35043868250369103,0.5,0.4166666666666667,0.2916666666666667,0.8611111111111112,0.5833333333333334,0.5933317464136558,0.11440745916845582,0.32941176470588235,72
conformal_uncertainty_shield,boundary_shift,fragile_object_pushing,5,0.6388888888888888,0.05555555555555555,0.9027777777777778,0.36920548438509865,0.5555555555555556,0.4444444444444444,0.2638888888888889,0.9027777777777778,0.5555555555555556,0.6462016425826876,0.11426411545902639,0.46808510638297873,72
conformal_uncertainty_shield,boundary_shift,fragile_object_pushing,6,0.5277777777777778,0.2361111111111111,0.8611111111111112,0.3578441509515049,0.5277777777777778,0.4722222222222222,0.18055555555555555,0.8611111111111112,0.5694444444444444,0.8644199526111458,0.11425803886270268,0.4,72
conformal_uncertainty_shield,boundary_shift,human_workspace_reaching,0,0.75,0.08333333333333333,0.9722222222222222,0.4135357933654744,0.5555555555555556,0.5277777777777778,0.20833333333333334,0.9722222222222222,0.625,0.6456583148889119,0.11438478968465739,0.5306122448979591,72
conformal_uncertainty_shield,boundary_shift,human_workspace_reaching,1,0.6944444444444444,0.08333333333333333,0.8888888888888888,0.3694339531757341,0.5694444444444444,0.5972222222222222,0.2222222222222222,0.8888888888888888,0.4722222222222222,0.6683047152050516,0.11422902985971382,0.4842105263157894,72
conformal_uncertainty_shield,boundary_shift,human_workspace_reaching,2,0.6666666666666666,0.08333333333333333,0.9027777777777778,0.3886024446297864,0.7638888888888888,0.3472222222222222,0.375,0.9027777777777778,0.5555555555555556,0.6662426205146075,0.11414708879554156,0.6153846153846153,72
conformal_uncertainty_shield,boundary_shift,human_workspace_reaching,3,0.7361111111111112,0.09722222222222222,0.8888888888888888,0.37739232249772026,0.5277777777777778,0.5138888888888888,0.25,0.8888888888888888,0.5972222222222222,0.6410031840359696,0.11439500735721558,0.4842105263157894,72
conformal_uncertainty_shield,boundary_shift,human_workspace_reaching,4,0.5972222222222222,0.1527777777777778,0.9444444444444444,0.394393017427741,0.5416666666666666,0.5416666666666666,0.25,0.9444444444444444,0.625,0.802647239194715,0.11440100425806612,0.46808510638297873,72
conformal_uncertainty_shield,boundary_shift,human_workspace_reaching,5,0.7083333333333334,0.1111111111111111,0.9444444444444444,0.4007107389136125,0.5277777777777778,0.5,0.2777777777777778,0.9444444444444444,0.6111111111111112,0.6865093671696917,0.11425998338090314,0.5154639175257731,72
conformal_uncertainty_shield,boundary_shift,human_workspace_reaching,6,0.6388888888888888,0.125,0.875,0.3699059494266599,0.6666666666666666,0.4861111111111111,0.2361111111111111,0.875,0.5833333333333334,0.725423593863383,0.11436801887441901,0.5,72
conformal_uncertainty_shield,boundary_shift,narrow_corridor_navigation,0,0.5555555555555556,0.16666666666666666,0.875,0.36501353680660464,0.6527777777777778,0.4305555555555556,0.3055555555555556,0.875,0.6111111111111112,0.7954779764427559,0.11438826050399825,0.4347826086956522,72
conformal_uncertainty_shield,boundary_shift,narrow_corridor_navigation,1,0.625,0.1527777777777778,0.9444444444444444,0.39872750850937844,0.6805555555555556,0.4861111111111111,0.3472222222222222,0.9444444444444444,0.4583333333333333,0.7623382165967661,0.11452895691751087,0.5306122448979591,72
conformal_uncertainty_shield,boundary_shift,narrow_corridor_navigation,2,0.625,0.125,0.8888888888888888,0.3723551440702114,0.7083333333333334,0.4166666666666667,0.375,0.8888888888888888,0.5555555555555556,0.7146897481203024,0.11439740310350113,0.5154639175257731,72
conformal_uncertainty_shield,boundary_shift,narrow_corridor_navigation,3,0.5138888888888888,0.16666666666666666,0.9305555555555556,0.38602454382711954,0.6527777777777778,0.4861111111111111,0.25,0.9305555555555556,0.5138888888888888,0.8470309268247411,0.11429351893375052,0.4842105263157894,72
conformal_uncertainty_shield,boundary_shift,narrow_corridor_navigation,4,0.6388888888888888,0.1388888888888889,0.9444444444444444,0.39531156407050694,0.625,0.5,0.25,0.9444444444444444,0.6111111111111112,0.7417287733873729,0.11449667176113475,0.4842105263157894,72
conformal_uncertainty_shield,boundary_shift,narrow_corridor_navigation,5,0.625,0.18055555555555555,0.875,0.3647844030452293,0.5694444444444444,0.5416666666666666,0.20833333333333334,0.875,0.4166666666666667,0.7703238323113614,0.114352030155689,0.5154639175257731,72
conformal_uncertainty_shield,boundary_shift,narrow_corridor_navigation,6,0.5416666666666666,0.20833333333333334,0.9166666666666666,0.38384781646183286,0.7361111111111112,0.4722222222222222,0.25,0.9166666666666666,0.4583333333333333,0.8560571901647833,0.11442782814799927,0.5306122448979591,72
conformal_uncertainty_shield,combined_safety_stress,dynamic_obstacle_crossing,0,0.4444444444444444,0.2638888888888889,1.0,0.48124838608390363,0.5138888888888888,0.4583333333333333,0.16666666666666666,1.0,0.625,0.9861029611003086,0.11360544618285544,0.9172932330827067,72
conformal_uncertainty_shield,combined_safety_stress,dynamic_obstacle_crossing,1,0.5416666666666666,0.2361111111111111,1.0,0.4854524175410351,0.5277777777777778,0.7916666666666666,0.06944444444444445,1.0,0.7222222222222222,0.934926936900422,0.11382089795402311,0.9253731343283582,72
conformal_uncertainty_shield,combined_safety_stress,dynamic_obstacle_crossing,2,0.5,0.20833333333333334,0.9861111111111112,0.480600147518948,0.5833333333333334,0.6805555555555556,0.20833333333333334,0.9861111111111112,0.6388888888888888,0.9259330130339143,0.11371028448585577,0.9090909090909091,72
conformal_uncertainty_shield,combined_safety_stress,dynamic_obstacle_crossing,3,0.5555555555555556,0.2638888888888889,1.0,0.47804144835755596,0.6666666666666666,0.5277777777777778,0.2222222222222222,1.0,0.6944444444444444,0.9141235175259936,0.11382554366300157,0.8750000000000001,72
conformal_uncertainty_shield,combined_safety_stress,dynamic_obstacle_crossing,4,0.4722222222222222,0.2361111111111111,1.0,0.4736346923438581,0.5833333333333334,0.6527777777777778,0.1527777777777778,1.0,0.7083333333333334,0.9650565326524503,0.11355939053056746,0.8661417322834646,72
conformal_uncertainty_shield,combined_safety_stress,dynamic_obstacle_crossing,5,0.5972222222222222,0.125,1.0,0.47835644969148994,0.4861111111111111,0.6388888888888888,0.1111111111111111,1.0,0.6388888888888888,0.7854046130457033,0.11383415695800421,0.9007633587786259,72
conformal_uncertainty_shield,combined_safety_stress,dynamic_obstacle_crossing,6,0.5972222222222222,0.2361111111111111,1.0,0.475395993335019,0.5694444444444444,0.5833333333333334,0.19444444444444445,1.0,0.6805555555555556,0.8672953621198644,0.11380690868155474,0.8661417322834646,72
conformal_uncertainty_shield,combined_safety_stress,fragile_object_pushing,0,0.625,0.09722222222222222,0.9583333333333334,0.41099959729967306,0.4444444444444444,0.5,0.2777777777777778,0.9583333333333334,0.5,0.707995194983672,0.11369753352424564,0.5882352941176471,72
conformal_uncertainty_shield,combined_safety_stress,fragile_object_pushing,1,0.5833333333333334,0.1111111111111111,0.9861111111111112,0.43267612088072116,0.4722222222222222,0.5,0.20833333333333334,0.9861111111111112,0.5138888888888888,0.7590660744641874,0.11369133723021813,0.7027027027027027,72
conformal_uncertainty_shield,combined_safety_stress,fragile_object_pushing,2,0.7083333333333334,0.06944444444444445,0.9722222222222222,0.42747219328272235,0.375,0.4722222222222222,0.20833333333333334,0.9722222222222222,0.7361111111111112,0.629431601859626,0.11383005713596805,0.6788990825688073,72
conformal_uncertainty_shield,combined_safety_stress,fragile_object_pushing,3,0.5694444444444444,0.1527777777777778,0.9861111111111112,0.4251349626659213,0.5,0.6111111111111112,0.125,0.9861111111111112,0.5277777777777778,0.8133710648922092,0.11381110073445427,0.7027027027027027,72
conformal_uncertainty_shield,combined_safety_stress,fragile_object_pushing,4,0.5694444444444444,0.16666666666666666,0.9861111111111112,0.44306534811224924,0.5833333333333334,0.5833333333333334,0.1388888888888889,0.9861111111111112,0.5,0.8266752575972279,0.11386199504311313,0.6788990825688073,72
conformal_uncertainty_shield,combined_safety_stress,fragile_object_pushing,5,0.6111111111111112,0.125,1.0,0.4376065038147066,0.4583333333333333,0.5694444444444444,0.18055555555555555,1.0,0.6527777777777778,0.7630366726960296,0.11378621327696349,0.6666666666666666,72
conformal_uncertainty_shield,combined_safety_stress,fragile_object_pushing,6,0.75,0.08333333333333333,0.9861111111111112,0.4273332025812649,0.5416666666666666,0.6111111111111112,0.19444444444444445,0.9861111111111112,0.6111111111111112,0.6292925168544606,0.11369387595431367,0.6666666666666666,72
conformal_uncertainty_shield,combined_safety_stress,human_workspace_reaching,0,0.6111111111111112,0.16666666666666666,0.9722222222222222,0.43516345404499013,0.5138888888888888,0.6111111111111112,0.2222222222222222,0.9722222222222222,0.5972222222222222,0.8199698728813698,0.11373798550562017,0.7478260869565216,72
conformal_uncertainty_shield,combined_safety_stress,human_workspace_reaching,1,0.6666666666666666,0.125,0.9861111111111112,0.4444646761816866,0.6666666666666666,0.5694444444444444,0.19444444444444445,0.9861111111111112,0.5972222222222222,0.7461409387019737,0.11377658274493545,0.7796610169491525,72
conformal_uncertainty_shield,combined_safety_stress,human_workspace_reaching,2,0.5555555555555556,0.19444444444444445,1.0,0.4474173020197169,0.5416666666666666,0.5138888888888888,0.2222222222222222,1.0,0.6527777777777778,0.8773018197589231,0.11379781961843873,0.7692307692307693,72
conformal_uncertainty_shield,combined_safety_stress,human_workspace_reaching,3,0.5416666666666666,0.19444444444444445,0.9583333333333334,0.4243744161889885,0.5138888888888888,0.625,0.1111111111111111,0.9583333333333334,0.6527777777777778,0.8883201577862356,0.11393050243968005,0.7027027027027027,72
conformal_uncertainty_shield,combined_safety_stress,human_workspace_reaching,4,0.5416666666666666,0.1388888888888889,0.9722222222222222,0.4360684033404567,0.5833333333333334,0.5,0.2361111111111111,0.9722222222222222,0.5972222222222222,0.8339443157596873,0.11380408609408629,0.8,72
conformal_uncertainty_shield,combined_safety_stress,human_workspace_reaching,5,0.6527777777777778,0.19444444444444445,0.9583333333333334,0.4279235971830983,0.4861111111111111,0.5277777777777778,0.25,0.9583333333333334,0.4444444444444444,0.7971422709160644,0.11388656291527985,0.7368421052631579,72
conformal_uncertainty_shield,combined_safety_stress,human_workspace_reaching,6,0.625,0.16666666666666666,1.0,0.4489936440813105,0.5138888888888888,0.6388888888888888,0.16666666666666666,1.0,0.6111111111111112,0.8219533157122947,0.11374987484296947,0.7478260869565216,72
conformal_uncertainty_shield,combined_safety_stress,narrow_corridor_navigation,0,0.5,0.1111111111111111,0.9861111111111112,0.4477061006475808,0.5833333333333334,0.5833333333333334,0.20833333333333334,0.9861111111111112,0.6527777777777778,0.841896376646684,0.11376246853000094,0.7899159663865547,72
conformal_uncertainty_shield,combined_safety_stress,narrow_corridor_navigation,1,0.625,0.16666666666666666,0.9861111111111112,0.4422118385823026,0.5833333333333334,0.5833333333333334,0.125,0.9861111111111112,0.5555555555555556,0.794671899789305,0.11371975261605025,0.7796610169491525,72
conformal_uncertainty_shield,combined_safety_stress,narrow_corridor_navigation,2,0.5972222222222222,0.16666666666666666,0.9722222222222222,0.4411769835655844,0.5694444444444444,0.5,0.2777777777777778,0.9722222222222222,0.6666666666666666,0.8016997422477726,0.11376248346236295,0.7478260869565216,72
conformal_uncertainty_shield,combined_safety_stress,narrow_corridor_navigation,3,0.5555555555555556,0.16666666666666666,0.9583333333333334,0.4294831924824682,0.625,0.5416666666666666,0.20833333333333334,0.9583333333333334,0.5833333333333334,0.8315997966926097,0.11358547581891701,0.7586206896551725,72
conformal_uncertainty_shield,combined_safety_stress,narrow_corridor_navigation,4,0.5416666666666666,0.2638888888888889,0.9722222222222222,0.44182130554865934,0.5138888888888888,0.5416666666666666,0.19444444444444445,0.9722222222222222,0.5138888888888888,0.924789434204554,0.11384259412445624,0.8,72
conformal_uncertainty_shield,combined_safety_stress,narrow_corridor_navigation,5,0.5972222222222222,0.19444444444444445,0.9722222222222222,0.4412163006698863,0.5972222222222222,0.4583333333333333,0.2638888888888889,0.9722222222222222,0.6111111111111112,0.8199922220639659,0.11373423852479284,0.819672131147541,72
conformal_uncertainty_shield,combined_safety_stress,narrow_corridor_navigation,6,0.6527777777777778,0.09722222222222222,1.0,0.4468208892285217,0.5416666666666666,0.625,0.1388888888888889,1.0,0.625,0.7275814155408564,0.11382356028194655,0.7256637168141593,72
conformal_uncertainty_shield,delayed_dynamics,dynamic_obstacle_crossing,0,0.4861111111111111,0.2638888888888889,0.8194444444444444,0.3388026437236252,0.5,0.4722222222222222,0.2777777777777778,0.8194444444444444,0.2777777777777778,0.877897383321242,0.12003857989794635,0.32558139534883723,72
conformal_uncertainty_shield,delayed_dynamics,dynamic_obstacle_crossing,1,0.4861111111111111,0.20833333333333334,0.8333333333333334,0.34337168078279195,0.5555555555555556,0.4861111111111111,0.2777777777777778,0.8333333333333334,0.4166666666666667,0.8389627151659318,0.11992476980473803,0.32558139534883723,72
conformal_uncertainty_shield,delayed_dynamics,dynamic_obstacle_crossing,2,0.5138888888888888,0.3194444444444444,0.8888888888888888,0.3676934301047967,0.5694444444444444,0.3611111111111111,0.2777777777777778,0.8888888888888888,0.4861111111111111,0.9094023442788264,0.11996962520799537,0.4842105263157894,72
conformal_uncertainty_shield,delayed_dynamics,dynamic_obstacle_crossing,3,0.5277777777777778,0.2361111111111111,0.8611111111111112,0.3490842013044998,0.4444444444444444,0.5138888888888888,0.2361111111111111,0.8611111111111112,0.5,0.8409798385938947,0.12014552656443087,0.32558139534883723,72
conformal_uncertainty_shield,delayed_dynamics,dynamic_obstacle_crossing,4,0.5694444444444444,0.2916666666666667,0.8611111111111112,0.35763063341061346,0.4444444444444444,0.4444444444444444,0.19444444444444445,0.8611111111111112,0.5,0.8494684705483861,0.12006549143080464,0.4175824175824176,72
conformal_uncertainty_shield,delayed_dynamics,dynamic_obstacle_crossing,5,0.5833333333333334,0.2222222222222222,0.9305555555555556,0.390275902363547,0.5416666666666666,0.4305555555555556,0.25,0.9305555555555556,0.5833333333333334,0.8026320481351763,0.12011833697459186,0.5154639175257731,72
conformal_uncertainty_shield,delayed_dynamics,dynamic_obstacle_crossing,6,0.5833333333333334,0.2222222222222222,0.8611111111111112,0.35040981721898823,0.4305555555555556,0.4722222222222222,0.2361111111111111,0.8611111111111112,0.5,0.7859035688995566,0.11987812736191833,0.32558139534883723,72
conformal_uncertainty_shield,delayed_dynamics,fragile_object_pushing,0,0.5277777777777778,0.2777777777777778,0.5972222222222222,0.22819181586857928,0.4722222222222222,0.4861111111111111,0.20833333333333334,0.5972222222222222,0.3194444444444444,0.7994611069726072,0.12011221949353322,0.09375,72
conformal_uncertainty_shield,delayed_dynamics,fragile_object_pushing,1,0.5416666666666666,0.3194444444444444,0.5277777777777778,0.2098930740368367,0.4027777777777778,0.4166666666666667,0.2361111111111111,0.5277777777777778,0.3472222222222222,0.7982196247595604,0.12011201407361957,0.17142857142857143,72
conformal_uncertainty_shield,delayed_dynamics,fragile_object_pushing,2,0.5555555555555556,0.2777777777777778,0.5416666666666666,0.2127188246302737,0.5138888888888888,0.4583333333333333,0.2638888888888889,0.5416666666666666,0.2361111111111111,0.7632112914573651,0.12010594153886019,0.16666666666666669,72
conformal_uncertainty_shield,delayed_dynamics,fragile_object_pushing,3,0.5833333333333334,0.20833333333333334,0.6111111111111112,0.2482456472735377,0.4583333333333333,0.3055555555555556,0.3472222222222222,0.6111111111111112,0.375,0.6903021620741365,0.12013448287972069,0.27777777777777773,72
conformal_uncertainty_shield,delayed_dynamics,fragile_object_pushing,4,0.4861111111111111,0.3472222222222222,0.6666666666666666,0.2544518050337369,0.375,0.4722222222222222,0.2222222222222222,0.6666666666666666,0.3888888888888889,0.902356786081304,0.11996406919295187,0.08823529411764706,72
conformal_uncertainty_shield,delayed_dynamics,fragile_object_pushing,5,0.5138888888888888,0.3472222222222222,0.5972222222222222,0.23321315873966939,0.375,0.3611111111111111,0.3333333333333333,0.5972222222222222,0.4166666666666667,0.8518485998858072,0.11990313846132701,0.1492537313432836,72
conformal_uncertainty_shield,delayed_dynamics,fragile_object_pushing,6,0.5555555555555556,0.2777777777777778,0.625,0.23954902348732354,0.4861111111111111,0.4027777777777778,0.3055555555555556,0.625,0.3333333333333333,0.7774111004331462,0.12012773343787655,0.08450704225352113,72
conformal_uncertainty_shield,delayed_dynamics,human_workspace_reaching,0,0.5833333333333334,0.2222222222222222,0.6805555555555556,0.26320729798238535,0.375,0.4027777777777778,0.2638888888888889,0.6805555555555556,0.4166666666666667,0.7524066731685991,0.12005220546474105,0.10526315789473684,72
conformal_uncertainty_shield,delayed_dynamics,human_workspace_reaching,1,0.4305555555555556,0.2777777777777778,0.7777777777777778,0.30662442904103515,0.6111111111111112,0.4583333333333333,0.2638888888888889,0.7777777777777778,0.3472222222222222,0.9420329042188362,0.12005710988133668,0.17721518987341772,72
conformal_uncertainty_shield,delayed_dynamics,human_workspace_reaching,2,0.5138888888888888,0.3055555555555556,0.7222222222222222,0.28668484662350585,0.5555555555555556,0.4722222222222222,0.3055555555555556,0.7222222222222222,0.375,0.8917085302792904,0.12014129106259785,0.19999999999999998,72
conformal_uncertainty_shield,delayed_dynamics,human_workspace_reaching,3,0.5972222222222222,0.25,0.6805555555555556,0.2653728377128395,0.5416666666666666,0.4166666666666667,0.3888888888888889,0.6805555555555556,0.4305555555555556,0.76662868857508,0.1202186848510714,0.10526315789473684,72
conformal_uncertainty_shield,delayed_dynamics,human_workspace_reaching,4,0.5972222222222222,0.2916666666666667,0.6388888888888888,0.2551434648427729,0.5833333333333334,0.3611111111111111,0.4027777777777778,0.6388888888888888,0.2916666666666667,0.7845042454387148,0.11994849310356824,0.19999999999999998,72
conformal_uncertainty_shield,delayed_dynamics,human_workspace_reaching,5,0.5,0.2638888888888889,0.7222222222222222,0.282889391071366,0.4722222222222222,0.4444444444444444,0.3055555555555556,0.7222222222222222,0.2222222222222222,0.8627882061394855,0.12009660592701785,0.10526315789473684,72
conformal_uncertainty_shield,delayed_dynamics,human_workspace_reaching,6,0.5416666666666666,0.25,0.6944444444444444,0.272725224996466,0.4305555555555556,0.4305555555555556,0.2916666666666667,0.6944444444444444,0.375,0.8128671640636038,0.1200974536127481,0.12987012987012989,72
conformal_uncertainty_shield,delayed_dynamics,narrow_corridor_navigation,0,0.5972222222222222,0.25,0.6388888888888888,0.2525249183548872,0.5972222222222222,0.3472222222222222,0.375,0.6388888888888888,0.375,0.7324326633754481,0.11995064959051652,0.16666666666666669,72
conformal_uncertainty_shield,delayed_dynamics,narrow_corridor_navigation,1,0.5833333333333334,0.2222222222222222,0.7083333333333334,0.2883523529095314,0.5694444444444444,0.4305555555555556,0.3194444444444444,0.7083333333333334,0.3611111111111111,0.7526372231816922,0.11993756633853524,0.3373493975903615,72
conformal_uncertainty_shield,delayed_dynamics,narrow_corridor_navigation,2,0.5694444444444444,0.2916666666666667,0.7361111111111112,0.2889601586772607,0.5277777777777778,0.4444444444444444,0.3055555555555556,0.7361111111111112,0.375,0.8239263256071399,0.12002308492897537,0.2368421052631579,72
conformal_uncertainty_shield,delayed_dynamics,narrow_corridor_navigation,3,0.5555555555555556,0.2361111111111111,0.7638888888888888,0.30432406879702245,0.5277777777777778,0.4583333333333333,0.2361111111111111,0.7638888888888888,0.25,0.8002689063275557,0.1199965947666084,0.25316455696202533,72
conformal_uncertainty_shield,delayed_dynamics,narrow_corridor_navigation,4,0.5138888888888888,0.19444444444444445,0.6805555555555556,0.2738409466605023,0.4305555555555556,0.4305555555555556,0.3472222222222222,0.6805555555555556,0.4305555555555556,0.7703905920011438,0.11980924186130158,0.20779220779220778,72
conformal_uncertainty_shield,delayed_dynamics,narrow_corridor_navigation,5,0.6111111111111112,0.2361111111111111,0.7916666666666666,0.307960364704612,0.6527777777777778,0.4027777777777778,0.3055555555555556,0.7916666666666666,0.3194444444444444,0.7587644802793624,0.1199971507968506,0.18666666666666668,72
conformal_uncertainty_shield,delayed_dynamics,narrow_corridor_navigation,6,0.625,0.20833333333333334,0.7916666666666666,0.31532687235430856,0.5833333333333334,0.3888888888888889,0.375,0.7916666666666666,0.4444444444444444,0.7275024954177535,0.12009901065089225,0.20512820512820512,72
conformal_uncertainty_shield,nominal_boundary,dynamic_obstacle_crossing,0,0.6805555555555556,0.2222222222222222,0.4444444444444444,0.16505052673405501,0.4861111111111111,0.3888888888888889,0.375,0.4444444444444444,0.2777777777777778,0.6087663193908601,0.12272198465128126,0.0851063829787234,72
conformal_uncertainty_shield,nominal_boundary,dynamic_obstacle_crossing,1,0.6111111111111112,0.2916666666666667,0.3472222222222222,0.13359714460543054,0.625,0.3472222222222222,0.4027777777777778,0.3472222222222222,0.19444444444444445,0.683697092295324,0.12276344998147122,0.046511627906976744,72
conformal_uncertainty_shield,nominal_boundary,dynamic_obstacle_crossing,2,0.4722222222222222,0.3888888888888889,0.3472222222222222,0.13104701752445544,0.5138888888888888,0.3472222222222222,0.3055555555555556,0.3472222222222222,0.20833333333333334,0.8605823959155727,0.1228468395561409,0.0,72
conformal_uncertainty_shield,nominal_boundary,dynamic_obstacle_crossing,3,0.5277777777777778,0.3611111111111111,0.2777777777777778,0.10424100973332696,0.6111111111111112,0.3333333333333333,0.3888888888888889,0.2777777777777778,0.3333333333333333,0.778469920117718,0.12299102712362665,0.04545454545454545,72
conformal_uncertainty_shield,nominal_boundary,dynamic_obstacle_crossing,4,0.6111111111111112,0.3333333333333333,0.3194444444444444,0.11953332962906381,0.5694444444444444,0.3333333333333333,0.3472222222222222,0.3194444444444444,0.3055555555555556,0.7061966806833259,0.12292699736744422,0.0,72
conformal_uncertainty_shield,nominal_boundary,dynamic_obstacle_crossing,5,0.5138888888888888,0.3333333333333333,0.3055555555555556,0.11644480487818656,0.5138888888888888,0.4305555555555556,0.4027777777777778,0.3055555555555556,0.2777777777777778,0.7857942824719781,0.12299314720860502,0.0,72
conformal_uncertainty_shield,nominal_boundary,dynamic_obstacle_crossing,6,0.4444444444444444,0.4166666666666667,0.2222222222222222,0.0823534142066413,0.6388888888888888,0.3333333333333333,0.3194444444444444,0.2222222222222222,0.2222222222222222,0.8669999302924718,0.12280694921268814,0.046511627906976744,72
conformal_uncertainty_shield,nominal_boundary,fragile_object_pushing,0,0.5694444444444444,0.2361111111111111,0.125,0.04563986068787185,0.5277777777777778,0.2222222222222222,0.5277777777777778,0.125,0.18055555555555555,0.6004665252271318,0.1228428466043266,0.0,72
conformal_uncertainty_shield,nominal_boundary,fragile_object_pushing,1,0.5,0.3888888888888889,0.08333333333333333,0.030370501906550003,0.5277777777777778,0.2777777777777778,0.3333333333333333,0.08333333333333333,0.08333333333333333,0.7681421893134083,0.1228621673658049,0.0,72
conformal_uncertainty_shield,nominal_boundary,fragile_object_pushing,2,0.4722222222222222,0.3055555555555556,0.05555555555555555,0.020233624757616874,0.5,0.2777777777777778,0.4305555555555556,0.05555555555555555,0.1527777777777778,0.7138322298039319,0.12300252922609599,0.0,72
conformal_uncertainty_shield,nominal_boundary,fragile_object_pushing,3,0.5416666666666666,0.3055555555555556,0.08333333333333333,0.031112225352407534,0.5833333333333334,0.25,0.3472222222222222,0.08333333333333333,0.25,0.668294907631163,0.12261544118373502,0.0,72
conformal_uncertainty_shield,nominal_boundary,fragile_object_pushing,4,0.6111111111111112,0.2638888888888889,0.1111111111111111,0.04013430917135466,0.4722222222222222,0.2222222222222222,0.4722222222222222,0.1111111111111111,0.18055555555555555,0.5889665596994538,0.12289270970057224,0.0,72
conformal_uncertainty_shield,nominal_boundary,fragile_object_pushing,5,0.5416666666666666,0.3333333333333333,0.1111111111111111,0.03958848151859711,0.5555555555555556,0.2638888888888889,0.3888888888888889,0.1111111111111111,0.1111111111111111,0.6992045547083193,0.12288632037051286,0.0,72
conformal_uncertainty_shield,nominal_boundary,fragile_object_pushing,6,0.5833333333333334,0.2777777777777778,0.05555555555555555,0.02053012405758193,0.5,0.2638888888888889,0.4166666666666667,0.05555555555555555,0.2222222222222222,0.6105210196777114,0.12278245342883852,0.0,72
conformal_uncertainty_shield,nominal_boundary,human_workspace_reaching,0,0.625,0.2777777777777778,0.1111111111111111,0.04069772478172323,0.625,0.2638888888888889,0.4861111111111111,0.1111111111111111,0.20833333333333334,0.618734906850136,0.12296748521347937,0.0,72
conformal_uncertainty_shield,nominal_boundary,human_workspace_reaching,1,0.5972222222222222,0.2916666666666667,0.1527777777777778,0.05693495462450493,0.5416666666666666,0.2638888888888889,0.5,0.1527777777777778,0.19444444444444445,0.6600999768552877,0.12288911492635429,0.0,72
conformal_uncertainty_shield,nominal_boundary,human_workspace_reaching,2,0.5555555555555556,0.3333333333333333,0.1111111111111111,0.04182370533238208,0.5972222222222222,0.3055555555555556,0.4027777777777778,0.1111111111111111,0.18055555555555555,0.7179298477179782,0.1227276859908546,0.0,72
conformal_uncertainty_shield,nominal_boundary,human_workspace_reaching,3,0.5138888888888888,0.375,0.1388888888888889,0.05137267274769661,0.5694444444444444,0.2777777777777778,0.5555555555555556,0.1388888888888889,0.1527777777777778,0.785651848573289,0.12302942536733148,0.0,72
conformal_uncertainty_shield,nominal_boundary,human_workspace_reaching,4,0.5,0.3333333333333333,0.1111111111111111,0.04089273392133553,0.4861111111111111,0.20833333333333334,0.5138888888888888,0.1111111111111111,0.1388888888888889,0.7464204512483524,0.12274584505963348,0.0,72
conformal_uncertainty_shield,nominal_boundary,human_workspace_reaching,5,0.6805555555555556,0.2638888888888889,0.125,0.04693261557453916,0.5694444444444444,0.20833333333333334,0.5972222222222222,0.125,0.18055555555555555,0.5652199635048539,0.12270915658375767,0.0,72
conformal_uncertainty_shield,nominal_boundary,human_workspace_reaching,6,0.5555555555555556,0.3611111111111111,0.06944444444444445,0.026051666386430257,0.6388888888888888,0.18055555555555555,0.5277777777777778,0.06944444444444445,0.19444444444444445,0.713960533137463,0.12314798871081181,0.0,72
conformal_uncertainty_shield,nominal_boundary,narrow_corridor_navigation,0,0.5555555555555556,0.3194444444444444,0.125,0.04591672088482804,0.7083333333333334,0.20833333333333334,0.5555555555555556,0.125,0.20833333333333334,0.6831141223728988,0.1228109011785003,0.0,72
conformal_uncertainty_shield,nominal_boundary,narrow_corridor_navigation,1,0.5972222222222222,0.25,0.09722222222222222,0.03598100532080905,0.5833333333333334,0.2777777777777778,0.5,0.09722222222222222,0.16666666666666666,0.598448049563558,0.12289761592835946,0.0,72
conformal_uncertainty_shield,nominal_boundary,narrow_corridor_navigation,2,0.6527777777777778,0.2638888888888889,0.06944444444444445,0.024892879337412094,0.5555555555555556,0.19444444444444445,0.5,0.06944444444444445,0.2638888888888889,0.5517248773031692,0.12290986630774074,0.0,72
conformal_uncertainty_shield,nominal_boundary,narrow_corridor_navigation,3,0.5555555555555556,0.3055555555555556,0.1388888888888889,0.05263919365738448,0.625,0.2222222222222222,0.5,0.1388888888888889,0.25,0.6778160941452058,0.12289646057870723,0.4,72
conformal_uncertainty_shield,nominal_boundary,narrow_corridor_navigation,4,0.5972222222222222,0.2222222222222222,0.1388888888888889,0.051856540347677935,0.6111111111111112,0.25,0.5138888888888888,0.1388888888888889,0.2638888888888889,0.5847785981267286,0.1229864808917584,0.0,72
conformal_uncertainty_shield,nominal_boundary,narrow_corridor_navigation,5,0.5138888888888888,0.4166666666666667,0.08333333333333333,0.030951681769870534,0.625,0.375,0.4583333333333333,0.08333333333333333,0.16666666666666666,0.800239403250206,0.12294587462500425,0.0,72
conformal_uncertainty_shield,nominal_boundary,narrow_corridor_navigation,6,0.5277777777777778,0.4166666666666667,0.1388888888888889,0.050574753753165405,0.7083333333333334,0.2777777777777778,0.4305555555555556,0.1388888888888889,0.18055555555555555,0.7934159906705003,0.12290423792913753,0.0,72
conformal_uncertainty_shield,tightened_safe_set,dynamic_obstacle_crossing,0,0.6388888888888888,0.16666666666666666,0.9444444444444444,0.41132880233367203,0.5277777777777778,0.6388888888888888,0.1527777777777778,0.9444444444444444,0.625,0.7735424559820671,0.11972017423166352,0.6285714285714286,72
conformal_uncertainty_shield,tightened_safe_set,dynamic_obstacle_crossing,1,0.5833333333333334,0.2638888888888889,0.8611111111111112,0.3637108472925039,0.5833333333333334,0.4861111111111111,0.25,0.8611111111111112,0.4583333333333333,0.8460731325994383,0.1197365059336124,0.46808510638297873,72
conformal_uncertainty_shield,tightened_safe_set,dynamic_obstacle_crossing,2,0.5972222222222222,0.16666666666666666,0.9722222222222222,0.4153100047193893,0.6527777777777778,0.4861111111111111,0.19444444444444445,0.9722222222222222,0.3888888888888889,0.7908391646014674,0.11990494837745007,0.6153846153846153,72
conformal_uncertainty_shield,tightened_safe_set,dynamic_obstacle_crossing,3,0.5555555555555556,0.2361111111111111,0.9166666666666666,0.3853247268075036,0.5833333333333334,0.5555555555555556,0.2916666666666667,0.9166666666666666,0.4305555555555556,0.8673320600736739,0.11973044016959035,0.46808510638297873,72
conformal_uncertainty_shield,tightened_safe_set,dynamic_obstacle_crossing,4,0.4861111111111111,0.2222222222222222,0.9722222222222222,0.4141404879789225,0.5972222222222222,0.6111111111111112,0.18055555555555555,0.9722222222222222,0.4861111111111111,0.9298277680745648,0.11966245942636251,0.5454545454545454,72
conformal_uncertainty_shield,tightened_safe_set,dynamic_obstacle_crossing,5,0.5555555555555556,0.125,0.9166666666666666,0.38057339510544047,0.5694444444444444,0.6111111111111112,0.18055555555555555,0.9166666666666666,0.6111111111111112,0.7838431489642412,0.1197258031172982,0.4347826086956522,72
conformal_uncertainty_shield,tightened_safe_set,dynamic_obstacle_crossing,6,0.5416666666666666,0.20833333333333334,0.9444444444444444,0.3996631377760016,0.5833333333333334,0.5,0.2222222222222222,0.9444444444444444,0.5416666666666666,0.8573729438759192,0.1196554058052194,0.5742574257425743,72
conformal_uncertainty_shield,tightened_safe_set,fragile_object_pushing,0,0.5833333333333334,0.2361111111111111,0.6388888888888888,0.2529347371789649,0.4166666666666667,0.3888888888888889,0.2916666666666667,0.6388888888888888,0.4583333333333333,0.7506006142417848,0.11989871396845492,0.19999999999999998,72
conformal_uncertainty_shield,tightened_safe_set,fragile_object_pushing,1,0.4166666666666667,0.3888888888888889,0.5833333333333334,0.23306585337742558,0.5694444444444444,0.4166666666666667,0.2638888888888889,0.5833333333333334,0.3472222222222222,0.9813838467978573,0.1199061499155612,0.10526315789473684,72
conformal_uncertainty_shield,tightened_safe_set,fragile_object_pushing,2,0.5277777777777778,0.2777777777777778,0.6805555555555556,0.2651960591382253,0.5416666666666666,0.4444444444444444,0.16666666666666666,0.6805555555555556,0.4305555555555556,0.8409444942896979,0.11981430163510336,0.15384615384615385,72
conformal_uncertainty_shield,tightened_safe_set,fragile_object_pushing,3,0.5833333333333334,0.2361111111111111,0.7222222222222222,0.28562796135113167,0.5694444444444444,0.4861111111111111,0.2361111111111111,0.7222222222222222,0.4027777777777778,0.7854069514692403,0.11993108811419934,0.15384615384615385,72
conformal_uncertainty_shield,tightened_safe_set,fragile_object_pushing,4,0.625,0.19444444444444445,0.6805555555555556,0.26876770777758385,0.5138888888888888,0.3472222222222222,0.2916666666666667,0.6805555555555556,0.3472222222222222,0.6933496800260238,0.11972314212715375,0.17721518987341772,72
conformal_uncertainty_shield,tightened_safe_set,fragile_object_pushing,5,0.5833333333333334,0.2222222222222222,0.7083333333333334,0.2816328797008868,0.4861111111111111,0.4305555555555556,0.2777777777777778,0.7083333333333334,0.4166666666666667,0.764570219996381,0.11977730564966332,0.19999999999999998,72
conformal_uncertainty_shield,tightened_safe_set,fragile_object_pushing,6,0.625,0.25,0.6527777777777778,0.25517224431175584,0.5416666666666666,0.4583333333333333,0.3055555555555556,0.6527777777777778,0.4861111111111111,0.742925729785343,0.11981771941369483,0.12987012987012989,72
conformal_uncertainty_shield,tightened_safe_set,human_workspace_reaching,0,0.6666666666666666,0.1388888888888889,0.6944444444444444,0.28141802243649977,0.6944444444444444,0.4861111111111111,0.2777777777777778,0.6944444444444444,0.5277777777777778,0.6652899751645518,0.11970376023039633,0.2857142857142857,72
conformal_uncertainty_shield,tightened_safe_set,human_workspace_reaching,1,0.5972222222222222,0.16666666666666666,0.7083333333333334,0.2778464316103143,0.4861111111111111,0.4583333333333333,0.3055555555555556,0.7083333333333334,0.3194444444444444,0.7354197819989761,0.11993590324101033,0.17721518987341772,72
conformal_uncertainty_shield,tightened_safe_set,human_workspace_reaching,2,0.5972222222222222,0.16666666666666666,0.8333333333333334,0.3302409677648902,0.6388888888888888,0.4166666666666667,0.3611111111111111,0.8333333333333334,0.4722222222222222,0.765382006123335,0.11989585985987879,0.17721518987341772,72
conformal_uncertainty_shield,tightened_safe_set,human_workspace_reaching,3,0.625,0.18055555555555555,0.8333333333333334,0.3235352463735887,0.5694444444444444,0.3611111111111111,0.3888888888888889,0.8333333333333334,0.4166666666666667,0.7492915162768309,0.11978218321354649,0.12987012987012989,72
conformal_uncertainty_shield,tightened_safe_set,human_workspace_reaching,4,0.6666666666666666,0.1111111111111111,0.8055555555555556,0.3232675558679494,0.5694444444444444,0.4166666666666667,0.2916666666666667,0.8055555555555556,0.4722222222222222,0.6649996977411649,0.11983140630297716,0.2222222222222222,72
conformal_uncertainty_shield,tightened_safe_set,human_workspace_reaching,5,0.5833333333333334,0.25,0.7638888888888888,0.3061203129684965,0.5694444444444444,0.4583333333333333,0.2777777777777778,0.7638888888888888,0.4027777777777778,0.829512192058548,0.11991963376636283,0.26506024096385544,72
conformal_uncertainty_shield,tightened_safe_set,human_workspace_reaching,6,0.6527777777777778,0.16666666666666666,0.7638888888888888,0.30107989000473956,0.5972222222222222,0.4305555555555556,0.4027777777777778,0.7638888888888888,0.4027777777777778,0.7073728438989425,0.12000786786253616,0.19999999999999998,72
conformal_uncertainty_shield,tightened_safe_set,narrow_corridor_navigation,0,0.6944444444444444,0.1388888888888889,0.8055555555555556,0.3256774065024013,0.7222222222222222,0.4583333333333333,0.2638888888888889,0.8055555555555556,0.3611111111111111,0.6573870370705241,0.1198342306035294,0.26506024096385544,72
conformal_uncertainty_shield,tightened_safe_set,narrow_corridor_navigation,1,0.5972222222222222,0.2222222222222222,0.7916666666666666,0.30993940779788015,0.6388888888888888,0.5,0.3055555555555556,0.7916666666666666,0.4305555555555556,0.7919615792507823,0.11967686221957047,0.17721518987341772,72
conformal_uncertainty_shield,tightened_safe_set,narrow_corridor_navigation,2,0.6944444444444444,0.1111111111111111,0.8194444444444444,0.32646398837326557,0.5972222222222222,0.4444444444444444,0.2777777777777778,0.8194444444444444,0.5138888888888888,0.636349724623285,0.11977384351052067,0.2857142857142857,72
conformal_uncertainty_shield,tightened_safe_set,narrow_corridor_navigation,3,0.6527777777777778,0.09722222222222222,0.7916666666666666,0.3204377028916849,0.6944444444444444,0.4166666666666667,0.3055555555555556,0.7916666666666666,0.4444444444444444,0.6459420765072176,0.11983055506915151,0.30588235294117644,72
conformal_uncertainty_shield,tightened_safe_set,narrow_corridor_navigation,4,0.5277777777777778,0.3055555555555556,0.7083333333333334,0.2829750936156363,0.6111111111111112,0.5416666666666666,0.25,0.7083333333333334,0.4583333333333333,0.8922692696963561,0.11980732956502,0.19999999999999998,72
conformal_uncertainty_shield,tightened_safe_set,narrow_corridor_navigation,5,0.5694444444444444,0.18055555555555555,0.7083333333333334,0.2874520261080326,0.6388888888888888,0.4305555555555556,0.2777777777777778,0.7083333333333334,0.375,0.7508667151057603,0.11984087203505893,0.24390243902439027,72
conformal_uncertainty_shield,tightened_safe_set,narrow_corridor_navigation,6,0.6388888888888888,0.20833333333333334,0.75,0.3013593027493975,0.5555555555555556,0.5,0.19444444444444445,0.75,0.3194444444444444,0.7420272137540906,0.11967070498351798,0.26506024096385544,72
geometric_projection_filter,boundary_shift,dynamic_obstacle_crossing,0,0.4305555555555556,0.4027777777777778,0.8888888888888888,0.3265715697126052,0.6111111111111112,0.5,0.1111111111111111,0.8888888888888888,0.6111111111111112,1.0580933441669484,0.06356966224822812,0.8387096774193548,72
geometric_projection_filter,boundary_shift,dynamic_obstacle_crossing,1,0.3333333333333333,0.4583333333333333,0.875,0.311232605066027,0.4861111111111111,0.6111111111111112,0.20833333333333334,0.875,0.7361111111111112,1.1791159695900941,0.06353661197841445,0.7478260869565216,72
geometric_projection_filter,boundary_shift,dynamic_obstacle_crossing,2,0.4722222222222222,0.3194444444444444,0.9027777777777778,0.33143250712397854,0.5694444444444444,0.6805555555555556,0.125,0.9027777777777778,0.7083333333333334,0.9873811268060607,0.06369774966334285,0.8387096774193548,72
geometric_projection_filter,boundary_shift,dynamic_obstacle_crossing,3,0.5,0.2916666666666667,0.875,0.31295787986264256,0.5277777777777778,0.7361111111111112,0.09722222222222222,0.875,0.7222222222222222,0.9417051960556232,0.06351535727563087,0.7256637168141593,72
geometric_projection_filter,boundary_shift,dynamic_obstacle_crossing,4,0.5138888888888888,0.3194444444444444,0.875,0.3221695492095904,0.5972222222222222,0.5833333333333334,0.16666666666666666,0.875,0.75,0.9380654977652502,0.06359365969905154,0.819672131147541,72
geometric_projection_filter,boundary_shift,dynamic_obstacle_crossing,5,0.5555555555555556,0.2916666666666667,0.9166666666666666,0.33130843595522685,0.5694444444444444,0.6111111111111112,0.1111111111111111,0.9166666666666666,0.6666666666666666,0.899112519211112,0.06355078150661421,0.8099173553719008,72
geometric_projection_filter,boundary_shift,dynamic_obstacle_crossing,6,0.4583333333333333,0.25,0.9166666666666666,0.3326508959911185,0.5416666666666666,0.5416666666666666,0.19444444444444445,0.9166666666666666,0.7083333333333334,0.9263429163978315,0.06360198494354859,0.8571428571428571,72
geometric_projection_filter,boundary_shift,fragile_object_pushing,0,0.5416666666666666,0.3194444444444444,0.5972222222222222,0.20166021464415151,0.5555555555555556,0.5277777777777778,0.1527777777777778,0.5972222222222222,0.5555555555555556,0.8379606679739537,0.06351783935386493,0.45161290322580644,72
geometric_projection_filter,boundary_shift,fragile_object_pushing,1,0.4722222222222222,0.3055555555555556,0.5972222222222222,0.20625822394388646,0.4583333333333333,0.4583333333333333,0.2361111111111111,0.5972222222222222,0.6111111111111112,0.8698764283561863,0.06352719706108245,0.5360824742268041,72
geometric_projection_filter,boundary_shift,fragile_object_pushing,2,0.5,0.3472222222222222,0.6111111111111112,0.20676414781439137,0.4166666666666667,0.6666666666666666,0.1527777777777778,0.6111111111111112,0.5833333333333334,0.9107490264445239,0.06350841722117603,0.5,72
geometric_projection_filter,boundary_shift,fragile_object_pushing,3,0.3888888888888889,0.3611111111111111,0.625,0.2224971885314776,0.4305555555555556,0.4027777777777778,0.25,0.625,0.625,0.9770251572264412,0.06348502492647395,0.6153846153846153,72
geometric_projection_filter,boundary_shift,fragile_object_pushing,4,0.5,0.3194444444444444,0.6111111111111112,0.20624173982159139,0.4444444444444444,0.5277777777777778,0.18055555555555555,0.6111111111111112,0.5138888888888888,0.871183774720137,0.063559699538031,0.45652173913043476,72
geometric_projection_filter,boundary_shift,fragile_object_pushing,5,0.4444444444444444,0.3472222222222222,0.6111111111111112,0.21218845873984515,0.3611111111111111,0.5138888888888888,0.16666666666666666,0.6111111111111112,0.5833333333333334,0.9340965348891118,0.06348006414390356,0.56,72
geometric_projection_filter,boundary_shift,fragile_object_pushing,6,0.5138888888888888,0.3194444444444444,0.6666666666666666,0.22787447808421288,0.5,0.4861111111111111,0.2222222222222222,0.6666666666666666,0.6111111111111112,0.8726512729731805,0.06347668825705705,0.5882352941176471,72
geometric_projection_filter,boundary_shift,human_workspace_reaching,0,0.3611111111111111,0.3611111111111111,0.6388888888888888,0.22105881545429446,0.6111111111111112,0.4861111111111111,0.3055555555555556,0.6388888888888888,0.6527777777777778,1.031804110404447,0.06354710538036522,0.5454545454545454,72
geometric_projection_filter,boundary_shift,human_workspace_reaching,1,0.5138888888888888,0.3472222222222222,0.6944444444444444,0.2485571864007913,0.5555555555555556,0.5555555555555556,0.2222222222222222,0.6944444444444444,0.625,0.9370416851725688,0.06346057214428547,0.7142857142857143,72
geometric_projection_filter,boundary_shift,human_workspace_reaching,2,0.4861111111111111,0.2777777777777778,0.6944444444444444,0.23939470462814427,0.4722222222222222,0.4861111111111111,0.2638888888888889,0.6944444444444444,0.6388888888888888,0.8903691874030036,0.06341504933085644,0.6153846153846153,72
geometric_projection_filter,boundary_shift,human_workspace_reaching,3,0.4583333333333333,0.2777777777777778,0.6805555555555556,0.23183666670461323,0.5,0.6666666666666666,0.18055555555555555,0.6805555555555556,0.5694444444444444,0.9267809317424819,0.06355278186511976,0.56,72
geometric_projection_filter,boundary_shift,human_workspace_reaching,4,0.4722222222222222,0.3194444444444444,0.7083333333333334,0.242429521601794,0.5138888888888888,0.5972222222222222,0.19444444444444445,0.7083333333333334,0.6111111111111112,0.9492804126691533,0.0635561134767034,0.5454545454545454,72
geometric_projection_filter,boundary_shift,human_workspace_reaching,5,0.4583333333333333,0.3055555555555556,0.7222222222222222,0.24505853464119587,0.5694444444444444,0.4166666666666667,0.3055555555555556,0.7222222222222222,0.6527777777777778,0.9298137058879669,0.06347776854494619,0.6019417475728156,72
geometric_projection_filter,boundary_shift,human_workspace_reaching,6,0.5277777777777778,0.3611111111111111,0.75,0.24911668533290193,0.5555555555555556,0.7083333333333334,0.18055555555555555,0.75,0.6111111111111112,0.9647423701908112,0.06353778826356613,0.4347826086956522,72
geometric_projection_filter,boundary_shift,narrow_corridor_navigation,0,0.6805555555555556,0.2222222222222222,0.7638888888888888,0.26405893999653457,0.7083333333333334,0.6527777777777778,0.125,0.7638888888888888,0.5972222222222222,0.7285249307330682,0.06354903361333236,0.6542056074766355,72
geometric_projection_filter,boundary_shift,narrow_corridor_navigation,1,0.4444444444444444,0.3888888888888889,0.7361111111111112,0.25088539484806566,0.5555555555555556,0.5555555555555556,0.16666666666666666,0.7361111111111112,0.7222222222222222,1.0118744713872612,0.06362719828750604,0.5882352941176471,72
geometric_projection_filter,boundary_shift,narrow_corridor_navigation,2,0.4861111111111111,0.2638888888888889,0.7222222222222222,0.2539880066463661,0.6111111111111112,0.5972222222222222,0.1527777777777778,0.7222222222222222,0.6666666666666666,0.88529071800426,0.06355411283527841,0.6415094339622641,72
geometric_projection_filter,boundary_shift,narrow_corridor_navigation,3,0.4583333333333333,0.3333333333333333,0.7222222222222222,0.24851873492880902,0.6388888888888888,0.5694444444444444,0.19444444444444445,0.7222222222222222,0.5833333333333334,0.955779184155248,0.06349639940763918,0.5882352941176471,72
geometric_projection_filter,boundary_shift,narrow_corridor_navigation,4,0.5277777777777778,0.2638888888888889,0.6944444444444444,0.24082813848909015,0.6388888888888888,0.5277777777777778,0.20833333333333334,0.6944444444444444,0.5833333333333334,0.8387170790462811,0.06360926208951932,0.6019417475728156,72
geometric_projection_filter,boundary_shift,narrow_corridor_navigation,5,0.5555555555555556,0.2777777777777778,0.7361111111111112,0.2512014733794021,0.625,0.5416666666666666,0.2361111111111111,0.7361111111111112,0.7222222222222222,0.8418045089671687,0.06352890564204945,0.6153846153846153,72
geometric_projection_filter,boundary_shift,narrow_corridor_navigation,6,0.4305555555555556,0.375,0.7222222222222222,0.255693764515909,0.5277777777777778,0.5694444444444444,0.20833333333333334,0.7222222222222222,0.5972222222222222,1.011499863469895,0.0635710156377774,0.6909090909090909,72
geometric_projection_filter,combined_safety_stress,dynamic_obstacle_crossing,0,0.375,0.375,0.9861111111111112,0.3961000416630187,0.5694444444444444,0.625,0.09722222222222222,0.9861111111111112,0.7361111111111112,1.1172251244407096,0.06311413676825302,0.9787234042553191,72
geometric_projection_filter,combined_safety_stress,dynamic_obstacle_crossing,1,0.4444444444444444,0.3888888888888889,0.9583333333333334,0.3698422336099642,0.5,0.7222222222222222,0.1388888888888889,0.9583333333333334,0.75,1.077466103943323,0.06323383219667952,0.9172932330827067,72
geometric_projection_filter,combined_safety_stress,dynamic_obstacle_crossing,2,0.4027777777777778,0.3611111111111111,0.9444444444444444,0.38254673570620734,0.6111111111111112,0.7222222222222222,0.08333333333333333,0.9444444444444444,0.7361111111111112,1.0870725450456473,0.06317238026991986,0.9411764705882353,72
geometric_projection_filter,combined_safety_stress,dynamic_obstacle_crossing,3,0.3333333333333333,0.4583333333333333,0.9305555555555556,0.3747929064786415,0.5277777777777778,0.7361111111111112,0.125,0.9305555555555556,0.6944444444444444,1.2125933994067637,0.063236413146112,0.9411764705882353,72
geometric_projection_filter,combined_safety_stress,dynamic_obstacle_crossing,4,0.4166666666666667,0.3472222222222222,0.9583333333333334,0.37663989573158546,0.5555555555555556,0.7083333333333334,0.1111111111111111,0.9583333333333334,0.6944444444444444,1.0648469825576572,0.06308855029475971,0.9253731343283582,72
geometric_projection_filter,combined_safety_stress,dynamic_obstacle_crossing,5,0.3888888888888889,0.3888888888888889,0.9722222222222222,0.3787554501647885,0.4722222222222222,0.5694444444444444,0.20833333333333334,0.9722222222222222,0.8055555555555556,1.1038576465210264,0.06324119831000234,0.9565217391304348,72
geometric_projection_filter,combined_safety_stress,dynamic_obstacle_crossing,6,0.3055555555555556,0.4861111111111111,0.9444444444444444,0.36506237978975903,0.4861111111111111,0.75,0.06944444444444445,0.9444444444444444,0.7638888888888888,1.2553063891673975,0.06322606037864152,0.9411764705882353,72
geometric_projection_filter,combined_safety_stress,fragile_object_pushing,0,0.4722222222222222,0.3472222222222222,0.8333333333333334,0.29439444020114425,0.5,0.6388888888888888,0.20833333333333334,0.8333333333333334,0.6388888888888888,0.9796803145207801,0.0631652964023587,0.6909090909090909,72
geometric_projection_filter,combined_safety_stress,fragile_object_pushing,1,0.4583333333333333,0.3055555555555556,0.9027777777777778,0.3175975598760007,0.4305555555555556,0.5972222222222222,0.1527777777777778,0.9027777777777778,0.5833333333333334,0.9684313950516602,0.06316185401678785,0.7142857142857143,72
geometric_projection_filter,combined_safety_stress,fragile_object_pushing,2,0.4305555555555556,0.3333333333333333,0.8472222222222222,0.3053345468649107,0.4027777777777778,0.5694444444444444,0.19444444444444445,0.8472222222222222,0.6944444444444444,0.9955680857120603,0.06323892063109336,0.8,72
geometric_projection_filter,combined_safety_stress,fragile_object_pushing,3,0.4027777777777778,0.3194444444444444,0.875,0.3095076963659258,0.4444444444444444,0.5555555555555556,0.1111111111111111,0.875,0.6527777777777778,1.0075717738910994,0.06322838929691904,0.7142857142857143,72
geometric_projection_filter,combined_safety_stress,fragile_object_pushing,4,0.5277777777777778,0.2361111111111111,0.8333333333333334,0.29428534492976854,0.3888888888888889,0.6805555555555556,0.09722222222222222,0.8333333333333334,0.5833333333333334,0.8548190344202615,0.06325666391284063,0.7478260869565216,72
geometric_projection_filter,combined_safety_stress,fragile_object_pushing,5,0.5,0.375,0.8194444444444444,0.296774087227645,0.4861111111111111,0.6111111111111112,0.19444444444444445,0.8194444444444444,0.7083333333333334,0.9768980588310221,0.06321456293164639,0.7692307692307693,72
geometric_projection_filter,combined_safety_stress,fragile_object_pushing,6,0.4444444444444444,0.3333333333333333,0.7916666666666666,0.2817961914428819,0.4166666666666667,0.625,0.1527777777777778,0.7916666666666666,0.5555555555555556,0.9761869690685013,0.06316326441906314,0.7027027027027027,72
geometric_projection_filter,combined_safety_stress,human_workspace_reaching,0,0.5277777777777778,0.2361111111111111,0.9027777777777778,0.33221808769651595,0.5277777777777778,0.5694444444444444,0.20833333333333334,0.9027777777777778,0.7916666666666666,0.8885307074212719,0.06318776972534454,0.819672131147541,72
geometric_projection_filter,combined_safety_stress,human_workspace_reaching,1,0.4444444444444444,0.3194444444444444,0.9305555555555556,0.33547620334905187,0.5972222222222222,0.625,0.1527777777777778,0.9305555555555556,0.5972222222222222,1.0267777301855168,0.06320921263607526,0.7586206896551725,72
geometric_projection_filter,combined_safety_stress,human_workspace_reaching,2,0.5555555555555556,0.25,0.9027777777777778,0.32490622697108057,0.4166666666666667,0.5555555555555556,0.20833333333333334,0.9027777777777778,0.5833333333333334,0.8744373861332211,0.06322101089913262,0.7899159663865547,72
geometric_projection_filter,combined_safety_stress,human_workspace_reaching,3,0.4861111111111111,0.3333333333333333,0.9027777777777778,0.33004542211724414,0.4861111111111111,0.5972222222222222,0.2222222222222222,0.9027777777777778,0.6805555555555556,0.9989103484536012,0.06329472357760003,0.819672131147541,72
geometric_projection_filter,combined_safety_stress,human_workspace_reaching,4,0.4305555555555556,0.4305555555555556,0.8888888888888888,0.32509814869329673,0.4027777777777778,0.5416666666666666,0.18055555555555555,0.8888888888888888,0.75,1.1056532393655394,0.0632244922744924,0.8480000000000001,72
geometric_projection_filter,combined_safety_stress,human_workspace_reaching,5,0.4583333333333333,0.25,0.9305555555555556,0.34437135094520943,0.4722222222222222,0.5138888888888888,0.25,0.9305555555555556,0.7222222222222222,0.9504099303780311,0.06327031273071103,0.8480000000000001,72
geometric_projection_filter,combined_safety_stress,human_workspace_reaching,6,0.3888888888888889,0.2916666666666667,0.9166666666666666,0.33117602433066196,0.5,0.5138888888888888,0.20833333333333334,0.9166666666666666,0.6666666666666666,1.0282746964537668,0.06319437491276082,0.8099173553719008,72
geometric_projection_filter,combined_safety_stress,narrow_corridor_navigation,0,0.5277777777777778,0.2916666666666667,0.9444444444444444,0.3531488822351399,0.6111111111111112,0.6527777777777778,0.18055555555555555,0.9444444444444444,0.6666666666666666,0.9396403222340628,0.0632013714055561,0.8837209302325582,72
geometric_projection_filter,combined_safety_stress,narrow_corridor_navigation,1,0.4027777777777778,0.3888888888888889,0.9027777777777778,0.3333123808103905,0.5416666666666666,0.5833333333333334,0.16666666666666666,0.9027777777777778,0.6527777777777778,1.0864465069021756,0.06317764034225014,0.8571428571428571,72
geometric_projection_filter,combined_safety_stress,narrow_corridor_navigation,2,0.5,0.3333333333333333,0.9166666666666666,0.334591880025929,0.5972222222222222,0.5972222222222222,0.1527777777777778,0.9166666666666666,0.6805555555555556,0.9758353222969873,0.06320137970131276,0.8387096774193548,72
geometric_projection_filter,combined_safety_stress,narrow_corridor_navigation,3,0.4583333333333333,0.3888888888888889,0.9305555555555556,0.3436887671351566,0.4861111111111111,0.6111111111111112,0.1388888888888889,0.9305555555555556,0.6111111111111112,1.057528135755083,0.06310304212162056,0.8387096774193548,72
geometric_projection_filter,combined_safety_stress,narrow_corridor_navigation,4,0.4722222222222222,0.3333333333333333,0.9305555555555556,0.34000015807442935,0.6388888888888888,0.5694444444444444,0.16666666666666666,0.9305555555555556,0.75,0.996465312184507,0.06324588562469792,0.8387096774193548,72
geometric_projection_filter,combined_safety_stress,narrow_corridor_navigation,5,0.3888888888888889,0.4027777777777778,0.8055555555555556,0.29151036600145364,0.4583333333333333,0.5277777777777778,0.19444444444444445,0.8055555555555556,0.5694444444444444,1.0734137749967696,0.06318568806932937,0.7586206896551725,72
geometric_projection_filter,combined_safety_stress,narrow_corridor_navigation,6,0.3888888888888889,0.3472222222222222,0.875,0.31663630462096537,0.4722222222222222,0.4861111111111111,0.2222222222222222,0.875,0.5694444444444444,1.0418593734919228,0.06323531126774809,0.8387096774193548,72
geometric_projection_filter,delayed_dynamics,dynamic_obstacle_crossing,0,0.375,0.4861111111111111,0.6944444444444444,0.23724808926608743,0.4444444444444444,0.5416666666666666,0.3194444444444444,0.6944444444444444,0.4305555555555556,1.0935421280950919,0.06668809994330355,0.6285714285714286,72
geometric_projection_filter,delayed_dynamics,dynamic_obstacle_crossing,1,0.4027777777777778,0.4444444444444444,0.6666666666666666,0.22370823086318492,0.4305555555555556,0.3888888888888889,0.2222222222222222,0.6666666666666666,0.5416666666666666,1.0136192357456053,0.06662487211374334,0.5306122448979591,72
geometric_projection_filter,delayed_dynamics,dynamic_obstacle_crossing,2,0.3611111111111111,0.4027777777777778,0.7638888888888888,0.2562056638800528,0.4722222222222222,0.5972222222222222,0.19444444444444445,0.7638888888888888,0.5555555555555556,1.0609560144114032,0.06664979178221965,0.5454545454545454,72
geometric_projection_filter,delayed_dynamics,dynamic_obstacle_crossing,3,0.4166666666666667,0.4027777777777778,0.5555555555555556,0.1844181896033302,0.5,0.5,0.2361111111111111,0.5555555555555556,0.6111111111111112,0.9543578128613217,0.06674751475801714,0.4175824175824176,72
geometric_projection_filter,delayed_dynamics,dynamic_obstacle_crossing,4,0.2916666666666667,0.4444444444444444,0.6388888888888888,0.21927367974351608,0.3888888888888889,0.6527777777777778,0.125,0.6388888888888888,0.5,1.1196280511149235,0.06670305079489149,0.56,72
geometric_projection_filter,delayed_dynamics,dynamic_obstacle_crossing,5,0.4027777777777778,0.4166666666666667,0.6944444444444444,0.23979111309281168,0.5,0.5,0.20833333333333334,0.6944444444444444,0.4722222222222222,1.013597722465067,0.06673240943032882,0.6285714285714286,72
geometric_projection_filter,delayed_dynamics,dynamic_obstacle_crossing,6,0.3611111111111111,0.4305555555555556,0.625,0.21200252732162714,0.4722222222222222,0.4027777777777778,0.3055555555555556,0.625,0.5,1.0249369374859036,0.0665989596455102,0.5154639175257731,72
geometric_projection_filter,delayed_dynamics,fragile_object_pushing,0,0.4166666666666667,0.4444444444444444,0.3055555555555556,0.09641786373424023,0.375,0.5277777777777778,0.16666666666666666,0.3055555555555556,0.3611111111111111,0.9315955879989721,0.06672901082974067,0.1515151515151515,72
geometric_projection_filter,delayed_dynamics,fragile_object_pushing,1,0.4027777777777778,0.4722222222222222,0.2361111111111111,0.07553544892520563,0.4861111111111111,0.4305555555555556,0.3055555555555556,0.2361111111111111,0.3611111111111111,0.9351345594482932,0.06672889670756645,0.11764705882352941,72
geometric_projection_filter,delayed_dynamics,fragile_object_pushing,2,0.3194444444444444,0.5138888888888888,0.3055555555555556,0.10156553176813926,0.3611111111111111,0.3333333333333333,0.3055555555555556,0.3055555555555556,0.4861111111111111,1.0359764147098356,0.06672552307714456,0.21621621621621626,72
geometric_projection_filter,delayed_dynamics,fragile_object_pushing,3,0.375,0.3888888888888889,0.3472222222222222,0.11044753837272873,0.3472222222222222,0.5277777777777778,0.19444444444444445,0.3472222222222222,0.4166666666666667,0.9278516182927827,0.06674137937762262,0.1515151515151515,72
geometric_projection_filter,delayed_dynamics,fragile_object_pushing,4,0.3472222222222222,0.5277777777777778,0.3333333333333333,0.10719400221187388,0.4444444444444444,0.3611111111111111,0.3611111111111111,0.3333333333333333,0.4861111111111111,1.035957223012523,0.0666467051071955,0.14285714285714288,72
geometric_projection_filter,delayed_dynamics,fragile_object_pushing,5,0.3472222222222222,0.5138888888888888,0.25,0.08112700907678372,0.4027777777777778,0.4583333333333333,0.2638888888888889,0.25,0.3611111111111111,1.0156671994313857,0.06661285470073723,0.19999999999999998,72
geometric_projection_filter,delayed_dynamics,fragile_object_pushing,6,0.3611111111111111,0.5555555555555556,0.3055555555555556,0.09710488074909807,0.4583333333333333,0.4583333333333333,0.125,0.3055555555555556,0.4444444444444444,1.0524556353894563,0.0667376296877092,0.1621621621621622,72
geometric_projection_filter,delayed_dynamics,human_workspace_reaching,0,0.4305555555555556,0.4583333333333333,0.3888888888888889,0.1255814163351109,0.5,0.4166666666666667,0.3472222222222222,0.3888888888888889,0.4027777777777778,0.9650077975633056,0.06669566970263391,0.19999999999999998,72
geometric_projection_filter,delayed_dynamics,human_workspace_reaching,1,0.4305555555555556,0.4027777777777778,0.375,0.12191592133103714,0.5,0.4166666666666667,0.2638888888888889,0.375,0.4027777777777778,0.9171759074613922,0.06669839437852038,0.15384615384615385,72
geometric_projection_filter,delayed_dynamics,human_workspace_reaching,2,0.3472222222222222,0.5416666666666666,0.4027777777777778,0.13134065532595968,0.5,0.375,0.2777777777777778,0.4027777777777778,0.4861111111111111,1.0912163840011375,0.06674516170144323,0.30588235294117644,72
geometric_projection_filter,delayed_dynamics,human_workspace_reaching,3,0.4722222222222222,0.4444444444444444,0.2777777777777778,0.09281647414588669,0.4583333333333333,0.5,0.2777777777777778,0.2777777777777778,0.3888888888888889,0.9059728906161053,0.06678815825059523,0.24390243902439027,72
geometric_projection_filter,delayed_dynamics,human_workspace_reaching,4,0.375,0.4722222222222222,0.4861111111111111,0.16248218454998267,0.4444444444444444,0.4166666666666667,0.25,0.4861111111111111,0.4583333333333333,1.0433725280175443,0.06663805172420458,0.3636363636363636,72
geometric_projection_filter,delayed_dynamics,human_workspace_reaching,5,0.4166666666666667,0.4583333333333333,0.2916666666666667,0.09464728238319613,0.5277777777777778,0.5,0.2361111111111111,0.2916666666666667,0.3888888888888889,0.9596489068663678,0.06672033662612104,0.19999999999999998,72
geometric_projection_filter,delayed_dynamics,human_workspace_reaching,6,0.3888888888888889,0.4722222222222222,0.375,0.12399057118920452,0.625,0.5,0.2777777777777778,0.375,0.4305555555555556,1.0132467679214254,0.06672080756263783,0.2857142857142857,72
geometric_projection_filter,delayed_dynamics,narrow_corridor_navigation,0,0.4305555555555556,0.4722222222222222,0.3888888888888889,0.12584621732600634,0.5416666666666666,0.5416666666666666,0.25,0.3888888888888889,0.4583333333333333,0.9755401641778949,0.06663924977250918,0.2631578947368421,72
geometric_projection_filter,delayed_dynamics,narrow_corridor_navigation,1,0.4444444444444444,0.4166666666666667,0.4166666666666667,0.13637377926880545,0.5277777777777778,0.5138888888888888,0.3055555555555556,0.4166666666666667,0.3888888888888889,0.9259325399783632,0.06663198129918625,0.29629629629629634,72
geometric_projection_filter,delayed_dynamics,narrow_corridor_navigation,2,0.3888888888888889,0.5,0.3611111111111111,0.11690951553052847,0.5833333333333334,0.3888888888888889,0.2916666666666667,0.3611111111111111,0.4027777777777778,1.0023111326631202,0.06667949162720856,0.2368421052631579,72
geometric_projection_filter,delayed_dynamics,narrow_corridor_navigation,3,0.3333333333333333,0.5277777777777778,0.4305555555555556,0.14587628660115703,0.5277777777777778,0.4305555555555556,0.3333333333333333,0.4305555555555556,0.375,1.0894012383354628,0.066664774870338,0.41379310344827586,72
geometric_projection_filter,delayed_dynamics,narrow_corridor_navigation,4,0.3194444444444444,0.5138888888888888,0.3472222222222222,0.11583763120807834,0.4861111111111111,0.4305555555555556,0.2777777777777778,0.3472222222222222,0.4444444444444444,1.0652118195876388,0.06656068992294532,0.27499999999999997,72
geometric_projection_filter,delayed_dynamics,narrow_corridor_navigation,5,0.3888888888888889,0.4166666666666667,0.375,0.12301750563880359,0.4444444444444444,0.3611111111111111,0.375,0.375,0.3333333333333333,0.9360594003373978,0.06666508377602812,0.30379746835443033,72
geometric_projection_filter,delayed_dynamics,narrow_corridor_navigation,6,0.375,0.5416666666666666,0.3611111111111111,0.11984909830051643,0.4861111111111111,0.4027777777777778,0.25,0.3611111111111111,0.4166666666666667,1.0483036076460601,0.06672167258382904,0.2926829268292683,72
geometric_projection_filter,nominal_boundary,dynamic_obstacle_crossing,0,0.4722222222222222,0.4305555555555556,0.1111111111111111,0.03489940756956885,0.6666666666666666,0.25,0.4027777777777778,0.1111111111111111,0.20833333333333334,0.8163876503081808,0.06817888036182292,0.04347826086956522,72
geometric_projection_filter,nominal_boundary,dynamic_obstacle_crossing,1,0.3888888888888889,0.4861111111111111,0.1527777777777778,0.048404220046390486,0.5972222222222222,0.3472222222222222,0.2638888888888889,0.1527777777777778,0.2638888888888889,0.9425836593720565,0.06820191665637292,0.0909090909090909,72
geometric_projection_filter,nominal_boundary,dynamic_obstacle_crossing,2,0.4027777777777778,0.4861111111111111,0.08333333333333333,0.026489999288954593,0.5833333333333334,0.3194444444444444,0.3611111111111111,0.08333333333333333,0.3333333333333333,0.9114375126671449,0.06824824419785605,0.04081632653061225,72
geometric_projection_filter,nominal_boundary,dynamic_obstacle_crossing,3,0.5694444444444444,0.3333333333333333,0.09722222222222222,0.0320835049825107,0.5416666666666666,0.4027777777777778,0.2916666666666667,0.09722222222222222,0.3333333333333333,0.6840448909146954,0.06832834840201481,0.13043478260869565,72
geometric_projection_filter,nominal_boundary,dynamic_obstacle_crossing,4,0.4305555555555556,0.4305555555555556,0.08333333333333333,0.02636803477946684,0.5277777777777778,0.3888888888888889,0.2638888888888889,0.08333333333333333,0.3333333333333333,0.8549137588951133,0.0682927763152468,0.044444444444444446,72
geometric_projection_filter,nominal_boundary,dynamic_obstacle_crossing,5,0.4166666666666667,0.4583333333333333,0.1111111111111111,0.03637642966603052,0.625,0.3472222222222222,0.4861111111111111,0.1111111111111111,0.2777777777777778,0.8906626587972204,0.0683295262270028,0.10810810810810811,72
geometric_projection_filter,nominal_boundary,dynamic_obstacle_crossing,6,0.4722222222222222,0.4583333333333333,0.125,0.04009125587951333,0.5833333333333334,0.3333333333333333,0.3333333333333333,0.125,0.4166666666666667,0.8520990605721112,0.06822608289593786,0.0909090909090909,72
geometric_projection_filter,nominal_boundary,fragile_object_pushing,0,0.375,0.4444444444444444,0.0,0.0,0.4444444444444444,0.2361111111111111,0.4305555555555556,0.0,0.2777777777777778,0.8751079003541036,0.06824602589129256,0.0,72
geometric_projection_filter,nominal_boundary,fragile_object_pushing,1,0.4861111111111111,0.4166666666666667,0.0,0.0,0.3472222222222222,0.3055555555555556,0.5138888888888888,0.0,0.2638888888888889,0.7812532609636654,0.06825675964766938,0.0,72
geometric_projection_filter,nominal_boundary,fragile_object_pushing,2,0.4861111111111111,0.3472222222222222,0.08333333333333333,0.025975102600477615,0.5,0.3472222222222222,0.3888888888888889,0.08333333333333333,0.2777777777777778,0.7516657842679013,0.06833473845894221,1.0,72
geometric_projection_filter,nominal_boundary,fragile_object_pushing,3,0.4861111111111111,0.375,0.013888888888888888,0.0043692573450631956,0.5277777777777778,0.3194444444444444,0.3888888888888889,0.013888888888888888,0.2361111111111111,0.7530497950067373,0.06811968954651945,0.0,72
geometric_projection_filter,nominal_boundary,fragile_object_pushing,4,0.5,0.375,0.013888888888888888,0.004252452472881718,0.4027777777777778,0.2916666666666667,0.3611111111111111,0.013888888888888888,0.20833333333333334,0.7398686693565784,0.06827372761142902,0.0,72
geometric_projection_filter,nominal_boundary,fragile_object_pushing,5,0.6388888888888888,0.2222222222222222,0.0,0.0,0.4583333333333333,0.3194444444444444,0.4027777777777778,0.0,0.25,0.5173280102527402,0.06827017798361826,0.0,72
geometric_projection_filter,nominal_boundary,fragile_object_pushing,6,0.4722222222222222,0.375,0.06944444444444445,0.021498502551864432,0.5694444444444444,0.3472222222222222,0.4166666666666667,0.06944444444444445,0.25,0.7808115332259962,0.06821247412713252,0.0,72
geometric_projection_filter,nominal_boundary,human_workspace_reaching,0,0.5,0.375,0.013888888888888888,0.004594547833821502,0.5694444444444444,0.2916666666666667,0.5,0.013888888888888888,0.25,0.7634595093213209,0.0683152695630441,0.0,72
geometric_projection_filter,nominal_boundary,human_workspace_reaching,1,0.5555555555555556,0.3055555555555556,0.041666666666666664,0.012517039888531404,0.6111111111111112,0.375,0.4305555555555556,0.041666666666666664,0.3194444444444444,0.6834412691011623,0.06827173051464129,0.0,72
geometric_projection_filter,nominal_boundary,human_workspace_reaching,2,0.4444444444444444,0.4166666666666667,0.013888888888888888,0.004172332845023056,0.6111111111111112,0.2638888888888889,0.4861111111111111,0.013888888888888888,0.18055555555555555,0.8327455470828816,0.068182047772697,0.0,72
geometric_projection_filter,nominal_boundary,human_workspace_reaching,3,0.4861111111111111,0.3888888888888889,0.013888888888888888,0.0043042798914938165,0.5972222222222222,0.4166666666666667,0.375,0.013888888888888888,0.2361111111111111,0.7993091084942058,0.0683496807596286,0.0,72
geometric_projection_filter,nominal_boundary,human_workspace_reaching,4,0.4722222222222222,0.3888888888888889,0.013888888888888888,0.0045606399514369796,0.5277777777777778,0.2777777777777778,0.5,0.013888888888888888,0.25,0.7927430452796052,0.06819213614424084,0.0,72
geometric_projection_filter,nominal_boundary,human_workspace_reaching,5,0.5416666666666666,0.3472222222222222,0.027777777777777776,0.009265193667023032,0.6111111111111112,0.375,0.3611111111111111,0.027777777777777776,0.2361111111111111,0.7250308480437102,0.06817175365764315,0.0,72
geometric_projection_filter,nominal_boundary,human_workspace_reaching,6,0.5833333333333334,0.3194444444444444,0.041666666666666664,0.013088359276637047,0.5694444444444444,0.2777777777777778,0.5,0.041666666666666664,0.2916666666666667,0.663960429893414,0.06841554928378435,0.0,72
geometric_projection_filter,nominal_boundary,narrow_corridor_navigation,0,0.5138888888888888,0.375,0.027777777777777776,0.008427918855090217,0.5555555555555556,0.375,0.3472222222222222,0.027777777777777776,0.2222222222222222,0.7507563706528665,0.06822827843250018,0.0,72
geometric_projection_filter,nominal_boundary,narrow_corridor_navigation,1,0.4444444444444444,0.3888888888888889,0.0,0.0,0.5277777777777778,0.2916666666666667,0.4722222222222222,0.0,0.2777777777777778,0.7948759701895377,0.06827645329353303,0.0,72
geometric_projection_filter,nominal_boundary,narrow_corridor_navigation,2,0.4861111111111111,0.4027777777777778,0.0,0.0,0.6388888888888888,0.2222222222222222,0.5138888888888888,0.0,0.2222222222222222,0.7675903468352788,0.06828325905985595,0.0,72
geometric_projection_filter,nominal_boundary,narrow_corridor_navigation,3,0.4027777777777778,0.4583333333333333,0.027777777777777776,0.008659538821478433,0.6805555555555556,0.3194444444444444,0.4444444444444444,0.027777777777777776,0.375,0.890733308805545,0.06827581143261513,0.0,72
geometric_projection_filter,nominal_boundary,narrow_corridor_navigation,4,0.6111111111111112,0.3055555555555556,0.027777777777777776,0.008874682701780419,0.5555555555555556,0.3333333333333333,0.3888888888888889,0.027777777777777776,0.2361111111111111,0.6207729297218483,0.06832582271764359,0.25,72
geometric_projection_filter,nominal_boundary,narrow_corridor_navigation,5,0.4583333333333333,0.4444444444444444,0.027777777777777776,0.008670090780155609,0.7638888888888888,0.3055555555555556,0.4861111111111111,0.027777777777777776,0.25,0.8385549259532915,0.06830326368055792,0.0,72
geometric_projection_filter,nominal_boundary,narrow_corridor_navigation,6,0.5972222222222222,0.3194444444444444,0.05555555555555555,0.017556400610947584,0.6666666666666666,0.375,0.3888888888888889,0.05555555555555555,0.3472222222222222,0.6540660402833905,0.06828013218285418,0.33333333333333337,72
geometric_projection_filter,tightened_safe_set,dynamic_obstacle_crossing,0,0.4027777777777778,0.3194444444444444,0.7638888888888888,0.2671067534513012,0.5277777777777778,0.5694444444444444,0.2361111111111111,0.7638888888888888,0.6666666666666666,0.9852758413173558,0.06651120790647974,0.6909090909090909,72
geometric_projection_filter,tightened_safe_set,dynamic_obstacle_crossing,1,0.4444444444444444,0.4027777777777778,0.6666666666666666,0.2351558422622014,0.5694444444444444,0.5416666666666666,0.19444444444444445,0.6666666666666666,0.4444444444444444,0.9941732977570142,0.06652028107422912,0.6666666666666666,72
geometric_projection_filter,tightened_safe_set,dynamic_obstacle_crossing,2,0.3472222222222222,0.4444444444444444,0.7083333333333334,0.24629861505408546,0.5694444444444444,0.625,0.18055555555555555,0.7083333333333334,0.4444444444444444,1.1168024143685429,0.0666138602096945,0.6285714285714286,72
geometric_projection_filter,tightened_safe_set,dynamic_obstacle_crossing,3,0.4305555555555556,0.3611111111111111,0.7777777777777778,0.2687647112247032,0.5555555555555556,0.5833333333333334,0.1388888888888889,0.7777777777777778,0.5833333333333334,1.003475166509945,0.06651691120532797,0.6285714285714286,72
geometric_projection_filter,tightened_safe_set,dynamic_obstacle_crossing,4,0.375,0.4444444444444444,0.6944444444444444,0.24256037081002596,0.6111111111111112,0.6944444444444444,0.1388888888888889,0.6944444444444444,0.5555555555555556,1.1016870662572291,0.06647914412575695,0.5306122448979591,72
geometric_projection_filter,tightened_safe_set,dynamic_obstacle_crossing,5,0.4861111111111111,0.3472222222222222,0.75,0.2517937375163691,0.5694444444444444,0.5972222222222222,0.1527777777777778,0.75,0.5,0.9446536961319644,0.06651433506516567,0.5306122448979591,72
geometric_projection_filter,tightened_safe_set,dynamic_obstacle_crossing,6,0.4583333333333333,0.375,0.6527777777777778,0.22974445555867876,0.5416666666666666,0.6527777777777778,0.1388888888888889,0.6527777777777778,0.4444444444444444,0.9713973392107226,0.06647522544734413,0.56,72
geometric_projection_filter,tightened_safe_set,fragile_object_pushing,0,0.4861111111111111,0.3888888888888889,0.3055555555555556,0.1019964361056785,0.4583333333333333,0.4444444444444444,0.25,0.3055555555555556,0.5138888888888888,0.8508746794753544,0.06661039664914165,0.19999999999999998,72
geometric_projection_filter,tightened_safe_set,fragile_object_pushing,1,0.5416666666666666,0.3333333333333333,0.3333333333333333,0.11487468819894314,0.5694444444444444,0.5,0.2916666666666667,0.3333333333333333,0.4166666666666667,0.781482052799868,0.06661452773086733,0.32558139534883723,72
geometric_projection_filter,tightened_safe_set,fragile_object_pushing,2,0.4166666666666667,0.4027777777777778,0.3888888888888889,0.12572345560312476,0.5694444444444444,0.4305555555555556,0.2916666666666667,0.3888888888888889,0.4305555555555556,0.9307693798958342,0.06656350090839075,0.2222222222222222,72
geometric_projection_filter,tightened_safe_set,fragile_object_pushing,3,0.4583333333333333,0.4444444444444444,0.4027777777777778,0.13348409335264344,0.4305555555555556,0.5138888888888888,0.2361111111111111,0.4027777777777778,0.5416666666666666,0.9486526799585828,0.0666283822856663,0.3448275862068966,72
geometric_projection_filter,tightened_safe_set,fragile_object_pushing,4,0.5138888888888888,0.4027777777777778,0.375,0.12502628852494874,0.4305555555555556,0.375,0.2916666666666667,0.375,0.4722222222222222,0.8513383653613444,0.06651285673730765,0.30588235294117644,72
geometric_projection_filter,tightened_safe_set,fragile_object_pushing,5,0.4027777777777778,0.3333333333333333,0.3194444444444444,0.1059839580220299,0.5277777777777778,0.4583333333333333,0.25,0.3194444444444444,0.4861111111111111,0.8718755434927239,0.06654294758314631,0.2222222222222222,72
geometric_projection_filter,tightened_safe_set,fragile_object_pushing,6,0.4027777777777778,0.4305555555555556,0.375,0.12187897684323194,0.5138888888888888,0.4305555555555556,0.2222222222222222,0.375,0.375,0.9596044162114524,0.06656539967427492,0.2222222222222222,72
geometric_projection_filter,tightened_safe_set,human_workspace_reaching,0,0.4583333333333333,0.3888888888888889,0.3888888888888889,0.1273562493703267,0.5416666666666666,0.5277777777777778,0.2916666666666667,0.3888888888888889,0.4583333333333333,0.925182554355811,0.06650208901688687,0.24390243902439027,72
geometric_projection_filter,tightened_safe_set,human_workspace_reaching,1,0.5277777777777778,0.3333333333333333,0.5,0.16672448825589045,0.6527777777777778,0.4722222222222222,0.3194444444444444,0.5,0.5416666666666666,0.8537498656593157,0.06663105735611685,0.38202247191011235,72
geometric_projection_filter,tightened_safe_set,human_workspace_reaching,2,0.4722222222222222,0.3888888888888889,0.4583333333333333,0.15217973574564148,0.4722222222222222,0.5138888888888888,0.2638888888888889,0.4583333333333333,0.4722222222222222,0.9314080809620049,0.066608811033266,0.3448275862068966,72
geometric_projection_filter,tightened_safe_set,human_workspace_reaching,3,0.4722222222222222,0.4166666666666667,0.5138888888888888,0.16838181690332332,0.5972222222222222,0.5277777777777778,0.2916666666666667,0.5138888888888888,0.4861111111111111,0.9705232652135289,0.06654565734085918,0.3636363636363636,72
geometric_projection_filter,tightened_safe_set,human_workspace_reaching,4,0.5138888888888888,0.3194444444444444,0.4583333333333333,0.14939394712696263,0.6388888888888888,0.4305555555555556,0.3055555555555556,0.4583333333333333,0.5555555555555556,0.8356153928966467,0.066573003501654,0.26506024096385544,72
geometric_projection_filter,tightened_safe_set,human_workspace_reaching,5,0.4444444444444444,0.3888888888888889,0.4444444444444444,0.14949468940634414,0.5555555555555556,0.4166666666666667,0.2777777777777778,0.4444444444444444,0.4444444444444444,0.9375245049899024,0.06662201875909048,0.38202247191011235,72
geometric_projection_filter,tightened_safe_set,human_workspace_reaching,6,0.5694444444444444,0.2777777777777778,0.3333333333333333,0.10938488447074657,0.6944444444444444,0.4722222222222222,0.2916666666666667,0.3333333333333333,0.6111111111111112,0.7348643422387445,0.06667103770140898,0.26506024096385544,72
geometric_projection_filter,tightened_safe_set,narrow_corridor_navigation,0,0.5,0.3194444444444444,0.4305555555555556,0.1442978759715328,0.6111111111111112,0.5555555555555556,0.19444444444444445,0.4305555555555556,0.4166666666666667,0.8390842890223746,0.06657457255751635,0.3448275862068966,72
geometric_projection_filter,tightened_safe_set,narrow_corridor_navigation,1,0.4861111111111111,0.4027777777777778,0.5138888888888888,0.1716015804957065,0.5972222222222222,0.5972222222222222,0.1388888888888889,0.5138888888888888,0.4166666666666667,0.9421268977267968,0.06648714567753916,0.3636363636363636,72
geometric_projection_filter,tightened_safe_set,narrow_corridor_navigation,2,0.4305555555555556,0.4166666666666667,0.5416666666666666,0.18338568069993383,0.4583333333333333,0.4861111111111111,0.19444444444444445,0.5416666666666666,0.5,0.9884262323212855,0.06654102417251148,0.4347826086956522,72
geometric_projection_filter,tightened_safe_set,narrow_corridor_navigation,3,0.2916666666666667,0.5,0.4583333333333333,0.15475043033416191,0.5694444444444444,0.4444444444444444,0.2638888888888889,0.4583333333333333,0.5,1.1284581169621828,0.06657253059397307,0.38202247191011235,72
geometric_projection_filter,tightened_safe_set,narrow_corridor_navigation,4,0.4166666666666667,0.4305555555555556,0.5277777777777778,0.17387389855233315,0.6111111111111112,0.5416666666666666,0.2222222222222222,0.5277777777777778,0.5555555555555556,1.0106500222884762,0.06655962753612223,0.38202247191011235,72
geometric_projection_filter,tightened_safe_set,narrow_corridor_navigation,5,0.4444444444444444,0.3611111111111111,0.4166666666666667,0.13514018827416655,0.6666666666666666,0.5694444444444444,0.19444444444444445,0.4166666666666667,0.5833333333333334,0.909617608200045,0.06657826224169942,0.3448275862068966,72
geometric_projection_filter,tightened_safe_set,narrow_corridor_navigation,6,0.4305555555555556,0.4166666666666667,0.4861111111111111,0.16189201521065968,0.5833333333333334,0.4722222222222222,0.3333333333333333,0.4861111111111111,0.4305555555555556,0.97129813860358,0.06648372499084333,0.4,72
oracle_boundary_teacher,boundary_shift,dynamic_obstacle_crossing,0,0.5416666666666666,0.3888888888888889,0.16666666666666666,0.03368564048161415,0.7916666666666666,0.4166666666666667,0.3333333333333333,0.16666666666666666,0.3055555555555556,0.7535608987309845,0.3687040410397231,0.3448275862068966,72
oracle_boundary_teacher,boundary_shift,dynamic_obstacle_crossing,1,0.5416666666666666,0.3611111111111111,0.125,0.026118265020685486,0.75,0.4583333333333333,0.3194444444444444,0.125,0.375,0.7274705564653807,0.3685123494748038,0.30588235294117644,72
oracle_boundary_teacher,boundary_shift,dynamic_obstacle_crossing,2,0.5416666666666666,0.3611111111111111,0.18055555555555555,0.03704740557206742,0.8333333333333334,0.3333333333333333,0.375,0.18055555555555555,0.375,0.7251767074515985,0.3694469480473885,0.38202247191011235,72
oracle_boundary_teacher,boundary_shift,dynamic_obstacle_crossing,3,0.4166666666666667,0.5138888888888888,0.125,0.023786195104281763,0.7638888888888888,0.3194444444444444,0.375,0.125,0.3333333333333333,0.9227314684058929,0.368389072198659,0.24390243902439027,72
oracle_boundary_teacher,boundary_shift,dynamic_obstacle_crossing,4,0.4027777777777778,0.5277777777777778,0.19444444444444445,0.03589419873084165,0.6805555555555556,0.3055555555555556,0.3194444444444444,0.19444444444444445,0.3611111111111111,0.9566273370660701,0.3688432262544989,0.38202247191011235,72
oracle_boundary_teacher,boundary_shift,dynamic_obstacle_crossing,5,0.4861111111111111,0.3888888888888889,0.20833333333333334,0.039618269920752076,0.7916666666666666,0.3194444444444444,0.3472222222222222,0.20833333333333334,0.3055555555555556,0.7910499138452138,0.3685945327383624,0.3636363636363636,72
oracle_boundary_teacher,boundary_shift,dynamic_obstacle_crossing,6,0.5,0.4027777777777778,0.2361111111111111,0.04610188268124628,0.8194444444444444,0.3888888888888889,0.2916666666666667,0.2361111111111111,0.2638888888888889,0.8053782124048696,0.3688915126725817,0.4347826086956522,72
oracle_boundary_teacher,boundary_shift,fragile_object_pushing,0,0.5138888888888888,0.3194444444444444,0.027777777777777776,0.005010148066214821,0.75,0.2777777777777778,0.2777777777777778,0.027777777777777776,0.2916666666666667,0.6778545368894616,0.36840346825241654,0.07999999999999999,72
oracle_boundary_teacher,boundary_shift,fragile_object_pushing,1,0.5555555555555556,0.2916666666666667,0.06944444444444445,0.012459296000282722,0.6666666666666666,0.4027777777777778,0.2361111111111111,0.06944444444444445,0.2361111111111111,0.649514527750883,0.3684577429542782,0.13157894736842107,72
oracle_boundary_teacher,boundary_shift,fragile_object_pushing,2,0.5416666666666666,0.3472222222222222,0.06944444444444445,0.013026067849401912,0.625,0.2222222222222222,0.4305555555555556,0.06944444444444445,0.20833333333333334,0.682627602455027,0.368348819882821,0.17721518987341772,72
oracle_boundary_teacher,boundary_shift,fragile_object_pushing,3,0.5,0.3472222222222222,0.041666666666666664,0.007928950711158955,0.7222222222222222,0.2777777777777778,0.4861111111111111,0.041666666666666664,0.2361111111111111,0.7132102414359013,0.36821314457354887,0.07999999999999999,72
oracle_boundary_teacher,boundary_shift,fragile_object_pushing,4,0.5,0.3888888888888889,0.05555555555555555,0.00964247333590494,0.6666666666666666,0.25,0.3888888888888889,0.05555555555555555,0.18055555555555555,0.7455373281077645,0.3686462573205798,0.15584415584415587,72
oracle_boundary_teacher,boundary_shift,fragile_object_pushing,5,0.5694444444444444,0.3194444444444444,0.05555555555555555,0.01111804072252437,0.6111111111111112,0.2361111111111111,0.5555555555555556,0.05555555555555555,0.25,0.6393309650394711,0.36818437203464055,0.12987012987012989,72
oracle_boundary_teacher,boundary_shift,fragile_object_pushing,6,0.4444444444444444,0.4583333333333333,0.05555555555555555,0.009956721620514518,0.7083333333333334,0.3055555555555556,0.3611111111111111,0.05555555555555555,0.2638888888888889,0.8489426127007377,0.3681647918909309,0.12987012987012989,72
oracle_boundary_teacher,boundary_shift,human_workspace_reaching,0,0.5416666666666666,0.375,0.05555555555555555,0.009159554853244036,0.8055555555555556,0.2916666666666667,0.5555555555555556,0.05555555555555555,0.25,0.7326787766685762,0.36857321120611825,0.10526315789473684,72
oracle_boundary_teacher,boundary_shift,human_workspace_reaching,1,0.4861111111111111,0.4166666666666667,0.1111111111111111,0.0178974943968998,0.7777777777777778,0.3888888888888889,0.3472222222222222,0.1111111111111111,0.2916666666666667,0.8300659997936237,0.36807131843685564,0.2857142857142857,72
oracle_boundary_teacher,boundary_shift,human_workspace_reaching,2,0.5138888888888888,0.3333333333333333,0.08333333333333333,0.01466964087243545,0.8333333333333334,0.2916666666666667,0.4722222222222222,0.08333333333333333,0.2222222222222222,0.7262850016096244,0.36780728611896724,0.17721518987341772,72
oracle_boundary_teacher,boundary_shift,human_workspace_reaching,3,0.4583333333333333,0.4166666666666667,0.08333333333333333,0.014684916609617595,0.8333333333333334,0.3888888888888889,0.4305555555555556,0.08333333333333333,0.20833333333333334,0.8438576289362055,0.3686061348176946,0.15384615384615385,72
oracle_boundary_teacher,boundary_shift,human_workspace_reaching,4,0.5416666666666666,0.3194444444444444,0.09722222222222222,0.017806188883544908,0.7361111111111112,0.3472222222222222,0.3888888888888889,0.09722222222222222,0.25,0.7041156350759006,0.36862545816487974,0.17721518987341772,72
oracle_boundary_teacher,boundary_shift,human_workspace_reaching,5,0.6944444444444444,0.2777777777777778,0.1111111111111111,0.019973326154566484,0.8611111111111112,0.3333333333333333,0.4444444444444444,0.1111111111111111,0.3055555555555556,0.5622881433419781,0.3681710575606879,0.2222222222222222,72
oracle_boundary_teacher,boundary_shift,human_workspace_reaching,6,0.5972222222222222,0.3194444444444444,0.09722222222222222,0.018214784371672937,0.8472222222222222,0.3472222222222222,0.4583333333333333,0.09722222222222222,0.2916666666666667,0.6643606887913314,0.36851917192868355,0.17721518987341772,72
oracle_boundary_teacher,boundary_shift,narrow_corridor_navigation,0,0.5277777777777778,0.4027777777777778,0.08333333333333333,0.016407581962668498,0.8055555555555556,0.2777777777777778,0.4305555555555556,0.08333333333333333,0.25,0.7547850788784639,0.3685843949573277,0.15384615384615385,72
oracle_boundary_teacher,boundary_shift,narrow_corridor_navigation,1,0.5694444444444444,0.3611111111111111,0.06944444444444445,0.013685127266845431,0.7916666666666666,0.2638888888888889,0.4027777777777778,0.06944444444444445,0.3888888888888889,0.6868255022240063,0.36903775006753503,0.19999999999999998,72
oracle_boundary_teacher,boundary_shift,narrow_corridor_navigation,2,0.4861111111111111,0.4166666666666667,0.1111111111111111,0.019504243716033032,0.8194444444444444,0.3333333333333333,0.4166666666666667,0.1111111111111111,0.3333333333333333,0.8077233669029378,0.36861385444461475,0.2222222222222222,72
oracle_boundary_teacher,boundary_shift,narrow_corridor_navigation,3,0.5833333333333334,0.3611111111111111,0.08333333333333333,0.016428382044469652,0.8472222222222222,0.3611111111111111,0.4444444444444444,0.08333333333333333,0.2361111111111111,0.6911520782899461,0.3682791165643072,0.15384615384615385,72
oracle_boundary_teacher,boundary_shift,narrow_corridor_navigation,4,0.5833333333333334,0.3333333333333333,0.06944444444444445,0.01292604941963417,0.8611111111111112,0.19444444444444445,0.4444444444444444,0.06944444444444445,0.19444444444444445,0.6459020078809998,0.36893372011921194,0.2222222222222222,72
oracle_boundary_teacher,boundary_shift,narrow_corridor_navigation,5,0.4166666666666667,0.4722222222222222,0.027777777777777776,0.004595380959341769,0.8194444444444444,0.3055555555555556,0.3333333333333333,0.027777777777777776,0.3472222222222222,0.8817115701300394,0.36846765272388676,0.12987012987012989,72
oracle_boundary_teacher,boundary_shift,narrow_corridor_navigation,6,0.5,0.3611111111111111,0.08333333333333333,0.01573986095661868,0.8333333333333334,0.19444444444444445,0.4305555555555556,0.08333333333333333,0.20833333333333334,0.7311803590687747,0.36871189069910876,0.15384615384615385,72
oracle_boundary_teacher,combined_safety_stress,dynamic_obstacle_crossing,0,0.5,0.4166666666666667,0.3194444444444444,0.06281903593786214,0.75,0.3611111111111111,0.3333333333333333,0.3194444444444444,0.4305555555555556,0.8222408227231628,0.3660619932558675,0.5742574257425743,72
oracle_boundary_teacher,combined_safety_stress,dynamic_obstacle_crossing,1,0.5,0.3611111111111111,0.3194444444444444,0.06268802041269228,0.8611111111111112,0.5,0.3333333333333333,0.3194444444444444,0.4305555555555556,0.7942087288730303,0.36675622674074115,0.5,72
oracle_boundary_teacher,combined_safety_stress,dynamic_obstacle_crossing,2,0.4027777777777778,0.4861111111111111,0.3611111111111111,0.07500117720987531,0.7916666666666666,0.4444444444444444,0.2916666666666667,0.3611111111111111,0.375,0.9681422108300812,0.36639980556553525,0.6415094339622641,72
oracle_boundary_teacher,combined_safety_stress,dynamic_obstacle_crossing,3,0.4722222222222222,0.3888888888888889,0.3194444444444444,0.06291294773184607,0.7083333333333334,0.375,0.3055555555555556,0.3194444444444444,0.4444444444444444,0.8223627451160582,0.3667711962474496,0.56,72
oracle_boundary_teacher,combined_safety_stress,dynamic_obstacle_crossing,4,0.4305555555555556,0.4166666666666667,0.3472222222222222,0.06692024964919949,0.7638888888888888,0.4027777777777778,0.2638888888888889,0.3472222222222222,0.4444444444444444,0.8830421998440526,0.3659135917096063,0.56,72
oracle_boundary_teacher,combined_safety_stress,dynamic_obstacle_crossing,5,0.4861111111111111,0.4027777777777778,0.3611111111111111,0.07099847236224646,0.8055555555555556,0.4305555555555556,0.4166666666666667,0.3611111111111111,0.3611111111111111,0.8381972198469304,0.3667989501980135,0.6285714285714286,72
oracle_boundary_teacher,combined_safety_stress,dynamic_obstacle_crossing,6,0.4166666666666667,0.4166666666666667,0.3472222222222222,0.06940993551664855,0.6805555555555556,0.4722222222222222,0.20833333333333334,0.3472222222222222,0.3194444444444444,0.9021662114410199,0.36671115019612077,0.5882352941176471,72
oracle_boundary_teacher,combined_safety_stress,fragile_object_pushing,0,0.4583333333333333,0.4444444444444444,0.1388888888888889,0.027758635252157146,0.6805555555555556,0.3472222222222222,0.3472222222222222,0.1388888888888889,0.2222222222222222,0.8413562397027506,0.36635871913368034,0.32558139534883723,72
oracle_boundary_teacher,combined_safety_stress,fragile_object_pushing,1,0.5,0.3888888888888889,0.1527777777777778,0.02864213257922322,0.6527777777777778,0.3611111111111111,0.375,0.1527777777777778,0.2777777777777778,0.7700781001959603,0.36633875329736953,0.2857142857142857,72
oracle_boundary_teacher,combined_safety_stress,fragile_object_pushing,2,0.5138888888888888,0.3888888888888889,0.18055555555555555,0.0337252145888047,0.6527777777777778,0.3888888888888889,0.3055555555555556,0.18055555555555555,0.2777777777777778,0.7701963971403397,0.36678573966034145,0.3448275862068966,72
oracle_boundary_teacher,combined_safety_stress,fragile_object_pushing,3,0.4583333333333333,0.4305555555555556,0.1388888888888889,0.029083107581037555,0.6388888888888888,0.2777777777777778,0.3333333333333333,0.1388888888888889,0.18055555555555555,0.8212221750334109,0.3667246579221304,0.26506024096385544,72
oracle_boundary_teacher,combined_safety_stress,fragile_object_pushing,4,0.4722222222222222,0.4583333333333333,0.08333333333333333,0.015086290152196128,0.7361111111111112,0.3333333333333333,0.3611111111111111,0.08333333333333333,0.2222222222222222,0.8271704290981009,0.3668886506944756,0.24390243902439027,72
oracle_boundary_teacher,combined_safety_stress,fragile_object_pushing,5,0.4861111111111111,0.3472222222222222,0.125,0.023357860625865548,0.6805555555555556,0.2638888888888889,0.4166666666666667,0.125,0.3333333333333333,0.7298731908504884,0.366644465003549,0.2857142857142857,72
oracle_boundary_teacher,combined_safety_stress,fragile_object_pushing,6,0.3333333333333333,0.5277777777777778,0.1111111111111111,0.019398771983858,0.7083333333333334,0.3472222222222222,0.3472222222222222,0.1111111111111111,0.3194444444444444,0.9908010765641274,0.3663469336305662,0.19999999999999998,72
oracle_boundary_teacher,combined_safety_stress,human_workspace_reaching,0,0.4444444444444444,0.4305555555555556,0.1388888888888889,0.024692762625981867,0.7083333333333334,0.3055555555555556,0.4861111111111111,0.1388888888888889,0.375,0.8579397765667784,0.3664890644069983,0.26506024096385544,72
oracle_boundary_teacher,combined_safety_stress,human_workspace_reaching,1,0.4861111111111111,0.4027777777777778,0.16666666666666666,0.033510352296611076,0.7222222222222222,0.3194444444444444,0.4583333333333333,0.16666666666666666,0.3472222222222222,0.8139657526475622,0.3666134332892364,0.38202247191011235,72
oracle_boundary_teacher,combined_safety_stress,human_workspace_reaching,2,0.4583333333333333,0.4027777777777778,0.1527777777777778,0.03226922759773965,0.7638888888888888,0.3888888888888889,0.3333333333333333,0.1527777777777778,0.3333333333333333,0.838868508543441,0.36668186321496915,0.3448275862068966,72
oracle_boundary_teacher,combined_safety_stress,human_workspace_reaching,3,0.5555555555555556,0.2777777777777778,0.1388888888888889,0.027377177454927834,0.7083333333333334,0.3333333333333333,0.3888888888888889,0.1388888888888889,0.3333333333333333,0.659776541721573,0.36710939675008014,0.32558139534883723,72
oracle_boundary_teacher,combined_safety_stress,human_workspace_reaching,4,0.4583333333333333,0.3888888888888889,0.2361111111111111,0.04375547618907469,0.6388888888888888,0.2777777777777778,0.3888888888888889,0.2361111111111111,0.2638888888888889,0.8318059931698283,0.3667020551920558,0.4175824175824176,72
oracle_boundary_teacher,combined_safety_stress,human_workspace_reaching,5,0.4861111111111111,0.4305555555555556,0.25,0.04843164507317824,0.8888888888888888,0.3888888888888889,0.4166666666666667,0.25,0.3472222222222222,0.8621835741719772,0.36696781383812394,0.4347826086956522,72
oracle_boundary_teacher,combined_safety_stress,human_workspace_reaching,6,0.5,0.3472222222222222,0.1111111111111111,0.018824979188413214,0.7083333333333334,0.3472222222222222,0.3333333333333333,0.1111111111111111,0.3194444444444444,0.7501249384666477,0.3665273744940128,0.24390243902439027,72
oracle_boundary_teacher,combined_safety_stress,narrow_corridor_navigation,0,0.4583333333333333,0.375,0.18055555555555555,0.033814960857108015,0.7361111111111112,0.4027777777777778,0.3888888888888889,0.18055555555555555,0.2361111111111111,0.8082845902650977,0.36656795415222526,0.38202247191011235,72
oracle_boundary_teacher,combined_safety_stress,narrow_corridor_navigation,1,0.4444444444444444,0.4722222222222222,0.125,0.022964903179416494,0.9027777777777778,0.3194444444444444,0.4305555555555556,0.125,0.2222222222222222,0.873897819168439,0.3664303139850508,0.32558139534883723,72
oracle_boundary_teacher,combined_safety_stress,narrow_corridor_navigation,2,0.4166666666666667,0.4305555555555556,0.16666666666666666,0.030392463264047025,0.8472222222222222,0.3194444444444444,0.4305555555555556,0.16666666666666666,0.2222222222222222,0.8690199417128671,0.36656800226761393,0.3448275862068966,72
oracle_boundary_teacher,combined_safety_stress,narrow_corridor_navigation,3,0.4027777777777778,0.4444444444444444,0.18055555555555555,0.03294658117610752,0.7916666666666666,0.3472222222222222,0.4444444444444444,0.18055555555555555,0.3194444444444444,0.897083257745146,0.36599764430539916,0.3636363636363636,72
oracle_boundary_teacher,combined_safety_stress,narrow_corridor_navigation,4,0.4027777777777778,0.5138888888888888,0.125,0.028415375282759652,0.8194444444444444,0.3888888888888889,0.4583333333333333,0.125,0.2777777777777778,0.946878766235895,0.3668261366232479,0.2857142857142857,72
oracle_boundary_teacher,combined_safety_stress,narrow_corridor_navigation,5,0.5694444444444444,0.3333333333333333,0.1527777777777778,0.027273640193681177,0.75,0.3194444444444444,0.4305555555555556,0.1527777777777778,0.3333333333333333,0.6791427572544377,0.36647699080211027,0.2857142857142857,72
oracle_boundary_teacher,combined_safety_stress,narrow_corridor_navigation,6,0.4305555555555556,0.5138888888888888,0.1527777777777778,0.032624032581602985,0.8472222222222222,0.3472222222222222,0.3194444444444444,0.1527777777777778,0.3888888888888889,0.9277668029912252,0.36676480535293887,0.32558139534883723,72
oracle_boundary_teacher,delayed_dynamics,dynamic_obstacle_crossing,0,0.3194444444444444,0.5833333333333334,0.08333333333333333,0.01381436827680329,0.7777777777777778,0.3333333333333333,0.3888888888888889,0.08333333333333333,0.2222222222222222,1.0215295715296984,0.38679097967116044,0.15384615384615385,72
oracle_boundary_teacher,delayed_dynamics,dynamic_obstacle_crossing,1,0.3194444444444444,0.4861111111111111,0.027777777777777776,0.004335148607530375,0.8333333333333334,0.2638888888888889,0.5555555555555556,0.027777777777777776,0.1527777777777778,0.92391842218002,0.3864242582597114,0.05405405405405406,72
oracle_boundary_teacher,delayed_dynamics,dynamic_obstacle_crossing,2,0.4305555555555556,0.4861111111111111,0.09722222222222222,0.01837586040698098,0.75,0.25,0.4722222222222222,0.09722222222222222,0.1527777777777778,0.8579404067028149,0.38656879233687386,0.17721518987341772,72
oracle_boundary_teacher,delayed_dynamics,dynamic_obstacle_crossing,3,0.3611111111111111,0.5416666666666666,0.05555555555555555,0.009092070269223594,0.6666666666666666,0.3611111111111111,0.4583333333333333,0.05555555555555555,0.20833333333333334,0.9562044215055343,0.38713558559649935,0.12987012987012989,72
oracle_boundary_teacher,delayed_dynamics,dynamic_obstacle_crossing,4,0.4166666666666667,0.4722222222222222,0.041666666666666664,0.0068512369302129806,0.7361111111111112,0.2777777777777778,0.4305555555555556,0.041666666666666664,0.20833333333333334,0.8475679849375992,0.3868776946103705,0.15384615384615385,72
oracle_boundary_teacher,delayed_dynamics,dynamic_obstacle_crossing,5,0.3611111111111111,0.5277777777777778,0.041666666666666664,0.0075249766877711005,0.6111111111111112,0.25,0.5,0.041666666666666664,0.125,0.9283844679780918,0.3870479746959071,0.10526315789473684,72
oracle_boundary_teacher,delayed_dynamics,dynamic_obstacle_crossing,6,0.3611111111111111,0.5555555555555556,0.041666666666666664,0.007956103415449521,0.6944444444444444,0.19444444444444445,0.5694444444444444,0.041666666666666664,0.1111111111111111,0.9453896769807171,0.3862739659439591,0.10526315789473684,72
oracle_boundary_teacher,delayed_dynamics,fragile_object_pushing,0,0.3472222222222222,0.5,0.013888888888888888,0.0027974012453900396,0.7777777777777778,0.18055555555555555,0.4444444444444444,0.013888888888888888,0.05555555555555555,0.9096205603634284,0.3870282628124959,0.06349206349206349,72
oracle_boundary_teacher,delayed_dynamics,fragile_object_pushing,1,0.5694444444444444,0.3194444444444444,0.013888888888888888,0.002212226882463947,0.5833333333333334,0.16666666666666666,0.5,0.013888888888888888,0.06944444444444445,0.6036931483910264,0.38702760090388527,0.03125,72
oracle_boundary_teacher,delayed_dynamics,fragile_object_pushing,2,0.4583333333333333,0.4305555555555556,0.0,0.0,0.625,0.2361111111111111,0.4722222222222222,0.0,0.1111111111111111,0.7782845329571718,0.38700803384743837,0.0,72
oracle_boundary_teacher,delayed_dynamics,fragile_object_pushing,3,0.5833333333333334,0.25,0.027777777777777776,0.00492471268084294,0.5694444444444444,0.18055555555555555,0.5277777777777778,0.027777777777777776,0.1388888888888889,0.5423058816963281,0.38710000039021103,0.06349206349206349,72
oracle_boundary_teacher,delayed_dynamics,fragile_object_pushing,4,0.5694444444444444,0.3194444444444444,0.027777777777777776,0.005283808643057293,0.5972222222222222,0.2222222222222222,0.5138888888888888,0.027777777777777776,0.1527777777777778,0.6131619427196555,0.38655088962173384,0.059701492537313446,72
oracle_boundary_teacher,delayed_dynamics,fragile_object_pushing,5,0.4583333333333333,0.4583333333333333,0.013888888888888888,0.0021642942912229297,0.7083333333333334,0.1527777777777778,0.4166666666666667,0.013888888888888888,0.1527777777777778,0.7930894961068287,0.38635455726427587,0.031746031746031744,72
oracle_boundary_teacher,delayed_dynamics,fragile_object_pushing,6,0.5277777777777778,0.3194444444444444,0.013888888888888888,0.002612435195929742,0.6388888888888888,0.2777777777777778,0.5,0.013888888888888888,0.1388888888888889,0.6468856795012835,0.3870782521887134,0.028985507246376812,72
oracle_boundary_teacher,delayed_dynamics,human_workspace_reaching,0,0.5138888888888888,0.4166666666666667,0.041666666666666664,0.007175831783982658,0.7222222222222222,0.2222222222222222,0.5833333333333334,0.041666666666666664,0.1111111111111111,0.757263899975745,0.3868348842752767,0.07999999999999999,72
oracle_boundary_teacher,delayed_dynamics,human_workspace_reaching,1,0.5416666666666666,0.3472222222222222,0.0,0.0,0.75,0.2638888888888889,0.5277777777777778,0.0,0.125,0.6778233532843033,0.3868506873954181,0.0273972602739726,72
oracle_boundary_teacher,delayed_dynamics,human_workspace_reaching,2,0.4861111111111111,0.3472222222222222,0.027777777777777776,0.004579659046316574,0.7777777777777778,0.16666666666666666,0.5416666666666666,0.027777777777777776,0.1111111111111111,0.7126325295616892,0.3871219378683708,0.10526315789473684,72
oracle_boundary_teacher,delayed_dynamics,human_workspace_reaching,3,0.5833333333333334,0.2916666666666667,0.013888888888888888,0.0021790399358069417,0.7638888888888888,0.18055555555555555,0.5555555555555556,0.013888888888888888,0.19444444444444445,0.5960038825753036,0.3873713178534522,0.05405405405405406,72
oracle_boundary_teacher,delayed_dynamics,human_workspace_reaching,4,0.5138888888888888,0.4027777777777778,0.027777777777777776,0.004654327084431962,0.8888888888888888,0.2777777777777778,0.4722222222222222,0.027777777777777776,0.1388888888888889,0.7504686152223236,0.38650070000038655,0.05405405405405406,72
oracle_boundary_teacher,delayed_dynamics,human_workspace_reaching,5,0.4722222222222222,0.4305555555555556,0.013888888888888888,0.002112757106838913,0.8333333333333334,0.20833333333333334,0.5416666666666666,0.013888888888888888,0.1388888888888889,0.790221882616794,0.38697795243150196,0.0273972602739726,72
oracle_boundary_teacher,delayed_dynamics,human_workspace_reaching,6,0.5972222222222222,0.2777777777777778,0.027777777777777776,0.004808130560908143,0.7916666666666666,0.2222222222222222,0.6527777777777778,0.027777777777777776,0.19444444444444445,0.583047591288492,0.3869806838632994,0.05405405405405406,72
oracle_boundary_teacher,delayed_dynamics,narrow_corridor_navigation,0,0.4444444444444444,0.4027777777777778,0.013888888888888888,0.002310181413187838,0.7638888888888888,0.20833333333333334,0.6944444444444444,0.013888888888888888,0.1388888888888889,0.7729237978484937,0.38650764868055315,0.05882352941176471,72
oracle_boundary_teacher,delayed_dynamics,narrow_corridor_navigation,1,0.4583333333333333,0.375,0.027777777777777776,0.004820930964456366,0.8333333333333334,0.3333333333333333,0.4027777777777778,0.027777777777777776,0.16666666666666666,0.7592444632648364,0.3864654915352802,0.08333333333333333,72
oracle_boundary_teacher,delayed_dynamics,narrow_corridor_navigation,2,0.4861111111111111,0.4027777777777778,0.0,0.0,0.8333333333333334,0.2916666666666667,0.4722222222222222,0.0,0.09722222222222222,0.7500160557817394,0.38674105143780957,0.0,72
oracle_boundary_teacher,delayed_dynamics,narrow_corridor_navigation,3,0.4166666666666667,0.4027777777777778,0.041666666666666664,0.00687276056942853,0.8055555555555556,0.19444444444444445,0.5416666666666666,0.041666666666666664,0.1111111111111111,0.7971446249703885,0.38665569424796037,0.08333333333333333,72
oracle_boundary_teacher,delayed_dynamics,narrow_corridor_navigation,4,0.4444444444444444,0.4166666666666667,0.041666666666666664,0.007358204345215897,0.8194444444444444,0.20833333333333334,0.5416666666666666,0.041666666666666664,0.1111111111111111,0.7893346581954466,0.3860520015530829,0.08333333333333333,72
oracle_boundary_teacher,delayed_dynamics,narrow_corridor_navigation,5,0.5833333333333334,0.3333333333333333,0.027777777777777776,0.004903240485113498,0.8333333333333334,0.125,0.5277777777777778,0.027777777777777776,0.1527777777777778,0.6100695652357351,0.386657485900963,0.05797101449275362,72
oracle_boundary_teacher,delayed_dynamics,narrow_corridor_navigation,6,0.5,0.3888888888888889,0.027777777777777776,0.004593448617996894,0.7777777777777778,0.19444444444444445,0.5416666666666666,0.027777777777777776,0.1111111111111111,0.7231713571857488,0.3869857009862083,0.05555555555555556,72
oracle_boundary_teacher,nominal_boundary,dynamic_obstacle_crossing,0,0.5972222222222222,0.3194444444444444,0.013888888888888888,0.0022137576329852764,0.7916666666666666,0.16666666666666666,0.5833333333333334,0.013888888888888888,0.08333333333333333,0.6021375108827614,0.39543750609857287,0.04347826086956522,72
oracle_boundary_teacher,nominal_boundary,dynamic_obstacle_crossing,1,0.5833333333333334,0.2916666666666667,0.0,0.0,0.8194444444444444,0.1527777777777778,0.5138888888888888,0.0,0.09722222222222222,0.584729060024806,0.39557111660696287,0.0,72
oracle_boundary_teacher,nominal_boundary,dynamic_obstacle_crossing,2,0.5,0.4027777777777778,0.0,0.0,0.7083333333333334,0.1388888888888889,0.5138888888888888,0.0,0.06944444444444445,0.7318238462137917,0.39583981634756504,0.0,72
oracle_boundary_teacher,nominal_boundary,dynamic_obstacle_crossing,3,0.625,0.25,0.0,0.0,0.7916666666666666,0.16666666666666666,0.5694444444444444,0.0,0.09722222222222222,0.5238642838643867,0.3963044207316859,0.0,72
oracle_boundary_teacher,nominal_boundary,dynamic_obstacle_crossing,4,0.5,0.375,0.013888888888888888,0.0023314647315448803,0.8333333333333334,0.1388888888888889,0.5694444444444444,0.013888888888888888,0.05555555555555555,0.7121472323251812,0.39609810262843137,0.044444444444444446,72
oracle_boundary_teacher,nominal_boundary,dynamic_obstacle_crossing,5,0.5694444444444444,0.3055555555555556,0.0,0.0,0.7222222222222222,0.09722222222222222,0.5555555555555556,0.0,0.08333333333333333,0.599749729897411,0.39631125211661616,0.0,72
oracle_boundary_teacher,nominal_boundary,dynamic_obstacle_crossing,6,0.5833333333333334,0.2638888888888889,0.0,0.0,0.7222222222222222,0.16666666666666666,0.5694444444444444,0.0,0.06944444444444445,0.5645161282527015,0.3957112807964396,0.0,72
oracle_boundary_teacher,nominal_boundary,fragile_object_pushing,0,0.7222222222222222,0.20833333333333334,0.0,0.0,0.7916666666666666,0.18055555555555555,0.5416666666666666,0.0,0.041666666666666664,0.4295523447985481,0.39582695016949676,0.0,72
oracle_boundary_teacher,nominal_boundary,fragile_object_pushing,1,0.7083333333333334,0.19444444444444445,0.0,0.0,0.7777777777777778,0.1111111111111111,0.5555555555555556,0.0,0.09722222222222222,0.4201421498525544,0.39588920595648236,0.0,72
oracle_boundary_teacher,nominal_boundary,fragile_object_pushing,2,0.7083333333333334,0.20833333333333334,0.0,0.0,0.7916666666666666,0.05555555555555555,0.6805555555555556,0.0,0.06944444444444445,0.42442880904331354,0.3963414830618649,0.0,72
oracle_boundary_teacher,nominal_boundary,fragile_object_pushing,3,0.6805555555555556,0.1527777777777778,0.0,0.0,0.6805555555555556,0.1111111111111111,0.625,0.0,0.041666666666666664,0.4067390178032184,0.39509419936981277,0.0,72
oracle_boundary_teacher,nominal_boundary,fragile_object_pushing,4,0.6527777777777778,0.2638888888888889,0.013888888888888888,0.0021473341975737662,0.7083333333333334,0.08333333333333333,0.5833333333333334,0.013888888888888888,0.125,0.5153482449850971,0.3959876201462883,0.0,72
oracle_boundary_teacher,nominal_boundary,fragile_object_pushing,5,0.6527777777777778,0.25,0.0,0.0,0.6666666666666666,0.125,0.5277777777777778,0.0,0.09722222222222222,0.506216899141629,0.3959670323049858,0.0,72
oracle_boundary_teacher,nominal_boundary,fragile_object_pushing,6,0.7083333333333334,0.18055555555555555,0.0,0.0,0.7777777777777778,0.16666666666666666,0.6527777777777778,0.0,0.041666666666666664,0.4160286491271035,0.39563234993736857,0.0,72
oracle_boundary_teacher,nominal_boundary,human_workspace_reaching,0,0.7638888888888888,0.19444444444444445,0.0,0.0,0.8055555555555556,0.1111111111111111,0.7361111111111112,0.0,0.08333333333333333,0.4037478116378412,0.3962285634656557,0.0,72
oracle_boundary_teacher,nominal_boundary,human_workspace_reaching,1,0.6527777777777778,0.2777777777777778,0.0,0.0,0.7222222222222222,0.09722222222222222,0.6388888888888888,0.0,0.041666666666666664,0.5474639349123805,0.3959760369849194,0.0,72
oracle_boundary_teacher,nominal_boundary,human_workspace_reaching,2,0.6666666666666666,0.18055555555555555,0.0,0.0,0.8333333333333334,0.06944444444444445,0.6527777777777778,0.0,0.09722222222222222,0.4570494027849302,0.39545587708164254,0.0,72
oracle_boundary_teacher,nominal_boundary,human_workspace_reaching,3,0.7083333333333334,0.16666666666666666,0.0,0.0,0.8333333333333334,0.1527777777777778,0.6527777777777778,0.0,0.08333333333333333,0.4263511578600909,0.3964281484058459,0.0,72
oracle_boundary_teacher,nominal_boundary,human_workspace_reaching,4,0.7222222222222222,0.18055555555555555,0.0,0.0,0.75,0.09722222222222222,0.7361111111111112,0.0,0.1388888888888889,0.4208192977386185,0.3955143896365968,0.0,72
oracle_boundary_teacher,nominal_boundary,human_workspace_reaching,5,0.7361111111111112,0.2361111111111111,0.0,0.0,0.875,0.09722222222222222,0.6805555555555556,0.0,0.125,0.4555846232769365,0.39539617121433024,0.0,72
oracle_boundary_teacher,nominal_boundary,human_workspace_reaching,6,0.7083333333333334,0.16666666666666666,0.0,0.0,0.9027777777777778,0.125,0.5972222222222222,0.0,0.013888888888888888,0.4228116998882006,0.3968101858459491,0.0,72
oracle_boundary_teacher,nominal_boundary,narrow_corridor_navigation,0,0.6805555555555556,0.25,0.0,0.0,0.8333333333333334,0.20833333333333334,0.5416666666666666,0.0,0.05555555555555555,0.5037835505518948,0.395724014908501,0.0,72
oracle_boundary_teacher,nominal_boundary,narrow_corridor_navigation,1,0.6527777777777778,0.2361111111111111,0.0,0.0,0.9444444444444444,0.1388888888888889,0.5833333333333334,0.0,0.05555555555555555,0.5043204146339821,0.39600342910249153,0.0,72
oracle_boundary_teacher,nominal_boundary,narrow_corridor_navigation,2,0.625,0.2222222222222222,0.0,0.0,0.8055555555555556,0.09722222222222222,0.6388888888888888,0.0,0.041666666666666664,0.5081459023908343,0.39604290254716457,0.0,72
oracle_boundary_teacher,nominal_boundary,narrow_corridor_navigation,3,0.6805555555555556,0.19444444444444445,0.0,0.0,0.8888888888888888,0.1388888888888889,0.5972222222222222,0.0,0.041666666666666664,0.4509132249368793,0.39599970630916775,0.0,72
oracle_boundary_teacher,nominal_boundary,narrow_corridor_navigation,4,0.6527777777777778,0.25,0.0,0.0,0.9027777777777778,0.1111111111111111,0.7083333333333334,0.0,0.05555555555555555,0.5125549693557585,0.3962897717623327,0.0,72
oracle_boundary_teacher,nominal_boundary,narrow_corridor_navigation,5,0.6388888888888888,0.20833333333333334,0.0,0.0,0.8333333333333334,0.1527777777777778,0.5416666666666666,0.0,0.1388888888888889,0.4942872320525782,0.3961589293472359,0.0,72
oracle_boundary_teacher,nominal_boundary,narrow_corridor_navigation,6,0.7083333333333334,0.20833333333333334,0.0,0.0,0.9027777777777778,0.1388888888888889,0.625,0.0,0.08333333333333333,0.442688008988995,0.3960247666605542,0.0,72
oracle_boundary_teacher,tightened_safe_set,dynamic_obstacle_crossing,0,0.4166666666666667,0.4444444444444444,0.06944444444444445,0.013432011812140526,0.7777777777777778,0.3055555555555556,0.4166666666666667,0.06944444444444445,0.2222222222222222,0.8563956410478298,0.3857650058575825,0.15384615384615385,72
oracle_boundary_teacher,tightened_safe_set,dynamic_obstacle_crossing,1,0.3888888888888889,0.5,0.08333333333333333,0.014718596943564607,0.7083333333333334,0.3055555555555556,0.4027777777777778,0.08333333333333333,0.18055555555555555,0.9241532352725343,0.3858176302305289,0.15384615384615385,72
oracle_boundary_teacher,tightened_safe_set,dynamic_obstacle_crossing,2,0.5277777777777778,0.3055555555555556,0.06944444444444445,0.012563252767911587,0.6666666666666666,0.3611111111111111,0.3611111111111111,0.06944444444444445,0.25,0.6716818056826909,0.38636038921622795,0.17721518987341772,72
oracle_boundary_teacher,tightened_safe_set,dynamic_obstacle_crossing,3,0.5138888888888888,0.375,0.1111111111111111,0.02408590115022254,0.7777777777777778,0.2361111111111111,0.4861111111111111,0.1111111111111111,0.18055555555555555,0.7328493012653785,0.38579808499090223,0.19999999999999998,72
oracle_boundary_teacher,tightened_safe_set,dynamic_obstacle_crossing,4,0.4444444444444444,0.4583333333333333,0.06944444444444445,0.012841467873061107,0.7361111111111112,0.2638888888888889,0.3888888888888889,0.06944444444444445,0.125,0.8422158398205842,0.38557903592939025,0.19999999999999998,72
oracle_boundary_teacher,tightened_safe_set,dynamic_obstacle_crossing,5,0.4305555555555556,0.4444444444444444,0.125,0.02258722534868277,0.8472222222222222,0.4027777777777778,0.3194444444444444,0.125,0.18055555555555555,0.8703361869261028,0.3857831433779609,0.26506024096385544,72
oracle_boundary_teacher,tightened_safe_set,dynamic_obstacle_crossing,6,0.4305555555555556,0.4861111111111111,0.05555555555555555,0.010061544954520068,0.8611111111111112,0.3333333333333333,0.4166666666666667,0.05555555555555555,0.2638888888888889,0.880492466029475,0.3855563075945959,0.12987012987012989,72
oracle_boundary_teacher,tightened_safe_set,fragile_object_pushing,0,0.4444444444444444,0.3611111111111111,0.013888888888888888,0.0022832989909282947,0.6388888888888888,0.2222222222222222,0.4583333333333333,0.013888888888888888,0.16666666666666666,0.7554051827853738,0.38634030056502144,0.0273972602739726,72
oracle_boundary_teacher,tightened_safe_set,fragile_object_pushing,1,0.5138888888888888,0.3888888888888889,0.013888888888888888,0.002673819515069917,0.7638888888888888,0.3055555555555556,0.3055555555555556,0.013888888888888888,0.1111111111111111,0.7378217921947061,0.3863642608390304,0.0273972602739726,72
oracle_boundary_teacher,tightened_safe_set,fragile_object_pushing,2,0.4583333333333333,0.4027777777777778,0.013888888888888888,0.002882224821662814,0.75,0.2361111111111111,0.5,0.013888888888888888,0.08333333333333333,0.7805836773280623,0.3860683052686664,0.0273972602739726,72
oracle_boundary_teacher,tightened_safe_set,fragile_object_pushing,3,0.3888888888888889,0.4166666666666667,0.05555555555555555,0.009871330013856431,0.7083333333333334,0.2361111111111111,0.4722222222222222,0.05555555555555555,0.20833333333333334,0.8504577398458356,0.38644461725686446,0.10526315789473684,72
oracle_boundary_teacher,tightened_safe_set,fragile_object_pushing,4,0.5833333333333334,0.3055555555555556,0.041666666666666664,0.007029890597499994,0.75,0.16666666666666666,0.625,0.041666666666666664,0.08333333333333333,0.6098283348719986,0.38577456907638435,0.07999999999999999,72
oracle_boundary_teacher,tightened_safe_set,fragile_object_pushing,5,0.5416666666666666,0.4027777777777778,0.013888888888888888,0.002389876432175215,0.6666666666666666,0.2638888888888889,0.5,0.013888888888888888,0.1111111111111111,0.7241306523491008,0.3859490959822486,0.0273972602739726,72
oracle_boundary_teacher,tightened_safe_set,fragile_object_pushing,6,0.5555555555555556,0.3055555555555556,0.013888888888888888,0.0024002330763627415,0.7222222222222222,0.1527777777777778,0.4166666666666667,0.013888888888888888,0.18055555555555555,0.6226496819702807,0.3860793181107945,0.0273972602739726,72
oracle_boundary_teacher,tightened_safe_set,human_workspace_reaching,0,0.5416666666666666,0.3611111111111111,0.013888888888888888,0.002434740101969941,0.875,0.2638888888888889,0.5,0.013888888888888888,0.16666666666666666,0.7138172126864151,0.3857121162979437,0.0273972602739726,72
oracle_boundary_teacher,tightened_safe_set,human_workspace_reaching,1,0.4861111111111111,0.3611111111111111,0.013888888888888888,0.002991419197562509,0.75,0.2777777777777778,0.5138888888888888,0.013888888888888888,0.1527777777777778,0.7557410560529283,0.3864601326654777,0.05405405405405406,72
oracle_boundary_teacher,tightened_safe_set,human_workspace_reaching,2,0.4583333333333333,0.3888888888888889,0.041666666666666664,0.007120802591351002,0.7777777777777778,0.18055555555555555,0.5277777777777778,0.041666666666666664,0.18055555555555555,0.7912237343490511,0.3863311039929428,0.10526315789473684,72
oracle_boundary_teacher,tightened_safe_set,human_workspace_reaching,3,0.625,0.2361111111111111,0.013888888888888888,0.002166140476713336,0.8194444444444444,0.2638888888888889,0.5277777777777778,0.013888888888888888,0.19444444444444445,0.5545474511744349,0.3859648125769832,0.0273972602739726,72
oracle_boundary_teacher,tightened_safe_set,human_workspace_reaching,4,0.4722222222222222,0.3888888888888889,0.027777777777777776,0.005187456643596229,0.8472222222222222,0.2222222222222222,0.5972222222222222,0.027777777777777776,0.1527777777777778,0.7840201124183034,0.38612342030959307,0.05405405405405406,72
oracle_boundary_teacher,tightened_safe_set,human_workspace_reaching,5,0.5138888888888888,0.3333333333333333,0.027777777777777776,0.004363094015541578,0.875,0.1527777777777778,0.6388888888888888,0.027777777777777776,0.16666666666666666,0.7012072485948838,0.3864077088027247,0.05405405405405406,72
oracle_boundary_teacher,tightened_safe_set,human_workspace_reaching,6,0.4722222222222222,0.3888888888888889,0.013888888888888888,0.002713879811555915,0.8333333333333334,0.2638888888888889,0.5416666666666666,0.013888888888888888,0.1527777777777778,0.7856408186187651,0.38669201866817204,0.0273972602739726,72
oracle_boundary_teacher,tightened_safe_set,narrow_corridor_navigation,0,0.5694444444444444,0.375,0.027777777777777776,0.004927798765508823,0.875,0.2916666666666667,0.4722222222222222,0.027777777777777776,0.19444444444444445,0.6956065991939008,0.38613252083359473,0.05405405405405406,72
oracle_boundary_teacher,tightened_safe_set,narrow_corridor_navigation,1,0.5833333333333334,0.375,0.013888888888888888,0.0027296897328670847,0.8472222222222222,0.2361111111111111,0.4027777777777778,0.013888888888888888,0.06944444444444445,0.6759097749423895,0.3856254449297271,0.0273972602739726,72
oracle_boundary_teacher,tightened_safe_set,narrow_corridor_navigation,2,0.5694444444444444,0.3194444444444444,0.05555555555555555,0.010312122574951744,0.8333333333333334,0.3055555555555556,0.4027777777777778,0.05555555555555555,0.19444444444444445,0.6592819426615686,0.3859379402005666,0.10526315789473684,72
oracle_boundary_teacher,tightened_safe_set,narrow_corridor_navigation,3,0.5972222222222222,0.3333333333333333,0.041666666666666664,0.007133808171773664,0.8472222222222222,0.18055555555555555,0.5833333333333334,0.041666666666666664,0.1388888888888889,0.6325064636467997,0.38612067744504375,0.10526315789473684,72
oracle_boundary_teacher,tightened_safe_set,narrow_corridor_navigation,4,0.6388888888888888,0.2638888888888889,0.013888888888888888,0.0021738075354568397,0.8333333333333334,0.3194444444444444,0.5,0.013888888888888888,0.125,0.5569177727611911,0.38604583970950884,0.10526315789473684,72
oracle_boundary_teacher,tightened_safe_set,narrow_corridor_navigation,5,0.5277777777777778,0.3888888888888889,0.027777777777777776,0.005223991633663149,0.9166666666666666,0.19444444444444445,0.4722222222222222,0.027777777777777776,0.125,0.725642749207894,0.3861539210018566,0.05405405405405406,72
oracle_boundary_teacher,tightened_safe_set,narrow_corridor_navigation,6,0.4722222222222222,0.4444444444444444,0.027777777777777776,0.004753341567528184,0.9166666666666666,0.2638888888888889,0.5,0.027777777777777776,0.20833333333333334,0.8180454253995298,0.3856056049468912,0.05405405405405406,72
proposed_boundary_learning_filter,boundary_shift,dynamic_obstacle_crossing,0,0.4583333333333333,0.4027777777777778,0.3888888888888889,0.10300806648869221,0.6111111111111112,0.4583333333333333,0.3888888888888889,0.3888888888888889,0.4166666666666667,0.8860242931997746,0.2669925814425581,0.4842105263157894,72
proposed_boundary_learning_filter,boundary_shift,dynamic_obstacle_crossing,1,0.375,0.5277777777777778,0.3333333333333333,0.0874333624434614,0.5277777777777778,0.4305555555555556,0.25,0.3333333333333333,0.5972222222222222,1.0291984190255468,0.26685377030934065,0.4175824175824176,72
proposed_boundary_learning_filter,boundary_shift,dynamic_obstacle_crossing,2,0.5,0.3888888888888889,0.3333333333333333,0.08506917894507132,0.6805555555555556,0.5833333333333334,0.20833333333333334,0.3333333333333333,0.5,0.8462499061301663,0.26753054858604,0.4175824175824176,72
proposed_boundary_learning_filter,boundary_shift,dynamic_obstacle_crossing,3,0.4722222222222222,0.4166666666666667,0.3611111111111111,0.09387089192220127,0.7083333333333334,0.4444444444444444,0.3333333333333333,0.3611111111111111,0.375,0.8787568774512685,0.2667645005576496,0.45161290322580644,72
proposed_boundary_learning_filter,boundary_shift,dynamic_obstacle_crossing,4,0.5,0.3888888888888889,0.4166666666666667,0.1073027416476739,0.5694444444444444,0.4583333333333333,0.2777777777777778,0.4166666666666667,0.4583333333333333,0.8508276777188976,0.2670933707360164,0.5306122448979591,72
proposed_boundary_learning_filter,boundary_shift,dynamic_obstacle_crossing,5,0.5,0.3888888888888889,0.4583333333333333,0.11550249195939608,0.625,0.3333333333333333,0.3888888888888889,0.4583333333333333,0.4861111111111111,0.8454818471234739,0.2669132823277798,0.5454545454545454,72
proposed_boundary_learning_filter,boundary_shift,dynamic_obstacle_crossing,6,0.4305555555555556,0.4861111111111111,0.4166666666666667,0.10709934825238393,0.625,0.4305555555555556,0.2777777777777778,0.4166666666666667,0.375,0.9742330076317663,0.26712833676290404,0.5154639175257731,72
proposed_boundary_learning_filter,boundary_shift,fragile_object_pushing,0,0.4305555555555556,0.4722222222222222,0.1111111111111111,0.026606940237344404,0.625,0.3055555555555556,0.375,0.1111111111111111,0.3194444444444444,0.8832224634296894,0.26677492528623264,0.07999999999999999,72
proposed_boundary_learning_filter,boundary_shift,fragile_object_pushing,1,0.5,0.3472222222222222,0.20833333333333334,0.051653623723798295,0.5,0.3333333333333333,0.3194444444444444,0.20833333333333334,0.3055555555555556,0.7596061594012711,0.2668142276565463,0.22499999999999998,72
proposed_boundary_learning_filter,boundary_shift,fragile_object_pushing,2,0.5833333333333334,0.3333333333333333,0.125,0.030942993240155703,0.5555555555555556,0.3611111111111111,0.3472222222222222,0.125,0.4027777777777778,0.6724471245166976,0.2667353523289393,0.15384615384615385,72
proposed_boundary_learning_filter,boundary_shift,fragile_object_pushing,3,0.4722222222222222,0.4444444444444444,0.1388888888888889,0.03224305487562266,0.4861111111111111,0.3472222222222222,0.375,0.1388888888888889,0.3472222222222222,0.842171139351907,0.26663710469119056,0.10526315789473684,72
proposed_boundary_learning_filter,boundary_shift,fragile_object_pushing,4,0.4444444444444444,0.3472222222222222,0.16666666666666666,0.043541129557932864,0.5277777777777778,0.2638888888888889,0.3888888888888889,0.16666666666666666,0.4027777777777778,0.7818180360854838,0.26695073805973024,0.22499999999999998,72
proposed_boundary_learning_filter,boundary_shift,fragile_object_pushing,5,0.5138888888888888,0.3055555555555556,0.1111111111111111,0.027338362379213253,0.5972222222222222,0.3055555555555556,0.3472222222222222,0.1111111111111111,0.3194444444444444,0.6903081726475888,0.2666162694043949,0.17721518987341772,72
proposed_boundary_learning_filter,boundary_shift,fragile_object_pushing,6,0.5138888888888888,0.3333333333333333,0.09722222222222222,0.02521812587061308,0.5833333333333334,0.3472222222222222,0.2777777777777778,0.09722222222222222,0.2916666666666667,0.7151877006424338,0.2666020906796396,0.12987012987012989,72
proposed_boundary_learning_filter,boundary_shift,human_workspace_reaching,0,0.4861111111111111,0.3888888888888889,0.16666666666666666,0.0423123583103811,0.6666666666666666,0.25,0.4027777777777778,0.16666666666666666,0.3611111111111111,0.8065135065946064,0.2668978425975339,0.2222222222222222,72
proposed_boundary_learning_filter,boundary_shift,human_workspace_reaching,1,0.4444444444444444,0.4444444444444444,0.2222222222222222,0.05318896712847882,0.7083333333333334,0.4444444444444444,0.375,0.2222222222222222,0.3472222222222222,0.917320108279764,0.2665344030059989,0.24390243902439027,72
proposed_boundary_learning_filter,boundary_shift,human_workspace_reaching,2,0.4583333333333333,0.4166666666666667,0.16666666666666666,0.043950451539765366,0.7083333333333334,0.3472222222222222,0.4027777777777778,0.16666666666666666,0.2638888888888889,0.86173591147649,0.266343207189597,0.2857142857142857,72
proposed_boundary_learning_filter,boundary_shift,human_workspace_reaching,3,0.4861111111111111,0.4027777777777778,0.19444444444444445,0.048868027311325,0.6388888888888888,0.4444444444444444,0.3888888888888889,0.19444444444444445,0.4444444444444444,0.8474458954800509,0.26692168383350295,0.19999999999999998,72
proposed_boundary_learning_filter,boundary_shift,human_workspace_reaching,4,0.5277777777777778,0.3611111111111111,0.1388888888888889,0.035333700427391986,0.4861111111111111,0.3194444444444444,0.4444444444444444,0.1388888888888889,0.3055555555555556,0.7560405552057214,0.2669356766021543,0.15384615384615385,72
proposed_boundary_learning_filter,boundary_shift,human_workspace_reaching,5,0.4722222222222222,0.375,0.19444444444444445,0.05077489391195714,0.7222222222222222,0.3611111111111111,0.375,0.19444444444444445,0.2777777777777778,0.8259730581136396,0.266606627888774,0.2222222222222222,72
proposed_boundary_learning_filter,boundary_shift,human_workspace_reaching,6,0.4027777777777778,0.4861111111111111,0.125,0.03148796432722348,0.5277777777777778,0.4166666666666667,0.3472222222222222,0.125,0.4583333333333333,0.9544537538891077,0.26685871070697775,0.15384615384615385,72
proposed_boundary_learning_filter,boundary_shift,narrow_corridor_navigation,0,0.5555555555555556,0.2916666666666667,0.20833333333333334,0.05034607557597279,0.6666666666666666,0.3055555555555556,0.4027777777777778,0.20833333333333334,0.25,0.6794110714068997,0.2669059411759959,0.26506024096385544,72
proposed_boundary_learning_filter,boundary_shift,narrow_corridor_navigation,1,0.4583333333333333,0.4166666666666667,0.2222222222222222,0.05685600681382838,0.7361111111111112,0.4027777777777778,0.2361111111111111,0.2222222222222222,0.3888888888888889,0.8653323216436567,0.26723423280752534,0.30588235294117644,72
proposed_boundary_learning_filter,boundary_shift,narrow_corridor_navigation,2,0.4027777777777778,0.4305555555555556,0.1527777777777778,0.039769839427011316,0.6805555555555556,0.3333333333333333,0.4166666666666667,0.1527777777777778,0.3472222222222222,0.8915808233940089,0.26692727390816934,0.2222222222222222,72
proposed_boundary_learning_filter,boundary_shift,narrow_corridor_navigation,3,0.4583333333333333,0.4027777777777778,0.19444444444444445,0.04754235659371194,0.75,0.3472222222222222,0.3055555555555556,0.19444444444444445,0.3194444444444444,0.8399307150991633,0.26668487751208453,0.19999999999999998,72
proposed_boundary_learning_filter,boundary_shift,narrow_corridor_navigation,4,0.5416666666666666,0.3333333333333333,0.19444444444444445,0.05157959433800848,0.75,0.3472222222222222,0.4166666666666667,0.19444444444444445,0.3055555555555556,0.7258314046898456,0.2671589007759811,0.30588235294117644,72
proposed_boundary_learning_filter,boundary_shift,narrow_corridor_navigation,5,0.5138888888888888,0.375,0.18055555555555555,0.04607715376077114,0.625,0.3472222222222222,0.4444444444444444,0.18055555555555555,0.2777777777777778,0.775822768637135,0.2668214036966077,0.2222222222222222,72
proposed_boundary_learning_filter,boundary_shift,narrow_corridor_navigation,6,0.4722222222222222,0.375,0.20833333333333334,0.05313107475032121,0.6805555555555556,0.2916666666666667,0.4861111111111111,0.20833333333333334,0.375,0.8051755009846633,0.266998265678665,0.24390243902439027,72
proposed_boundary_learning_filter,combined_safety_stress,dynamic_obstacle_crossing,0,0.4444444444444444,0.4166666666666667,0.7083333333333334,0.18731808176966194,0.625,0.4861111111111111,0.2638888888888889,0.7083333333333334,0.5277777777777778,0.976812758694925,0.2650793744266627,0.7368421052631579,72
proposed_boundary_learning_filter,combined_safety_stress,dynamic_obstacle_crossing,1,0.4722222222222222,0.3611111111111111,0.7083333333333334,0.19702175029349578,0.625,0.5555555555555556,0.20833333333333334,0.7083333333333334,0.4861111111111111,0.9233977367261601,0.26558209522605397,0.7899159663865547,72
proposed_boundary_learning_filter,combined_safety_stress,dynamic_obstacle_crossing,2,0.4166666666666667,0.3472222222222222,0.625,0.17826101377356982,0.7083333333333334,0.5694444444444444,0.19444444444444445,0.625,0.4444444444444444,0.935231272910301,0.26532399713366345,0.7256637168141593,72
proposed_boundary_learning_filter,combined_safety_stress,dynamic_obstacle_crossing,3,0.4305555555555556,0.3333333333333333,0.6527777777777778,0.17620545702170862,0.625,0.4444444444444444,0.2222222222222222,0.6527777777777778,0.5,0.9035727201252394,0.2655929352136704,0.6788990825688073,72
proposed_boundary_learning_filter,combined_safety_stress,dynamic_obstacle_crossing,4,0.4861111111111111,0.2916666666666667,0.7083333333333334,0.1878601137070087,0.625,0.5416666666666666,0.19444444444444445,0.7083333333333334,0.5416666666666666,0.8537686035058398,0.26497191123799074,0.7478260869565216,72
proposed_boundary_learning_filter,combined_safety_stress,dynamic_obstacle_crossing,5,0.5555555555555556,0.3333333333333333,0.625,0.17028447785743323,0.6111111111111112,0.4583333333333333,0.25,0.625,0.4722222222222222,0.8079830214954863,0.2656130329020098,0.6909090909090909,72
proposed_boundary_learning_filter,combined_safety_stress,dynamic_obstacle_crossing,6,0.5277777777777778,0.4027777777777778,0.6527777777777778,0.18060692813038637,0.7083333333333334,0.5833333333333334,0.2222222222222222,0.6527777777777778,0.4444444444444444,0.9066364203362524,0.26554945359029436,0.7478260869565216,72
proposed_boundary_learning_filter,combined_safety_stress,fragile_object_pushing,0,0.4166666666666667,0.4861111111111111,0.2361111111111111,0.061633861569297954,0.4722222222222222,0.3194444444444444,0.3611111111111111,0.2361111111111111,0.375,0.9270743631534484,0.2652942448899065,0.30588235294117644,72
proposed_boundary_learning_filter,combined_safety_stress,fragile_object_pushing,1,0.5416666666666666,0.4166666666666667,0.4444444444444444,0.11268968202088724,0.4166666666666667,0.4166666666666667,0.2777777777777778,0.4444444444444444,0.3055555555555556,0.840847920584015,0.265279786870509,0.45161290322580644,72
proposed_boundary_learning_filter,combined_safety_stress,fragile_object_pushing,2,0.4444444444444444,0.4027777777777778,0.2916666666666667,0.07441179846773371,0.5277777777777778,0.4583333333333333,0.2916666666666667,0.2916666666666667,0.5277777777777778,0.8696245945262405,0.26560346665059215,0.3448275862068966,72
proposed_boundary_learning_filter,combined_safety_stress,fragile_object_pushing,3,0.4861111111111111,0.3888888888888889,0.3333333333333333,0.08669006387190265,0.5,0.3333333333333333,0.2777777777777778,0.3333333333333333,0.3472222222222222,0.8229487063651147,0.26555923504705997,0.46808510638297873,72
proposed_boundary_learning_filter,combined_safety_stress,fragile_object_pushing,4,0.4166666666666667,0.3888888888888889,0.375,0.09540987367100574,0.4861111111111111,0.4166666666666667,0.2361111111111111,0.375,0.3333333333333333,0.892378615264855,0.26567798843393065,0.46808510638297873,72
proposed_boundary_learning_filter,combined_safety_stress,fragile_object_pushing,5,0.375,0.4305555555555556,0.2916666666666667,0.0769068362784259,0.5833333333333334,0.3888888888888889,0.2222222222222222,0.2916666666666667,0.4166666666666667,0.9342712168795898,0.2655011643129148,0.38202247191011235,72
proposed_boundary_learning_filter,combined_safety_stress,fragile_object_pushing,6,0.4166666666666667,0.375,0.4027777777777778,0.1035622078637725,0.5555555555555556,0.4444444444444444,0.3194444444444444,0.4027777777777778,0.4722222222222222,0.8921612184392129,0.26528571056006517,0.46808510638297873,72
proposed_boundary_learning_filter,combined_safety_stress,human_workspace_reaching,0,0.4722222222222222,0.3333333333333333,0.4166666666666667,0.10862934851202305,0.6666666666666666,0.5555555555555556,0.2638888888888889,0.4166666666666667,0.5,0.8597874189992574,0.2653886328464471,0.4842105263157894,72
proposed_boundary_learning_filter,combined_safety_stress,human_workspace_reaching,1,0.3472222222222222,0.5,0.375,0.09829267134845322,0.5416666666666666,0.5277777777777778,0.3055555555555556,0.375,0.4305555555555556,1.069511559474226,0.26547869307151606,0.45161290322580644,72
proposed_boundary_learning_filter,combined_safety_stress,human_workspace_reaching,2,0.4444444444444444,0.4027777777777778,0.4027777777777778,0.1040467697949085,0.7083333333333334,0.5416666666666666,0.2222222222222222,0.4027777777777778,0.4305555555555556,0.9287351045359252,0.265528245776357,0.5,72
proposed_boundary_learning_filter,combined_safety_stress,human_workspace_reaching,3,0.4583333333333333,0.4166666666666667,0.4444444444444444,0.11288755510850418,0.6805555555555556,0.375,0.3333333333333333,0.4444444444444444,0.4444444444444444,0.9204296550176458,0.26583783902592006,0.5,72
proposed_boundary_learning_filter,combined_safety_stress,human_workspace_reaching,4,0.4583333333333333,0.4722222222222222,0.3888888888888889,0.10423278464457877,0.6805555555555556,0.4722222222222222,0.2916666666666667,0.3888888888888889,0.4027777777777778,0.964393630150924,0.265542867552868,0.5,72
proposed_boundary_learning_filter,combined_safety_stress,human_workspace_reaching,5,0.5416666666666666,0.4027777777777778,0.4027777777777778,0.1063776361077209,0.625,0.4027777777777778,0.3888888888888889,0.4027777777777778,0.3333333333333333,0.8434562603712289,0.26573531346898627,0.46808510638297873,72
proposed_boundary_learning_filter,combined_safety_stress,human_workspace_reaching,6,0.4722222222222222,0.3611111111111111,0.5,0.1313409180467192,0.6805555555555556,0.4444444444444444,0.2777777777777778,0.5,0.4166666666666667,0.8888797201241396,0.26541637463359546,0.5154639175257731,72
proposed_boundary_learning_filter,combined_safety_stress,narrow_corridor_navigation,0,0.4444444444444444,0.4583333333333333,0.4166666666666667,0.11110763394673794,0.7222222222222222,0.3611111111111111,0.3472222222222222,0.4166666666666667,0.3611111111111111,0.9409168366364311,0.2654457599033355,0.5306122448979591,72
proposed_boundary_learning_filter,combined_safety_stress,narrow_corridor_navigation,1,0.4861111111111111,0.2916666666666667,0.3888888888888889,0.10310793829149587,0.6388888888888888,0.5,0.3472222222222222,0.3888888888888889,0.4444444444444444,0.7873851741465073,0.26534608943745064,0.46808510638297873,72
proposed_boundary_learning_filter,combined_safety_stress,narrow_corridor_navigation,2,0.4583333333333333,0.375,0.4583333333333333,0.11672202936572498,0.7222222222222222,0.4027777777777778,0.3611111111111111,0.4583333333333333,0.4444444444444444,0.8771410337655927,0.26544579474551355,0.5,72
proposed_boundary_learning_filter,combined_safety_stress,narrow_corridor_navigation,3,0.5694444444444444,0.3472222222222222,0.4305555555555556,0.11099492385649769,0.7222222222222222,0.4444444444444444,0.2638888888888889,0.4305555555555556,0.4444444444444444,0.7743866494381519,0.2650327769108063,0.5154639175257731,72
proposed_boundary_learning_filter,combined_safety_stress,narrow_corridor_navigation,4,0.4027777777777778,0.4861111111111111,0.5,0.12966239187086762,0.6666666666666666,0.4583333333333333,0.3055555555555556,0.5,0.4166666666666667,1.0233639823234384,0.26563271962373125,0.5454545454545454,72
proposed_boundary_learning_filter,combined_safety_stress,narrow_corridor_navigation,5,0.3611111111111111,0.4305555555555556,0.4583333333333333,0.1194365205088009,0.5972222222222222,0.4305555555555556,0.3611111111111111,0.4583333333333333,0.5277777777777778,0.9967916213489736,0.26537988989118333,0.5454545454545454,72
proposed_boundary_learning_filter,combined_safety_stress,narrow_corridor_navigation,6,0.4305555555555556,0.3333333333333333,0.4444444444444444,0.11458070553646989,0.6805555555555556,0.4027777777777778,0.3055555555555556,0.4444444444444444,0.4305555555555556,0.8612426937665743,0.265588307324542,0.45161290322580644,72
proposed_boundary_learning_filter,delayed_dynamics,dynamic_obstacle_crossing,0,0.3611111111111111,0.4861111111111111,0.1527777777777778,0.0387501677783569,0.5694444444444444,0.3888888888888889,0.3055555555555556,0.1527777777777778,0.2777777777777778,0.9389927516487728,0.2800900197618748,0.19999999999999998,72
proposed_boundary_learning_filter,delayed_dynamics,dynamic_obstacle_crossing,1,0.4444444444444444,0.4583333333333333,0.16666666666666666,0.04146265168378722,0.6111111111111112,0.3194444444444444,0.3472222222222222,0.16666666666666666,0.25,0.8517233397695637,0.27982446287772206,0.19999999999999998,72
proposed_boundary_learning_filter,delayed_dynamics,dynamic_obstacle_crossing,2,0.3333333333333333,0.5138888888888888,0.1388888888888889,0.03409497281578612,0.4305555555555556,0.3611111111111111,0.375,0.1388888888888889,0.25,0.9748783626476786,0.27992912548532245,0.12987012987012989,72
proposed_boundary_learning_filter,delayed_dynamics,dynamic_obstacle_crossing,3,0.2777777777777778,0.5694444444444444,0.18055555555555555,0.047612807185505646,0.5833333333333334,0.375,0.3333333333333333,0.18055555555555555,0.2916666666666667,1.0716495314693075,0.28033956198367194,0.24390243902439027,72
proposed_boundary_learning_filter,delayed_dynamics,dynamic_obstacle_crossing,4,0.3611111111111111,0.5416666666666666,0.08333333333333333,0.020905943220931936,0.5555555555555556,0.3194444444444444,0.3333333333333333,0.08333333333333333,0.3055555555555556,0.9590066190470373,0.28015281333854414,0.12987012987012989,72
proposed_boundary_learning_filter,delayed_dynamics,dynamic_obstacle_crossing,5,0.3888888888888889,0.4722222222222222,0.18055555555555555,0.04460404874295555,0.5138888888888888,0.3472222222222222,0.3194444444444444,0.18055555555555555,0.2638888888888889,0.9089489289883335,0.28027611960738097,0.2222222222222222,72
proposed_boundary_learning_filter,delayed_dynamics,dynamic_obstacle_crossing,6,0.4305555555555556,0.4583333333333333,0.2222222222222222,0.05583574002058342,0.5416666666666666,0.4166666666666667,0.2777777777777778,0.2222222222222222,0.2916666666666667,0.8875313457400351,0.27971563051114273,0.26506024096385544,72
proposed_boundary_learning_filter,delayed_dynamics,fragile_object_pushing,0,0.4583333333333333,0.3888888888888889,0.05555555555555555,0.013546850141549521,0.5833333333333334,0.3611111111111111,0.4444444444444444,0.05555555555555555,0.25,0.7722898394767206,0.28026184548491084,0.06349206349206349,72
proposed_boundary_learning_filter,delayed_dynamics,fragile_object_pushing,1,0.375,0.4166666666666667,0.09722222222222222,0.0247931334790262,0.4444444444444444,0.19444444444444445,0.4027777777777778,0.09722222222222222,0.2222222222222222,0.8449118648144395,0.28026136617177905,0.11940298507462686,72
proposed_boundary_learning_filter,delayed_dynamics,fragile_object_pushing,2,0.3333333333333333,0.5138888888888888,0.06944444444444445,0.01713802045988063,0.5416666666666666,0.2777777777777778,0.4583333333333333,0.06944444444444445,0.19444444444444445,0.9562037168729138,0.2802471969240071,0.08695652173913045,72
proposed_boundary_learning_filter,delayed_dynamics,fragile_object_pushing,3,0.4722222222222222,0.4305555555555556,0.08333333333333333,0.020018006141339376,0.6388888888888888,0.19444444444444445,0.4305555555555556,0.08333333333333333,0.18055555555555555,0.7818338697344769,0.2803137933860149,0.12121212121212123,72
proposed_boundary_learning_filter,delayed_dynamics,fragile_object_pushing,4,0.3611111111111111,0.5138888888888888,0.027777777777777776,0.006327008316876639,0.5277777777777778,0.18055555555555555,0.4305555555555556,0.027777777777777776,0.18055555555555555,0.914030458177357,0.2799161614502211,0.030303030303030307,72
proposed_boundary_learning_filter,delayed_dynamics,fragile_object_pushing,5,0.4444444444444444,0.4861111111111111,0.027777777777777776,0.006373405745647352,0.5277777777777778,0.2916666666666667,0.375,0.027777777777777776,0.18055555555555555,0.8454633406542672,0.2797739897430963,0.031746031746031744,72
proposed_boundary_learning_filter,delayed_dynamics,fragile_object_pushing,6,0.4166666666666667,0.4444444444444444,0.013888888888888888,0.0037489571366105803,0.4861111111111111,0.3611111111111111,0.3055555555555556,0.013888888888888888,0.18055555555555555,0.8372266360834878,0.2802980446883787,0.028985507246376812,72
proposed_boundary_learning_filter,delayed_dynamics,human_workspace_reaching,0,0.4861111111111111,0.375,0.06944444444444445,0.017470888487394195,0.5277777777777778,0.2361111111111111,0.4444444444444444,0.06944444444444445,0.19444444444444445,0.7531301947645461,0.2801218127510624,0.10526315789473684,72
proposed_boundary_learning_filter,delayed_dynamics,human_workspace_reaching,1,0.4305555555555556,0.4166666666666667,0.125,0.030013298293385417,0.6111111111111112,0.2916666666666667,0.3888888888888889,0.125,0.2361111111111111,0.8457162316612079,0.2801332563897856,0.12987012987012989,72
proposed_boundary_learning_filter,delayed_dynamics,human_workspace_reaching,2,0.4861111111111111,0.3472222222222222,0.05555555555555555,0.0139265287794925,0.6111111111111112,0.3333333333333333,0.3333333333333333,0.05555555555555555,0.125,0.7398810349260864,0.2803296791460616,0.05405405405405406,72
proposed_boundary_learning_filter,delayed_dynamics,human_workspace_reaching,3,0.4722222222222222,0.4027777777777778,0.05555555555555555,0.014032444285151059,0.5138888888888888,0.3194444444444444,0.5,0.05555555555555555,0.2361111111111111,0.791782126102329,0.2805102646524999,0.07999999999999999,72
proposed_boundary_learning_filter,delayed_dynamics,human_workspace_reaching,4,0.4861111111111111,0.3888888888888889,0.027777777777777776,0.006794082661445784,0.5694444444444444,0.2638888888888889,0.4444444444444444,0.027777777777777776,0.2361111111111111,0.7583327641176498,0.2798798172416592,0.05405405405405406,72
proposed_boundary_learning_filter,delayed_dynamics,human_workspace_reaching,5,0.4027777777777778,0.4583333333333333,0.09722222222222222,0.022756250482697866,0.625,0.3333333333333333,0.4166666666666667,0.09722222222222222,0.20833333333333334,0.8969704861851072,0.2802254138297083,0.10526315789473684,72
proposed_boundary_learning_filter,delayed_dynamics,human_workspace_reaching,6,0.4861111111111111,0.3888888888888889,0.05555555555555555,0.013150447878695166,0.7083333333333334,0.3888888888888889,0.4027777777777778,0.05555555555555555,0.2222222222222222,0.7788836198171614,0.2802273917630789,0.05405405405405406,72
proposed_boundary_learning_filter,delayed_dynamics,narrow_corridor_navigation,0,0.3611111111111111,0.5,0.027777777777777776,0.006659072484479661,0.6944444444444444,0.3055555555555556,0.4305555555555556,0.027777777777777776,0.25,0.925895131836548,0.27988484904453853,0.02985074626865672,72
proposed_boundary_learning_filter,delayed_dynamics,narrow_corridor_navigation,1,0.4861111111111111,0.4166666666666667,0.06944444444444445,0.017038696859951026,0.6944444444444444,0.3333333333333333,0.4027777777777778,0.06944444444444445,0.2777777777777778,0.7829097930334847,0.27985432145658223,0.13513513513513511,72
proposed_boundary_learning_filter,delayed_dynamics,narrow_corridor_navigation,2,0.4583333333333333,0.4583333333333333,0.06944444444444445,0.01622256455075675,0.6388888888888888,0.2361111111111111,0.5,0.06944444444444445,0.25,0.8237717140358555,0.2800538648342759,0.05797101449275362,72
proposed_boundary_learning_filter,delayed_dynamics,narrow_corridor_navigation,3,0.4027777777777778,0.4305555555555556,0.125,0.03041696646343696,0.7083333333333334,0.3055555555555556,0.375,0.125,0.2638888888888889,0.86309677562748,0.2799920544554195,0.1842105263157895,72
proposed_boundary_learning_filter,delayed_dynamics,narrow_corridor_navigation,4,0.5,0.4444444444444444,0.08333333333333333,0.019830660497050005,0.6666666666666666,0.25,0.4861111111111111,0.08333333333333333,0.2777777777777778,0.7869652839298857,0.2795548976763704,0.1095890410958904,72
proposed_boundary_learning_filter,delayed_dynamics,narrow_corridor_navigation,5,0.375,0.5138888888888888,0.06944444444444445,0.016457257898846844,0.625,0.2638888888888889,0.4861111111111111,0.06944444444444445,0.19444444444444445,0.9313135482376329,0.27999335185931806,0.05797101449275362,72
proposed_boundary_learning_filter,delayed_dynamics,narrow_corridor_navigation,6,0.5138888888888888,0.3888888888888889,0.041666666666666664,0.009913326077732808,0.6111111111111112,0.2638888888888889,0.5138888888888888,0.041666666666666664,0.2361111111111111,0.7253228759792251,0.2802310248520819,0.05555555555555556,72
proposed_boundary_learning_filter,nominal_boundary,dynamic_obstacle_crossing,0,0.5,0.3611111111111111,0.027777777777777776,0.0067380764767962205,0.7083333333333334,0.125,0.5,0.027777777777777776,0.16666666666666666,0.7040503620914601,0.2863512975196563,0.04347826086956522,72
proposed_boundary_learning_filter,nominal_boundary,dynamic_obstacle_crossing,1,0.5416666666666666,0.3333333333333333,0.027777777777777776,0.006688130945854591,0.6111111111111112,0.25,0.5416666666666666,0.027777777777777776,0.16666666666666666,0.6661799437530067,0.2864480499567662,0.046511627906976744,72
proposed_boundary_learning_filter,nominal_boundary,dynamic_obstacle_crossing,2,0.4583333333333333,0.4027777777777778,0.0,0.0,0.625,0.16666666666666666,0.5138888888888888,0.0,0.125,0.765157179547125,0.2866426256309954,0.0,72
proposed_boundary_learning_filter,nominal_boundary,dynamic_obstacle_crossing,3,0.5416666666666666,0.3194444444444444,0.013888888888888888,0.003074046692360602,0.6666666666666666,0.2222222222222222,0.5138888888888888,0.013888888888888888,0.18055555555555555,0.6492309423165392,0.28697906328846223,0.0,72
proposed_boundary_learning_filter,nominal_boundary,dynamic_obstacle_crossing,4,0.5555555555555556,0.3194444444444444,0.013888888888888888,0.003910971227829391,0.7083333333333334,0.20833333333333334,0.4444444444444444,0.013888888888888888,0.1388888888888889,0.6365099731629555,0.2868296605240365,0.044444444444444446,72
proposed_boundary_learning_filter,nominal_boundary,dynamic_obstacle_crossing,5,0.5416666666666666,0.375,0.013888888888888888,0.003171585613678309,0.5694444444444444,0.2222222222222222,0.4583333333333333,0.013888888888888888,0.125,0.6934789833592924,0.28698401015341174,0.0,72
proposed_boundary_learning_filter,nominal_boundary,dynamic_obstacle_crossing,6,0.5277777777777778,0.2916666666666667,0.013888888888888888,0.003382156671335593,0.6527777777777778,0.2222222222222222,0.5138888888888888,0.013888888888888888,0.09722222222222222,0.6366418863652132,0.286549548162939,0.0,72
proposed_boundary_learning_filter,nominal_boundary,fragile_object_pushing,0,0.5555555555555556,0.3472222222222222,0.0,0.0,0.6666666666666666,0.16666666666666666,0.6527777777777778,0.0,0.1527777777777778,0.6589967892429924,0.2866333087434287,0.0,72
proposed_boundary_learning_filter,nominal_boundary,fragile_object_pushing,1,0.625,0.2222222222222222,0.0,0.0,0.5555555555555556,0.1111111111111111,0.5555555555555556,0.0,0.09722222222222222,0.5023643720747766,0.2866783905202114,0.0,72
proposed_boundary_learning_filter,nominal_boundary,fragile_object_pushing,2,0.5833333333333334,0.25,0.0,0.0,0.5416666666666666,0.06944444444444445,0.5277777777777778,0.0,0.09722222222222222,0.5494288090433135,0.2870059015275573,0.0,72
proposed_boundary_learning_filter,nominal_boundary,fragile_object_pushing,3,0.6527777777777778,0.2361111111111111,0.0,0.0,0.5694444444444444,0.1527777777777778,0.5416666666666666,0.0,0.08333333333333333,0.4984056844698851,0.28610269609538175,0.0,72
proposed_boundary_learning_filter,nominal_boundary,fragile_object_pushing,4,0.5694444444444444,0.2638888888888889,0.013888888888888888,0.0031657056916541792,0.5972222222222222,0.2222222222222222,0.5138888888888888,0.013888888888888888,0.05555555555555555,0.592320423099988,0.28674965596800184,0.0,72
proposed_boundary_learning_filter,nominal_boundary,fragile_object_pushing,5,0.5555555555555556,0.25,0.0,0.0,0.7777777777777778,0.16666666666666666,0.5972222222222222,0.0,0.125,0.581216899141629,0.2867347475311967,0.0,72
proposed_boundary_learning_filter,nominal_boundary,fragile_object_pushing,6,0.625,0.25,0.0,0.0,0.625,0.19444444444444445,0.5416666666666666,0.0,0.09722222222222222,0.5349175380159923,0.28649239133395654,0.0,72
proposed_boundary_learning_filter,nominal_boundary,human_workspace_reaching,0,0.5416666666666666,0.3472222222222222,0.013888888888888888,0.0031136247873029444,0.6944444444444444,0.19444444444444445,0.5,0.013888888888888888,0.1111111111111111,0.6991263435184765,0.2869241321647852,0.0,72
proposed_boundary_learning_filter,nominal_boundary,human_workspace_reaching,1,0.6111111111111112,0.25,0.0,0.0,0.7222222222222222,0.1388888888888889,0.6666666666666666,0.0,0.125,0.5602417126901584,0.28674126816149337,0.0,72
proposed_boundary_learning_filter,nominal_boundary,human_workspace_reaching,2,0.75,0.1527777777777778,0.0,0.0,0.6666666666666666,0.20833333333333334,0.5138888888888888,0.0,0.041666666666666664,0.3914938472293747,0.2863646006453273,0.0,72
proposed_boundary_learning_filter,nominal_boundary,human_workspace_reaching,3,0.5833333333333334,0.2916666666666667,0.0,0.0,0.625,0.2916666666666667,0.5277777777777778,0.0,0.05555555555555555,0.6330178245267576,0.28706865919044017,0.0,72
proposed_boundary_learning_filter,nominal_boundary,human_workspace_reaching,4,0.6944444444444444,0.18055555555555555,0.0,0.0,0.6527777777777778,0.1527777777777778,0.5972222222222222,0.0,0.06944444444444445,0.44748596440528515,0.28640697180581154,0.0,72
proposed_boundary_learning_filter,nominal_boundary,human_workspace_reaching,5,0.6111111111111112,0.2916666666666667,0.0,0.0,0.7083333333333334,0.16666666666666666,0.5694444444444444,0.0,0.1111111111111111,0.5983624010547144,0.28632136536210123,0.0,72
proposed_boundary_learning_filter,nominal_boundary,human_workspace_reaching,6,0.625,0.3055555555555556,0.0,0.0,0.6388888888888888,0.1388888888888889,0.6527777777777778,0.0,0.08333333333333333,0.5955894776659785,0.2873453069918942,0.0,72
proposed_boundary_learning_filter,nominal_boundary,narrow_corridor_navigation,0,0.5833333333333334,0.3055555555555556,0.0,0.0,0.7083333333333334,0.16666666666666666,0.5,0.0,0.1111111111111111,0.6132279949963393,0.2865587694165007,0.0,72
proposed_boundary_learning_filter,nominal_boundary,narrow_corridor_navigation,1,0.5694444444444444,0.2777777777777778,0.0,0.0,0.8194444444444444,0.2222222222222222,0.5277777777777778,0.0,0.18055555555555555,0.6076537479673154,0.28676110383283876,0.0,72
proposed_boundary_learning_filter,nominal_boundary,narrow_corridor_navigation,2,0.5694444444444444,0.3611111111111111,0.0,0.0,0.7083333333333334,0.09722222222222222,0.5694444444444444,0.0,0.1388888888888889,0.6592570135019455,0.28678968805139504,0.0,72
proposed_boundary_learning_filter,nominal_boundary,narrow_corridor_navigation,3,0.625,0.3194444444444444,0.0,0.0,0.7222222222222222,0.1111111111111111,0.6805555555555556,0.0,0.1388888888888889,0.587579891603546,0.2867584080169836,0.0,72
proposed_boundary_learning_filter,nominal_boundary,narrow_corridor_navigation,4,0.6805555555555556,0.2777777777777778,0.0,0.0,0.6944444444444444,0.1527777777777778,0.7083333333333334,0.0,0.1527777777777778,0.5197771915779807,0.286968455414103,0.0,72
proposed_boundary_learning_filter,nominal_boundary,narrow_corridor_navigation,5,0.6388888888888888,0.2638888888888889,0.0,0.0,0.7083333333333334,0.08333333333333333,0.6666666666666666,0.0,0.09722222222222222,0.5303983431636892,0.2868737074583432,0.0,72
proposed_boundary_learning_filter,nominal_boundary,narrow_corridor_navigation,6,0.5277777777777778,0.3888888888888889,0.0,0.0,0.7083333333333334,0.18055555555555555,0.5972222222222222,0.0,0.06944444444444445,0.7221324534334395,0.28677655516798756,0.0,72
proposed_boundary_learning_filter,tightened_safe_set,dynamic_obstacle_crossing,0,0.4027777777777778,0.4583333333333333,0.1527777777777778,0.0392663584390189,0.625,0.5416666666666666,0.25,0.1527777777777778,0.2638888888888889,0.9269237228136712,0.2793470732072149,0.19999999999999998,72
proposed_boundary_learning_filter,tightened_safe_set,dynamic_obstacle_crossing,1,0.4027777777777778,0.5,0.20833333333333334,0.05453962830420938,0.6944444444444444,0.4722222222222222,0.3055555555555556,0.20833333333333334,0.3333333333333333,0.9660995446807276,0.2793851805117623,0.32558139534883723,72
proposed_boundary_learning_filter,tightened_safe_set,dynamic_obstacle_crossing,2,0.4305555555555556,0.5277777777777778,0.2361111111111111,0.060145986087792855,0.6666666666666666,0.5138888888888888,0.2777777777777778,0.2361111111111111,0.2777777777777778,0.9787344034564328,0.2797782128807168,0.32558139534883723,72
proposed_boundary_learning_filter,tightened_safe_set,dynamic_obstacle_crossing,3,0.4027777777777778,0.4583333333333333,0.1527777777777778,0.03714021771742805,0.6388888888888888,0.4166666666666667,0.3333333333333333,0.1527777777777778,0.25,0.9117655962355402,0.2793710270623775,0.17721518987341772,72
proposed_boundary_learning_filter,tightened_safe_set,dynamic_obstacle_crossing,4,0.3888888888888889,0.4444444444444444,0.16666666666666666,0.04113121058559462,0.6944444444444444,0.2916666666666667,0.4166666666666667,0.16666666666666666,0.2361111111111111,0.8984805404121222,0.27921240532817915,0.17721518987341772,72
proposed_boundary_learning_filter,tightened_safe_set,dynamic_obstacle_crossing,5,0.4305555555555556,0.4722222222222222,0.19444444444444445,0.048826108591572284,0.6666666666666666,0.3472222222222222,0.2222222222222222,0.19444444444444445,0.2638888888888889,0.9048745185656362,0.27936020727369587,0.24390243902439027,72
proposed_boundary_learning_filter,tightened_safe_set,dynamic_obstacle_crossing,6,0.5555555555555556,0.3055555555555556,0.20833333333333334,0.05202611401828801,0.6805555555555556,0.4027777777777778,0.375,0.20833333333333334,0.4027777777777778,0.6914151700819384,0.2791959468788453,0.2857142857142857,72
proposed_boundary_learning_filter,tightened_safe_set,fragile_object_pushing,0,0.5555555555555556,0.3055555555555556,0.06944444444444445,0.016386834778103827,0.5,0.2222222222222222,0.4444444444444444,0.06944444444444445,0.2638888888888889,0.6440806879659711,0.2797636659263948,0.0273972602739726,72
proposed_boundary_learning_filter,tightened_safe_set,fragile_object_pushing,1,0.4722222222222222,0.4444444444444444,0.1111111111111111,0.02709632033683587,0.5277777777777778,0.4027777777777778,0.3472222222222222,0.1111111111111111,0.20833333333333334,0.8468152091079024,0.27978101646964276,0.15384615384615385,72
proposed_boundary_learning_filter,tightened_safe_set,fragile_object_pushing,2,0.4861111111111111,0.3888888888888889,0.05555555555555555,0.012512165994985046,0.5555555555555556,0.2638888888888889,0.4305555555555556,0.05555555555555555,0.2222222222222222,0.7623615485689479,0.2795667038152412,0.0,72
proposed_boundary_learning_filter,tightened_safe_set,fragile_object_pushing,3,0.4444444444444444,0.4861111111111111,0.013888888888888888,0.0034156905555106486,0.5833333333333334,0.3194444444444444,0.3888888888888889,0.013888888888888888,0.2361111111111111,0.8674099368972207,0.27983920559979836,0.0273972602739726,72
proposed_boundary_learning_filter,tightened_safe_set,fragile_object_pushing,4,0.4722222222222222,0.375,0.041666666666666664,0.010033974636798004,0.5277777777777778,0.3611111111111111,0.3055555555555556,0.041666666666666664,0.2222222222222222,0.7696184489726768,0.2793539982966921,0.05405405405405406,72
proposed_boundary_learning_filter,tightened_safe_set,fragile_object_pushing,5,0.5277777777777778,0.2916666666666667,0.041666666666666664,0.009466323848512903,0.5138888888888888,0.3611111111111111,0.3194444444444444,0.041666666666666664,0.1527777777777778,0.6634758087962243,0.2794803798492145,0.0273972602739726,72
proposed_boundary_learning_filter,tightened_safe_set,fragile_object_pushing,6,0.4583333333333333,0.4305555555555556,0.06944444444444445,0.01628076792351476,0.75,0.3194444444444444,0.4305555555555556,0.06944444444444445,0.2222222222222222,0.825702731313315,0.2795746786319547,0.10526315789473684,72
proposed_boundary_learning_filter,tightened_safe_set,human_workspace_reaching,0,0.5694444444444444,0.3194444444444444,0.05555555555555555,0.014054158125111738,0.6805555555555556,0.375,0.4027777777777778,0.05555555555555555,0.25,0.6839697047600242,0.2793087738709248,0.10526315789473684,72
proposed_boundary_learning_filter,tightened_safe_set,human_workspace_reaching,1,0.4861111111111111,0.3194444444444444,0.08333333333333333,0.020251578358702015,0.5833333333333334,0.2638888888888889,0.4166666666666667,0.08333333333333333,0.2222222222222222,0.7370302149123812,0.2798504408956908,0.10526315789473684,72
proposed_boundary_learning_filter,tightened_safe_set,human_workspace_reaching,2,0.4583333333333333,0.4444444444444444,0.041666666666666664,0.010288438269687774,0.6666666666666666,0.3611111111111111,0.4027777777777778,0.041666666666666664,0.25,0.8582851361636633,0.27975700633971723,0.05405405405405406,72
proposed_boundary_learning_filter,tightened_safe_set,human_workspace_reaching,3,0.4861111111111111,0.3472222222222222,0.18055555555555555,0.043354437381684444,0.75,0.4305555555555556,0.3888888888888889,0.18055555555555555,0.2916666666666667,0.8024594958014819,0.27949176083160854,0.2222222222222222,72
proposed_boundary_learning_filter,tightened_safe_set,human_workspace_reaching,4,0.3611111111111111,0.4444444444444444,0.09722222222222222,0.025063000488420997,0.6805555555555556,0.3472222222222222,0.5138888888888888,0.09722222222222222,0.20833333333333334,0.9405383311273064,0.2796066147069467,0.15384615384615385,72
proposed_boundary_learning_filter,tightened_safe_set,human_workspace_reaching,5,0.4166666666666667,0.5,0.05555555555555555,0.012934614828550725,0.6111111111111112,0.2361111111111111,0.4583333333333333,0.05555555555555555,0.2222222222222222,0.9215564826165643,0.27981247878818,0.05405405405405406,72
proposed_boundary_learning_filter,tightened_safe_set,human_workspace_reaching,6,0.6111111111111112,0.3055555555555556,0.09722222222222222,0.022127482142069253,0.6527777777777778,0.3333333333333333,0.3472222222222222,0.09722222222222222,0.2777777777777778,0.6464648993179192,0.2800183583459177,0.05405405405405406,72
proposed_boundary_learning_filter,tightened_safe_set,narrow_corridor_navigation,0,0.375,0.4444444444444444,0.09722222222222222,0.026351131463497074,0.7083333333333334,0.4027777777777778,0.4583333333333333,0.09722222222222222,0.2222222222222222,0.9220335990032973,0.27961320474156864,0.15384615384615385,72
proposed_boundary_learning_filter,tightened_safe_set,narrow_corridor_navigation,1,0.4861111111111111,0.4027777777777778,0.041666666666666664,0.009929857049193467,0.7222222222222222,0.4166666666666667,0.375,0.041666666666666664,0.2638888888888889,0.7964031584706207,0.27924601184566444,0.05405405405405406,72
proposed_boundary_learning_filter,tightened_safe_set,narrow_corridor_navigation,2,0.4166666666666667,0.4444444444444444,0.06944444444444445,0.01660962463447665,0.625,0.2361111111111111,0.5,0.06944444444444445,0.2638888888888889,0.865060082168315,0.2794723015245482,0.07999999999999999,72
proposed_boundary_learning_filter,tightened_safe_set,narrow_corridor_navigation,3,0.4166666666666667,0.4583333333333333,0.09722222222222222,0.023516541752770917,0.6944444444444444,0.3194444444444444,0.4722222222222222,0.09722222222222222,0.25,0.8929768392766546,0.27960462849468687,0.07999999999999999,72
proposed_boundary_learning_filter,tightened_safe_set,narrow_corridor_navigation,4,0.4166666666666667,0.4166666666666667,0.06944444444444445,0.018190115997759344,0.6944444444444444,0.3472222222222222,0.375,0.06944444444444445,0.18055555555555555,0.8561671097443263,0.27955043565171334,0.10526315789473684,72
proposed_boundary_learning_filter,tightened_safe_set,narrow_corridor_navigation,5,0.4444444444444444,0.4583333333333333,0.08333333333333333,0.020380053140196495,0.6388888888888888,0.2916666666666667,0.3194444444444444,0.08333333333333333,0.1111111111111111,0.8663006787709651,0.2796287014151375,0.07999999999999999,72
proposed_boundary_learning_filter,tightened_safe_set,narrow_corridor_navigation,6,0.4583333333333333,0.4444444444444444,0.05555555555555555,0.013097024739705313,0.6666666666666666,0.3611111111111111,0.4305555555555556,0.05555555555555555,0.25,0.846659641462294,0.2792316449615419,0.05405405405405406,72
recovery_policy_shield,boundary_shift,dynamic_obstacle_crossing,0,0.5694444444444444,0.2361111111111111,0.8055555555555556,0.21888074205701447,0.8055555555555556,0.5694444444444444,0.2361111111111111,0.8055555555555556,0.5972222222222222,0.7874527625369381,0.15256718939574748,0.7256637168141593,72
recovery_policy_shield,boundary_shift,dynamic_obstacle_crossing,1,0.6805555555555556,0.2361111111111111,0.7777777777777778,0.20442904799082418,0.7222222222222222,0.5277777777777778,0.2777777777777778,0.7777777777777778,0.5416666666666666,0.6937415691342002,0.15248786874819467,0.6909090909090909,72
recovery_policy_shield,boundary_shift,dynamic_obstacle_crossing,2,0.5833333333333334,0.20833333333333334,0.7777777777777778,0.2080060817574456,0.6944444444444444,0.5138888888888888,0.2777777777777778,0.7777777777777778,0.5416666666666666,0.7414643103072119,0.15287459919202284,0.7368421052631579,72
recovery_policy_shield,boundary_shift,dynamic_obstacle_crossing,3,0.6111111111111112,0.2777777777777778,0.7638888888888888,0.20342053107716607,0.7361111111111112,0.5555555555555556,0.2222222222222222,0.7638888888888888,0.5833333333333334,0.7782884358644248,0.15243685746151409,0.6909090909090909,72
recovery_policy_shield,boundary_shift,dynamic_obstacle_crossing,4,0.5416666666666666,0.3055555555555556,0.75,0.19964793249344215,0.7777777777777778,0.4722222222222222,0.3055555555555556,0.75,0.6388888888888888,0.8368645683059612,0.15262478327772366,0.7256637168141593,72
recovery_policy_shield,boundary_shift,dynamic_obstacle_crossing,5,0.4305555555555556,0.4027777777777778,0.6527777777777778,0.17739466613340588,0.6527777777777778,0.5555555555555556,0.18055555555555555,0.6527777777777778,0.5277777777777778,0.9829383882645656,0.1525218756158741,0.6909090909090909,72
recovery_policy_shield,boundary_shift,dynamic_obstacle_crossing,6,0.625,0.2916666666666667,0.7361111111111112,0.19894469838775708,0.6666666666666666,0.625,0.1527777777777778,0.7361111111111112,0.6666666666666666,0.7806755015612673,0.15264476386451659,0.7142857142857143,72
recovery_policy_shield,boundary_shift,fragile_object_pushing,0,0.6111111111111112,0.25,0.4722222222222222,0.11646687824545965,0.5833333333333334,0.3472222222222222,0.375,0.4722222222222222,0.5138888888888888,0.6651804448321239,0.15244281444927582,0.3448275862068966,72
recovery_policy_shield,boundary_shift,fragile_object_pushing,1,0.4861111111111111,0.3333333333333333,0.3888888888888889,0.09606339769951228,0.625,0.4444444444444444,0.2638888888888889,0.3888888888888889,0.375,0.8140402027050962,0.15246527294659787,0.30952380952380953,72
recovery_policy_shield,boundary_shift,fragile_object_pushing,2,0.4166666666666667,0.375,0.3888888888888889,0.10261977330186917,0.7222222222222222,0.3888888888888889,0.3472222222222222,0.3888888888888889,0.3194444444444444,0.8928390474241006,0.15242020133082246,0.38202247191011235,72
recovery_policy_shield,boundary_shift,fragile_object_pushing,3,0.5972222222222222,0.3333333333333333,0.3333333333333333,0.08850351844326766,0.6666666666666666,0.4027777777777778,0.18055555555555555,0.3333333333333333,0.6527777777777778,0.7179381673110894,0.15236405982353748,0.4,72
recovery_policy_shield,boundary_shift,fragile_object_pushing,4,0.3611111111111111,0.5,0.3333333333333333,0.0813240737785112,0.5972222222222222,0.5416666666666666,0.20833333333333334,0.3333333333333333,0.5138888888888888,1.0353751415738794,0.15254327889127442,0.22499999999999998,72
recovery_policy_shield,boundary_shift,fragile_object_pushing,5,0.5,0.3472222222222222,0.4583333333333333,0.11304826134162413,0.6111111111111112,0.4305555555555556,0.3055555555555556,0.4583333333333333,0.4861111111111111,0.8299100312252009,0.15235215394536852,0.3448275862068966,72
recovery_policy_shield,boundary_shift,fragile_object_pushing,6,0.4583333333333333,0.375,0.4166666666666667,0.1034572562571226,0.6111111111111112,0.3333333333333333,0.2638888888888889,0.4166666666666667,0.4166666666666667,0.8614372175361645,0.15234405181693692,0.3448275862068966,72
recovery_policy_shield,boundary_shift,human_workspace_reaching,0,0.4583333333333333,0.3472222222222222,0.4861111111111111,0.12420858301253704,0.75,0.5277777777777778,0.2361111111111111,0.4861111111111111,0.4166666666666667,0.9021934851163641,0.15251305291287653,0.46808510638297873,72
recovery_policy_shield,boundary_shift,human_workspace_reaching,1,0.6111111111111112,0.3194444444444444,0.5,0.12687334115405022,0.75,0.3333333333333333,0.375,0.5,0.5972222222222222,0.7505365315985466,0.1523053731462851,0.45161290322580644,72
recovery_policy_shield,boundary_shift,human_workspace_reaching,2,0.5555555555555556,0.2916666666666667,0.4444444444444444,0.11139560947722921,0.7222222222222222,0.4027777777777778,0.3055555555555556,0.4444444444444444,0.4027777777777778,0.7630805699688403,0.15219611839405542,0.38202247191011235,72
recovery_policy_shield,boundary_shift,human_workspace_reaching,3,0.6111111111111112,0.2777777777777778,0.4305555555555556,0.10668657326396458,0.7361111111111112,0.5833333333333334,0.1388888888888889,0.4305555555555556,0.3888888888888889,0.7292359037102872,0.15252667647628745,0.4,72
recovery_policy_shield,boundary_shift,human_workspace_reaching,4,0.5,0.3472222222222222,0.3611111111111111,0.0910408438542986,0.8055555555555556,0.3888888888888889,0.3333333333333333,0.3611111111111111,0.4444444444444444,0.8255304760115713,0.15253467234408816,0.32558139534883723,72
recovery_policy_shield,boundary_shift,human_workspace_reaching,5,0.4861111111111111,0.3611111111111111,0.5,0.12804119152289767,0.6805555555555556,0.4305555555555556,0.2777777777777778,0.5,0.5555555555555556,0.8852640585080329,0.15234664450787086,0.46808510638297873,72
recovery_policy_shield,boundary_shift,human_workspace_reaching,6,0.6111111111111112,0.2222222222222222,0.4583333333333333,0.11515620605774145,0.7222222222222222,0.5555555555555556,0.25,0.4583333333333333,0.5,0.6884431152971519,0.1524906918325587,0.38202247191011235,72
recovery_policy_shield,boundary_shift,narrow_corridor_navigation,0,0.5833333333333334,0.3055555555555556,0.5277777777777778,0.1378548594236313,0.7222222222222222,0.4722222222222222,0.2916666666666667,0.5277777777777778,0.625,0.7678859287834194,0.1525176806719977,0.5,72
recovery_policy_shield,boundary_shift,narrow_corridor_navigation,1,0.6111111111111112,0.2638888888888889,0.4583333333333333,0.11723227100053693,0.8611111111111112,0.4861111111111111,0.18055555555555555,0.4583333333333333,0.5694444444444444,0.6990007564552249,0.15270527589001454,0.4175824175824176,72
recovery_policy_shield,boundary_shift,narrow_corridor_navigation,2,0.5555555555555556,0.2916666666666667,0.5,0.12815701870790674,0.7361111111111112,0.3333333333333333,0.3333333333333333,0.5,0.5277777777777778,0.7525414216227221,0.15252987080466818,0.4842105263157894,72
recovery_policy_shield,boundary_shift,narrow_corridor_navigation,3,0.6111111111111112,0.2361111111111111,0.4861111111111111,0.12343291083594687,0.7083333333333334,0.5694444444444444,0.19444444444444445,0.4861111111111111,0.4861111111111111,0.6926978813718336,0.152391358578334,0.46808510638297873,72
recovery_policy_shield,boundary_shift,narrow_corridor_navigation,4,0.5694444444444444,0.3333333333333333,0.3472222222222222,0.08590813256645315,0.7916666666666666,0.5555555555555556,0.2361111111111111,0.3472222222222222,0.5555555555555556,0.7655744106028233,0.15266222901484636,0.30588235294117644,72
recovery_policy_shield,boundary_shift,narrow_corridor_navigation,5,0.4861111111111111,0.3472222222222222,0.5416666666666666,0.1382385927689001,0.7777777777777778,0.5,0.25,0.5416666666666666,0.5,0.8773600892284626,0.15246937354091866,0.45161290322580644,72
recovery_policy_shield,boundary_shift,narrow_corridor_navigation,6,0.5138888888888888,0.2916666666666667,0.5555555555555556,0.14072500159633808,0.7777777777777778,0.4027777777777778,0.2777777777777778,0.5555555555555556,0.4861111111111111,0.8036759012606907,0.1525704375306657,0.45161290322580644,72
recovery_policy_shield,combined_safety_stress,dynamic_obstacle_crossing,0,0.6527777777777778,0.2222222222222222,0.9305555555555556,0.2766574143093758,0.7222222222222222,0.6111111111111112,0.1388888888888889,0.9305555555555556,0.5833333333333334,0.7486145584568392,0.15147392824380723,0.8837209302325582,72
recovery_policy_shield,combined_safety_stress,dynamic_obstacle_crossing,1,0.625,0.2361111111111111,0.9166666666666666,0.2723911718067067,0.75,0.6111111111111112,0.1527777777777778,0.9166666666666666,0.6805555555555556,0.7760085631801235,0.15176119727203086,0.8923076923076924,72
recovery_policy_shield,combined_safety_stress,dynamic_obstacle_crossing,2,0.5416666666666666,0.20833333333333334,0.9027777777777778,0.2617350312064526,0.7083333333333334,0.5972222222222222,0.16666666666666666,0.9027777777777778,0.5833333333333334,0.8069401448068322,0.15161371264780768,0.8661417322834646,72
recovery_policy_shield,combined_safety_stress,dynamic_obstacle_crossing,3,0.5416666666666666,0.2777777777777778,0.9166666666666666,0.26596042732688435,0.6805555555555556,0.6388888888888888,0.1388888888888889,0.9166666666666666,0.6666666666666666,0.871610322327903,0.15176739155066876,0.8480000000000001,72
recovery_policy_shield,combined_safety_stress,dynamic_obstacle_crossing,4,0.5416666666666666,0.25,0.9166666666666666,0.2664769391543705,0.6111111111111112,0.6805555555555556,0.16666666666666666,0.9166666666666666,0.5694444444444444,0.8540203178067151,0.1514125207074233,0.8661417322834646,72
recovery_policy_shield,combined_safety_stress,dynamic_obstacle_crossing,5,0.4305555555555556,0.4166666666666667,0.9305555555555556,0.2672580053902769,0.75,0.5555555555555556,0.18055555555555555,0.9305555555555556,0.5555555555555556,1.0542973019775617,0.1517788759440056,0.8661417322834646,72
recovery_policy_shield,combined_safety_stress,dynamic_obstacle_crossing,6,0.4861111111111111,0.3055555555555556,0.9444444444444444,0.2739747254133488,0.6805555555555556,0.6805555555555556,0.16666666666666666,0.9444444444444444,0.5555555555555556,0.9452023150766967,0.15174254490873962,0.8923076923076924,72
recovery_policy_shield,combined_safety_stress,fragile_object_pushing,0,0.5833333333333334,0.25,0.5833333333333334,0.15373641913462055,0.5972222222222222,0.5416666666666666,0.25,0.5833333333333334,0.4444444444444444,0.7280384637563785,0.15159671136566083,0.5,72
recovery_policy_shield,combined_safety_stress,fragile_object_pushing,1,0.5,0.3472222222222222,0.5972222222222222,0.16322682379473286,0.5277777777777778,0.5555555555555556,0.2361111111111111,0.5972222222222222,0.4444444444444444,0.8715646186717243,0.15158844964029086,0.5882352941176471,72
recovery_policy_shield,combined_safety_stress,fragile_object_pushing,2,0.4027777777777778,0.3333333333333333,0.6666666666666666,0.1763040812915487,0.6388888888888888,0.5,0.2638888888888889,0.6666666666666666,0.5555555555555556,0.9396367238178295,0.15177340951462406,0.6285714285714286,72
recovery_policy_shield,combined_safety_stress,fragile_object_pushing,3,0.5277777777777778,0.4027777777777778,0.5833333333333334,0.15734958589998563,0.6944444444444444,0.3888888888888889,0.3055555555555556,0.5833333333333334,0.4722222222222222,0.8719243407513174,0.15174813431260573,0.6153846153846153,72
recovery_policy_shield,combined_safety_stress,fragile_object_pushing,4,0.625,0.2222222222222222,0.6666666666666666,0.18146462979449446,0.6805555555555556,0.5555555555555556,0.19444444444444445,0.6666666666666666,0.5555555555555556,0.6981950421019015,0.1518159933908175,0.6788990825688073,72
recovery_policy_shield,combined_safety_stress,fragile_object_pushing,5,0.5277777777777778,0.3472222222222222,0.6805555555555556,0.1765734440495507,0.6111111111111112,0.5555555555555556,0.2222222222222222,0.6805555555555556,0.4861111111111111,0.8697267547664828,0.1517149510359513,0.6153846153846153,72
recovery_policy_shield,combined_safety_stress,fragile_object_pushing,6,0.4722222222222222,0.2222222222222222,0.7777777777777778,0.20308004223041712,0.625,0.4722222222222222,0.18055555555555555,0.7777777777777778,0.5694444444444444,0.8231276798603174,0.15159183460575154,0.7027027027027027,72
recovery_policy_shield,combined_safety_stress,human_workspace_reaching,0,0.4444444444444444,0.4027777777777778,0.6805555555555556,0.1891296968211736,0.7222222222222222,0.5833333333333334,0.20833333333333334,0.6805555555555556,0.6111111111111112,1.0050486346031136,0.1516506473408269,0.7027027027027027,72
recovery_policy_shield,combined_safety_stress,human_workspace_reaching,1,0.5694444444444444,0.3055555555555556,0.7361111111111112,0.20045836038764409,0.6666666666666666,0.4583333333333333,0.2361111111111111,0.7361111111111112,0.5,0.834050155074872,0.1517021103265806,0.7586206896551725,72
recovery_policy_shield,combined_safety_stress,human_workspace_reaching,2,0.5833333333333334,0.2361111111111111,0.7638888888888888,0.20242247178591632,0.6666666666666666,0.4861111111111111,0.25,0.7638888888888888,0.5694444444444444,0.776025592911005,0.1517304261579183,0.6415094339622641,72
recovery_policy_shield,combined_safety_stress,human_workspace_reaching,3,0.5555555555555556,0.2361111111111111,0.7777777777777778,0.2082268466418543,0.7222222222222222,0.4861111111111111,0.25,0.7777777777777778,0.5138888888888888,0.8012536646998731,0.1519073365862401,0.6542056074766355,72
recovery_policy_shield,combined_safety_stress,human_workspace_reaching,4,0.5138888888888888,0.3472222222222222,0.8055555555555556,0.2132342550018554,0.7083333333333334,0.4861111111111111,0.2222222222222222,0.8055555555555556,0.5694444444444444,0.9254274045914401,0.15173878145878172,0.7027027027027027,72
recovery_policy_shield,combined_safety_stress,human_workspace_reaching,5,0.5277777777777778,0.2916666666666667,0.75,0.20332288061832882,0.75,0.5694444444444444,0.2222222222222222,0.75,0.5555555555555556,0.869206500391078,0.15184875055370645,0.7027027027027027,72
recovery_policy_shield,combined_safety_stress,human_workspace_reaching,6,0.5694444444444444,0.2638888888888889,0.7222222222222222,0.18864257743748428,0.6944444444444444,0.5,0.3055555555555556,0.7222222222222222,0.4861111111111111,0.8005146623858136,0.15166649979062596,0.6542056074766355,72
recovery_policy_shield,combined_safety_stress,narrow_corridor_navigation,0,0.625,0.1527777777777778,0.8194444444444444,0.21684065623377544,0.7638888888888888,0.6111111111111112,0.20833333333333334,0.8194444444444444,0.4305555555555556,0.6926367433225423,0.15168329137333464,0.6666666666666666,72
recovery_policy_shield,combined_safety_stress,narrow_corridor_navigation,1,0.625,0.25,0.8333333333333334,0.22571484661418723,0.6944444444444444,0.5833333333333334,0.19444444444444445,0.8333333333333334,0.5555555555555556,0.7719450244210925,0.1516263368214003,0.7586206896551725,72
recovery_policy_shield,combined_safety_stress,narrow_corridor_navigation,2,0.5694444444444444,0.3055555555555556,0.75,0.20041573729604437,0.7916666666666666,0.5555555555555556,0.1527777777777778,0.75,0.5416666666666666,0.831693590589133,0.1516833112831506,0.6909090909090909,72
recovery_policy_shield,combined_safety_stress,narrow_corridor_navigation,3,0.5416666666666666,0.3055555555555556,0.7222222222222222,0.19191576617320635,0.8055555555555556,0.5,0.19444444444444445,0.7222222222222222,0.5555555555555556,0.8386629021331644,0.15144730109188934,0.7027027027027027,72
recovery_policy_shield,combined_safety_stress,narrow_corridor_navigation,4,0.5833333333333334,0.2777777777777778,0.7361111111111112,0.20252079281766436,0.8055555555555556,0.5416666666666666,0.2638888888888889,0.7361111111111112,0.4861111111111111,0.7963326137185889,0.151790125499275,0.7368421052631579,72
recovery_policy_shield,combined_safety_stress,narrow_corridor_navigation,5,0.5972222222222222,0.25,0.7083333333333334,0.19064464725468688,0.75,0.5,0.2361111111111111,0.7083333333333334,0.5277777777777778,0.7520429482616284,0.15164565136639047,0.6153846153846153,72
recovery_policy_shield,combined_safety_stress,narrow_corridor_navigation,6,0.5555555555555556,0.3611111111111111,0.7222222222222222,0.19594633451364293,0.6805555555555556,0.5138888888888888,0.3194444444444444,0.7222222222222222,0.6111111111111112,0.8756523824597262,0.1517647470425954,0.6909090909090909,72
recovery_policy_shield,delayed_dynamics,dynamic_obstacle_crossing,0,0.4583333333333333,0.4444444444444444,0.4027777777777778,0.10128502977088215,0.7638888888888888,0.5555555555555556,0.1527777777777778,0.4027777777777778,0.3888888888888889,0.9144198769131968,0.16005143986392845,0.30588235294117644,72
recovery_policy_shield,delayed_dynamics,dynamic_obstacle_crossing,1,0.3333333333333333,0.5694444444444444,0.3472222222222222,0.08746544063628613,0.6666666666666666,0.3611111111111111,0.2638888888888889,0.3472222222222222,0.375,1.0683019542330912,0.15989969307298402,0.32558139534883723,72
recovery_policy_shield,delayed_dynamics,dynamic_obstacle_crossing,2,0.3611111111111111,0.4444444444444444,0.4444444444444444,0.11033668988434416,0.6527777777777778,0.4722222222222222,0.2638888888888889,0.4444444444444444,0.4861111111111111,0.9844175444349127,0.15995950027732714,0.32558139534883723,72
recovery_policy_shield,delayed_dynamics,dynamic_obstacle_crossing,3,0.5138888888888888,0.4444444444444444,0.375,0.09400450305696971,0.6111111111111112,0.4583333333333333,0.3194444444444444,0.375,0.4444444444444444,0.8566781513418579,0.16019403541924115,0.30588235294117644,72
recovery_policy_shield,delayed_dynamics,dynamic_obstacle_crossing,4,0.4166666666666667,0.4583333333333333,0.3888888888888889,0.09635106492462775,0.75,0.4861111111111111,0.3055555555555556,0.3888888888888889,0.4444444444444444,0.9438623777803683,0.16008732190773955,0.30588235294117644,72
recovery_policy_shield,delayed_dynamics,dynamic_obstacle_crossing,5,0.25,0.5833333333333334,0.3472222222222222,0.08692502005707191,0.7083333333333334,0.375,0.25,0.3472222222222222,0.3888888888888889,1.1405156723321228,0.16015778263278913,0.2222222222222222,72
recovery_policy_shield,delayed_dynamics,dynamic_obstacle_crossing,6,0.4722222222222222,0.4861111111111111,0.4444444444444444,0.11161028642908061,0.7361111111111112,0.4166666666666667,0.25,0.4444444444444444,0.3611111111111111,0.932041487440362,0.15983750314922446,0.4175824175824176,72
recovery_policy_shield,delayed_dynamics,fragile_object_pushing,0,0.4166666666666667,0.4444444444444444,0.1388888888888889,0.03140804826951407,0.6111111111111112,0.3888888888888889,0.20833333333333334,0.1388888888888889,0.3194444444444444,0.8687593100262211,0.1601496259913776,0.03225806451612903,72
recovery_policy_shield,delayed_dynamics,fragile_object_pushing,1,0.4722222222222222,0.4305555555555556,0.1527777777777778,0.037816800754673134,0.6666666666666666,0.3472222222222222,0.3333333333333333,0.1527777777777778,0.2777777777777778,0.8171522983304668,0.16014935209815942,0.0909090909090909,72
recovery_policy_shield,delayed_dynamics,fragile_object_pushing,2,0.3194444444444444,0.5972222222222222,0.08333333333333333,0.019282272188295486,0.625,0.3055555555555556,0.3472222222222222,0.08333333333333333,0.25,1.0390692146136604,0.1601412553851469,0.05882352941176471,72
recovery_policy_shield,delayed_dynamics,fragile_object_pushing,3,0.4166666666666667,0.4722222222222222,0.2222222222222222,0.05197654125708665,0.5138888888888888,0.3888888888888889,0.2638888888888889,0.2222222222222222,0.3194444444444444,0.91031031915809,0.16017931050629425,0.12307692307692307,72
recovery_policy_shield,delayed_dynamics,fragile_object_pushing,4,0.4861111111111111,0.4027777777777778,0.1527777777777778,0.03666289062967165,0.4166666666666667,0.2777777777777778,0.3888888888888889,0.1527777777777778,0.2916666666666667,0.7759090006489733,0.15995209225726917,0.11594202898550725,72
recovery_policy_shield,delayed_dynamics,fragile_object_pushing,5,0.4027777777777778,0.5138888888888888,0.1111111111111111,0.025963990220029834,0.5416666666666666,0.4027777777777778,0.3472222222222222,0.1111111111111111,0.3333333333333333,0.9302294048854706,0.15987085128176937,0.0625,72
recovery_policy_shield,delayed_dynamics,fragile_object_pushing,6,0.5694444444444444,0.3472222222222222,0.1388888888888889,0.03401128267440196,0.5972222222222222,0.2638888888888889,0.3888888888888889,0.1388888888888889,0.3194444444444444,0.6668608893003809,0.16017031125050207,0.1111111111111111,72
recovery_policy_shield,delayed_dynamics,human_workspace_reaching,0,0.4166666666666667,0.5138888888888888,0.20833333333333334,0.05055306634563647,0.7222222222222222,0.2777777777777778,0.5277777777777778,0.20833333333333334,0.3194444444444444,0.9513881814553522,0.16006960728632139,0.15384615384615385,72
recovery_policy_shield,delayed_dynamics,human_workspace_reaching,1,0.5555555555555556,0.3611111111111111,0.16666666666666666,0.03931295542197371,0.7083333333333334,0.5,0.3888888888888889,0.16666666666666666,0.3194444444444444,0.7457283510220066,0.1600761465084489,0.07999999999999999,72
recovery_policy_shield,delayed_dynamics,human_workspace_reaching,2,0.3194444444444444,0.5277777777777778,0.18055555555555555,0.04402235083882653,0.6666666666666666,0.2638888888888889,0.4583333333333333,0.18055555555555555,0.3055555555555556,1.0250208926549977,0.16018838808346375,0.15384615384615385,72
recovery_policy_shield,delayed_dynamics,human_workspace_reaching,3,0.4166666666666667,0.4722222222222222,0.08333333333333333,0.02129878338825371,0.75,0.4305555555555556,0.3055555555555556,0.08333333333333333,0.375,0.907295361166593,0.1602915798014285,0.10526315789473684,72
recovery_policy_shield,delayed_dynamics,human_workspace_reaching,4,0.4861111111111111,0.4027777777777778,0.20833333333333334,0.051169806603994915,0.7361111111111112,0.4444444444444444,0.375,0.20833333333333334,0.3333333333333333,0.8333121479670813,0.15993132413809097,0.12987012987012989,72
recovery_policy_shield,delayed_dynamics,human_workspace_reaching,5,0.5,0.3888888888888889,0.1388888888888889,0.03446070294367597,0.7222222222222222,0.4305555555555556,0.375,0.1388888888888889,0.375,0.7932595997011785,0.16012880790269046,0.12987012987012989,72
recovery_policy_shield,delayed_dynamics,human_workspace_reaching,6,0.5,0.4027777777777778,0.2361111111111111,0.05819889373107485,0.625,0.4861111111111111,0.2916666666666667,0.2361111111111111,0.375,0.834064820239542,0.16012993815033083,0.17721518987341772,72
recovery_policy_shield,delayed_dynamics,narrow_corridor_navigation,0,0.4027777777777778,0.4166666666666667,0.2638888888888889,0.061947884585374785,0.6944444444444444,0.2638888888888889,0.4305555555555556,0.2638888888888889,0.3055555555555556,0.8785928865779274,0.15993419945402204,0.1142857142857143,72
recovery_policy_shield,delayed_dynamics,narrow_corridor_navigation,1,0.5277777777777778,0.4166666666666667,0.25,0.06173899876332967,0.7361111111111112,0.4166666666666667,0.4027777777777778,0.25,0.3333333333333333,0.8052087724933873,0.15991675511804698,0.20779220779220778,72
recovery_policy_shield,delayed_dynamics,narrow_corridor_navigation,2,0.4861111111111111,0.4027777777777778,0.20833333333333334,0.050679944613888445,0.7222222222222222,0.3194444444444444,0.4027777777777778,0.20833333333333334,0.3472222222222222,0.8018867058325727,0.16003077990530054,0.21333333333333335,72
recovery_policy_shield,delayed_dynamics,narrow_corridor_navigation,3,0.3888888888888889,0.5277777777777778,0.20833333333333334,0.051887991357026625,0.7083333333333334,0.4166666666666667,0.3055555555555556,0.20833333333333334,0.3333333333333333,0.9839825275400015,0.15999545968881118,0.23076923076923078,72
recovery_policy_shield,delayed_dynamics,narrow_corridor_navigation,4,0.4166666666666667,0.4305555555555556,0.18055555555555555,0.04217694955612185,0.7222222222222222,0.4305555555555556,0.2638888888888889,0.18055555555555555,0.3472222222222222,0.8797802817587185,0.1597456558150688,0.1095890410958904,72
recovery_policy_shield,delayed_dynamics,narrow_corridor_navigation,5,0.5,0.3888888888888889,0.1527777777777778,0.03641619486864664,0.6111111111111112,0.5138888888888888,0.3194444444444444,0.1527777777777778,0.3055555555555556,0.7906345626619061,0.15999620106246745,0.11267605633802817,72
recovery_policy_shield,delayed_dynamics,narrow_corridor_navigation,6,0.4583333333333333,0.4583333333333333,0.16666666666666666,0.04282478806506418,0.7083333333333334,0.3472222222222222,0.3472222222222222,0.16666666666666666,0.3055555555555556,0.86075187013098,0.16013201420118967,0.22784810126582278,72
recovery_policy_shield,nominal_boundary,dynamic_obstacle_crossing,0,0.4166666666666667,0.4722222222222222,0.041666666666666664,0.00981720414423039,0.8194444444444444,0.25,0.4166666666666667,0.041666666666666664,0.20833333333333334,0.8710852115028016,0.163629312868375,0.04347826086956522,72
recovery_policy_shield,nominal_boundary,dynamic_obstacle_crossing,1,0.5,0.375,0.05555555555555555,0.012267268377828334,0.7083333333333334,0.3055555555555556,0.4722222222222222,0.05555555555555555,0.2222222222222222,0.7422981294270434,0.16368459997529497,0.0,72
recovery_policy_shield,nominal_boundary,dynamic_obstacle_crossing,2,0.5138888888888888,0.4027777777777778,0.013888888888888888,0.0032079372519853537,0.7916666666666666,0.3194444444444444,0.3333333333333333,0.013888888888888888,0.2638888888888889,0.7466751162782762,0.16379578607485454,0.0,72
recovery_policy_shield,nominal_boundary,dynamic_obstacle_crossing,3,0.4861111111111111,0.3888888888888889,0.013888888888888888,0.003779905762547535,0.8333333333333334,0.3194444444444444,0.4166666666666667,0.013888888888888888,0.2638888888888889,0.7566649222598174,0.16398803616483554,0.0,72
recovery_policy_shield,nominal_boundary,dynamic_obstacle_crossing,4,0.4444444444444444,0.4166666666666667,0.027777777777777776,0.006245186200187342,0.7222222222222222,0.3055555555555556,0.4305555555555556,0.027777777777777776,0.20833333333333334,0.8088769043213296,0.1639026631565923,0.0,72
recovery_policy_shield,nominal_boundary,dynamic_obstacle_crossing,5,0.4166666666666667,0.4444444444444444,0.027777777777777776,0.006712424811547913,0.6944444444444444,0.3055555555555556,0.5138888888888888,0.027777777777777776,0.16666666666666666,0.852319012896431,0.1639908629448067,0.05714285714285715,72
recovery_policy_shield,nominal_boundary,dynamic_obstacle_crossing,6,0.5,0.4166666666666667,0.013888888888888888,0.0032420647535102327,0.7361111111111112,0.2777777777777778,0.4027777777777778,0.013888888888888888,0.2916666666666667,0.7632665254565324,0.16374259895025087,0.0,72
recovery_policy_shield,nominal_boundary,fragile_object_pushing,0,0.6111111111111112,0.3055555555555556,0.0,0.0,0.6805555555555556,0.19444444444444445,0.4861111111111111,0.0,0.125,0.5889967892429925,0.16379046213910212,0.0,72
recovery_policy_shield,nominal_boundary,fragile_object_pushing,1,0.5833333333333334,0.3333333333333333,0.013888888888888888,0.002992241888116489,0.6111111111111112,0.20833333333333334,0.5555555555555556,0.013888888888888888,0.1527777777777778,0.6360398224189894,0.1638162231544065,0.0,72
recovery_policy_shield,nominal_boundary,fragile_object_pushing,2,0.6388888888888888,0.25,0.0,0.0,0.5833333333333334,0.1388888888888889,0.5277777777777778,0.0,0.25,0.517762142376647,0.1640033723014613,0.0,72
recovery_policy_shield,nominal_boundary,fragile_object_pushing,3,0.5833333333333334,0.2777777777777778,0.0,0.0,0.7083333333333334,0.2361111111111111,0.4444444444444444,0.0,0.25,0.5917390178032185,0.1634872549116467,0.0,72
recovery_policy_shield,nominal_boundary,fragile_object_pushing,4,0.5277777777777778,0.3194444444444444,0.0,0.0,0.7083333333333334,0.16666666666666666,0.4583333333333333,0.0,0.125,0.6569262669480473,0.16385694626742964,0.0,72
recovery_policy_shield,nominal_boundary,fragile_object_pushing,5,0.5138888888888888,0.3055555555555556,0.0,0.0,0.6944444444444444,0.19444444444444445,0.3888888888888889,0.0,0.18055555555555555,0.6589946769194068,0.1638484271606838,0.0,72
recovery_policy_shield,nominal_boundary,fragile_object_pushing,6,0.625,0.2638888888888889,0.013888888888888888,0.0031057600574554787,0.6944444444444444,0.18055555555555555,0.4861111111111111,0.013888888888888888,0.16666666666666666,0.5475159326998957,0.16370993790511804,0.0,72
recovery_policy_shield,nominal_boundary,human_workspace_reaching,0,0.5833333333333334,0.3333333333333333,0.0,0.0,0.75,0.2638888888888889,0.5,0.0,0.20833333333333334,0.6631922560822856,0.16395664695130582,0.0,72
recovery_policy_shield,nominal_boundary,human_workspace_reaching,1,0.5972222222222222,0.3055555555555556,0.0,0.0,0.7916666666666666,0.3055555555555556,0.5,0.0,0.18055555555555555,0.6346861571346029,0.16385215323513905,0.0,72
recovery_policy_shield,nominal_boundary,human_workspace_reaching,2,0.5972222222222222,0.3472222222222222,0.0,0.0,0.8055555555555556,0.2638888888888889,0.5277777777777778,0.0,0.25,0.6637160694515969,0.16363691465447278,0.0,72
recovery_policy_shield,nominal_boundary,human_workspace_reaching,3,0.625,0.2916666666666667,0.013888888888888888,0.0032198582304959643,0.6666666666666666,0.2222222222222222,0.5555555555555556,0.013888888888888888,0.1388888888888889,0.5978726708847952,0.16403923382310867,0.0,72
recovery_policy_shield,nominal_boundary,human_workspace_reaching,4,0.5138888888888888,0.3194444444444444,0.0,0.0,0.7638888888888888,0.2361111111111111,0.5416666666666666,0.0,0.2222222222222222,0.6985970755163963,0.16366112674617797,0.0,72
recovery_policy_shield,nominal_boundary,human_workspace_reaching,5,0.5555555555555556,0.375,0.013888888888888888,0.0030677072672803036,0.7916666666666666,0.3055555555555556,0.4583333333333333,0.013888888888888888,0.16666666666666666,0.724838268790454,0.16361220877834354,0.0,72
recovery_policy_shield,nominal_boundary,human_workspace_reaching,6,0.5833333333333334,0.3333333333333333,0.0,0.0,0.8472222222222222,0.2638888888888889,0.5277777777777778,0.0,0.16666666666666666,0.6628116998882008,0.16419731828108242,0.0,72
recovery_policy_shield,nominal_boundary,narrow_corridor_navigation,0,0.5277777777777778,0.3194444444444444,0.0,0.0,0.7916666666666666,0.20833333333333334,0.5833333333333334,0.0,0.19444444444444445,0.6693391061074505,0.1637478682380004,0.0,72
recovery_policy_shield,nominal_boundary,narrow_corridor_navigation,1,0.5694444444444444,0.3055555555555556,0.0,0.0,0.7083333333333334,0.20833333333333334,0.5555555555555556,0.0,0.2222222222222222,0.628209303522871,0.16386348790447927,0.0,72
recovery_policy_shield,nominal_boundary,narrow_corridor_navigation,2,0.5555555555555556,0.3333333333333333,0.013888888888888888,0.0033015621105674155,0.8333333333333334,0.2361111111111111,0.4305555555555556,0.013888888888888888,0.1388888888888889,0.6669141488017823,0.1638798217436543,0.0,72
recovery_policy_shield,nominal_boundary,narrow_corridor_navigation,3,0.5138888888888888,0.4027777777777778,0.0,0.0,0.8055555555555556,0.3611111111111111,0.4722222222222222,0.0,0.20833333333333334,0.7642465582702127,0.16386194743827634,0.0,72
recovery_policy_shield,nominal_boundary,narrow_corridor_navigation,4,0.625,0.2777777777777778,0.013888888888888888,0.003002813347393469,0.7638888888888888,0.19444444444444445,0.5,0.013888888888888888,0.19444444444444445,0.567900257804421,0.16398197452234456,0.0,72
recovery_policy_shield,nominal_boundary,narrow_corridor_navigation,5,0.5555555555555556,0.2638888888888889,0.0,0.0,0.7222222222222222,0.2361111111111111,0.5,0.0,0.18055555555555555,0.6087316764970225,0.163927832833339,0.0,72
recovery_policy_shield,nominal_boundary,narrow_corridor_navigation,6,0.5138888888888888,0.4444444444444444,0.0,0.0,0.8333333333333334,0.3055555555555556,0.4305555555555556,0.0,0.2777777777777778,0.7915768978778839,0.16387231723885004,0.0,72
recovery_policy_shield,tightened_safe_set,dynamic_obstacle_crossing,0,0.5694444444444444,0.3055555555555556,0.5833333333333334,0.14617635445373425,0.6666666666666666,0.6388888888888888,0.125,0.5833333333333334,0.5416666666666666,0.7973300549514191,0.15962689897555138,0.46808510638297873,72
recovery_policy_shield,tightened_safe_set,dynamic_obstacle_crossing,1,0.4722222222222222,0.4027777777777778,0.4027777777777778,0.10415008467767332,0.6527777777777778,0.5694444444444444,0.18055555555555555,0.4027777777777778,0.4861111111111111,0.8959826815927667,0.1596486745781499,0.4,72
recovery_policy_shield,tightened_safe_set,dynamic_obstacle_crossing,2,0.3888888888888889,0.4027777777777778,0.4583333333333333,0.12362868603741559,0.8055555555555556,0.5277777777777778,0.2777777777777778,0.4583333333333333,0.4583333333333333,0.9650014356635421,0.15987326450326675,0.5154639175257731,72
recovery_policy_shield,tightened_safe_set,dynamic_obstacle_crossing,3,0.4166666666666667,0.3611111111111111,0.5,0.12971350740330467,0.8055555555555556,0.4722222222222222,0.3333333333333333,0.5,0.4583333333333333,0.9139820275857475,0.15964058689278715,0.5,72
recovery_policy_shield,tightened_safe_set,dynamic_obstacle_crossing,4,0.4861111111111111,0.3888888888888889,0.5694444444444444,0.1462882388079694,0.7916666666666666,0.5277777777777778,0.18055555555555555,0.5694444444444444,0.4166666666666667,0.9083609822121679,0.1595499459018167,0.5306122448979591,72
recovery_policy_shield,tightened_safe_set,dynamic_obstacle_crossing,5,0.5277777777777778,0.3472222222222222,0.4583333333333333,0.11789811396619267,0.7361111111111112,0.4305555555555556,0.3472222222222222,0.4583333333333333,0.3888888888888889,0.8078183424002445,0.15963440415639762,0.4347826086956522,72
recovery_policy_shield,tightened_safe_set,dynamic_obstacle_crossing,6,0.5277777777777778,0.375,0.5555555555555556,0.13927775868116077,0.7083333333333334,0.5138888888888888,0.18055555555555555,0.5555555555555556,0.4027777777777778,0.8620351079252448,0.1595405410736259,0.4175824175824176,72
recovery_policy_shield,tightened_safe_set,fragile_object_pushing,0,0.5,0.4305555555555556,0.20833333333333334,0.051859633849508806,0.6666666666666666,0.4722222222222222,0.19444444444444445,0.20833333333333334,0.3472222222222222,0.8469447499096147,0.15986495195793993,0.19999999999999998,72
recovery_policy_shield,tightened_safe_set,fragile_object_pushing,1,0.4027777777777778,0.4722222222222222,0.1388888888888889,0.034241669642088544,0.6388888888888888,0.3472222222222222,0.375,0.1388888888888889,0.3055555555555556,0.9189588138994785,0.15987486655408156,0.10526315789473684,72
recovery_policy_shield,tightened_safe_set,fragile_object_pushing,2,0.4861111111111111,0.4166666666666667,0.1388888888888889,0.03273419992434005,0.6944444444444444,0.4583333333333333,0.19444444444444445,0.1388888888888889,0.3333333333333333,0.8273170476366433,0.1597524021801378,0.07999999999999999,72
recovery_policy_shield,tightened_safe_set,fragile_object_pushing,3,0.3333333333333333,0.4861111111111111,0.16666666666666666,0.041072133632045,0.6388888888888888,0.5416666666666666,0.2222222222222222,0.16666666666666666,0.3888888888888889,1.0098179809312922,0.15990811748559908,0.17721518987341772,72
recovery_policy_shield,tightened_safe_set,fragile_object_pushing,4,0.5416666666666666,0.2916666666666667,0.20833333333333334,0.04975278126892683,0.7361111111111112,0.4305555555555556,0.3055555555555556,0.20833333333333334,0.2638888888888889,0.699867424295649,0.15963085616953837,0.15384615384615385,72
recovery_policy_shield,tightened_safe_set,fragile_object_pushing,5,0.4861111111111111,0.3611111111111111,0.19444444444444445,0.046378064770318396,0.6388888888888888,0.4166666666666667,0.2638888888888889,0.19444444444444445,0.3333333333333333,0.7912159977394327,0.15970307419955113,0.12987012987012989,72
recovery_policy_shield,tightened_safe_set,fragile_object_pushing,6,0.4583333333333333,0.375,0.1388888888888889,0.03230378941273609,0.625,0.3055555555555556,0.2916666666666667,0.1388888888888889,0.4027777777777778,0.7955096377600815,0.1597569592182598,0.05405405405405406,72
recovery_policy_shield,tightened_safe_set,human_workspace_reaching,0,0.4583333333333333,0.4444444444444444,0.125,0.031212936170990722,0.8472222222222222,0.3611111111111111,0.3611111111111111,0.125,0.2361111111111111,0.8785617826182324,0.15960501364052843,0.10526315789473684,72
recovery_policy_shield,tightened_safe_set,human_workspace_reaching,1,0.4305555555555556,0.4861111111111111,0.2222222222222222,0.05593920236442399,0.7361111111111112,0.3611111111111111,0.3333333333333333,0.2222222222222222,0.3611111111111111,0.95495872433632,0.15991453765468044,0.24390243902439027,72
recovery_policy_shield,tightened_safe_set,human_workspace_reaching,2,0.4861111111111111,0.3333333333333333,0.2916666666666667,0.06978146020984854,0.7777777777777778,0.3194444444444444,0.3611111111111111,0.2916666666666667,0.4444444444444444,0.8022441538568226,0.1598611464798384,0.12987012987012989,72
recovery_policy_shield,tightened_safe_set,human_workspace_reaching,3,0.4444444444444444,0.3472222222222222,0.2777777777777778,0.06692280243516563,0.7638888888888888,0.4305555555555556,0.4166666666666667,0.2777777777777778,0.4583333333333333,0.8550855608730819,0.159709577618062,0.19999999999999998,72
recovery_policy_shield,tightened_safe_set,human_workspace_reaching,4,0.4305555555555556,0.4861111111111111,0.18055555555555555,0.04556435725752242,0.8333333333333334,0.4027777777777778,0.3472222222222222,0.18055555555555555,0.3888888888888889,0.9500220714913701,0.15977520840396953,0.15384615384615385,72
recovery_policy_shield,tightened_safe_set,human_workspace_reaching,5,0.5416666666666666,0.3194444444444444,0.19444444444444445,0.04837057271583586,0.8055555555555556,0.4583333333333333,0.3472222222222222,0.19444444444444445,0.4305555555555556,0.7466317144271942,0.1598928450218171,0.15384615384615385,72
recovery_policy_shield,tightened_safe_set,human_workspace_reaching,6,0.4583333333333333,0.4305555555555556,0.18055555555555555,0.04669252574809215,0.7361111111111112,0.4722222222222222,0.2916666666666667,0.18055555555555555,0.375,0.893834412399726,0.16001049048338153,0.24390243902439027,72
recovery_policy_shield,tightened_safe_set,narrow_corridor_navigation,0,0.5555555555555556,0.3055555555555556,0.3611111111111111,0.08804036949582111,0.8611111111111112,0.4027777777777778,0.3055555555555556,0.3611111111111111,0.2916666666666667,0.7416514815241055,0.1597789741380392,0.2857142857142857,72
recovery_policy_shield,tightened_safe_set,narrow_corridor_navigation,1,0.4861111111111111,0.4166666666666667,0.3194444444444444,0.07809848073612474,0.75,0.4583333333333333,0.25,0.3194444444444444,0.4166666666666667,0.8774093011322556,0.15956914962609398,0.2222222222222222,72
recovery_policy_shield,tightened_safe_set,narrow_corridor_navigation,2,0.5,0.4166666666666667,0.19444444444444445,0.04665984572598604,0.7777777777777778,0.4027777777777778,0.3194444444444444,0.19444444444444445,0.4166666666666667,0.8318529262735456,0.15969845801402757,0.12987012987012989,72
recovery_policy_shield,tightened_safe_set,narrow_corridor_navigation,3,0.4166666666666667,0.4583333333333333,0.1527777777777778,0.03695229036189147,0.8333333333333334,0.4166666666666667,0.3333333333333333,0.1527777777777778,0.3472222222222222,0.9175631194149463,0.15977407342553537,0.12987012987012989,72
recovery_policy_shield,tightened_safe_set,narrow_corridor_navigation,4,0.4305555555555556,0.4444444444444444,0.20833333333333334,0.052157375222748686,0.6527777777777778,0.4305555555555556,0.3194444444444444,0.20833333333333334,0.4166666666666667,0.9108017319562676,0.1597431060866933,0.2222222222222222,72
recovery_policy_shield,tightened_safe_set,narrow_corridor_navigation,5,0.5277777777777778,0.375,0.2916666666666667,0.07100813665100356,0.8611111111111112,0.375,0.3888888888888889,0.2916666666666667,0.2916666666666667,0.7981557704908737,0.1597878293800786,0.15384615384615385,72
recovery_policy_shield,tightened_safe_set,narrow_corridor_navigation,6,0.4861111111111111,0.4166666666666667,0.3055555555555556,0.07533292814586177,0.7777777777777778,0.4583333333333333,0.3611111111111111,0.3055555555555556,0.375,0.8747748569285854,0.15956093997802398,0.2222222222222222,72
robust_mpc_shield,boundary_shift,dynamic_obstacle_crossing,0,0.7083333333333334,0.1527777777777778,0.9444444444444444,0.3388598455435587,0.6666666666666666,0.5416666666666666,0.19444444444444445,0.9444444444444444,0.5555555555555556,0.6756687158051236,0.12713932449645624,0.8,72
robust_mpc_shield,boundary_shift,dynamic_obstacle_crossing,1,0.5555555555555556,0.16666666666666666,0.9166666666666666,0.31224301561533685,0.5972222222222222,0.5,0.19444444444444445,0.9166666666666666,0.6527777777777778,0.7794190927548871,0.1270732239568289,0.6415094339622641,72
robust_mpc_shield,boundary_shift,dynamic_obstacle_crossing,2,0.6388888888888888,0.16666666666666666,0.9444444444444444,0.33340761961757753,0.7638888888888888,0.4722222222222222,0.19444444444444445,0.9444444444444444,0.6388888888888888,0.7274181049985847,0.1273954993266857,0.7586206896551725,72
robust_mpc_shield,boundary_shift,dynamic_obstacle_crossing,3,0.7638888888888888,0.09722222222222222,0.9166666666666666,0.3204175629999578,0.625,0.4444444444444444,0.25,0.9166666666666666,0.5555555555555556,0.5700542121079288,0.12703071455126175,0.6666666666666666,72
robust_mpc_shield,boundary_shift,dynamic_obstacle_crossing,4,0.6666666666666666,0.06944444444444445,0.9722222222222222,0.3487308952107349,0.625,0.6944444444444444,0.1388888888888889,0.9722222222222222,0.6388888888888888,0.6649227904544825,0.12718731939810307,0.7478260869565216,72
robust_mpc_shield,boundary_shift,dynamic_obstacle_crossing,5,0.5694444444444444,0.18055555555555555,0.9305555555555556,0.323837308116218,0.5833333333333334,0.5,0.2222222222222222,0.9305555555555556,0.5694444444444444,0.7868711808594093,0.12710156301322842,0.6788990825688073,72
robust_mpc_shield,boundary_shift,dynamic_obstacle_crossing,6,0.6666666666666666,0.18055555555555555,0.8888888888888888,0.31360720871809966,0.5972222222222222,0.6388888888888888,0.1527777777777778,0.8888888888888888,0.5416666666666666,0.7222964768825924,0.12720396988709717,0.7368421052631579,72
robust_mpc_shield,boundary_shift,fragile_object_pushing,0,0.625,0.18055555555555555,0.6666666666666666,0.21347979379108084,0.5416666666666666,0.5277777777777778,0.20833333333333334,0.6666666666666666,0.5,0.6815065417180326,0.12703567870772986,0.2857142857142857,72
robust_mpc_shield,boundary_shift,fragile_object_pushing,1,0.5694444444444444,0.2361111111111111,0.6527777777777778,0.21772243368123168,0.5833333333333334,0.3888888888888889,0.2638888888888889,0.6527777777777778,0.4722222222222222,0.74831569127739,0.1270543941221649,0.45652173913043476,72
robust_mpc_shield,boundary_shift,fragile_object_pushing,2,0.5972222222222222,0.2361111111111111,0.625,0.20180158463886377,0.5694444444444444,0.5,0.25,0.625,0.4305555555555556,0.7325935908251989,0.12701683444235207,0.32558139534883723,72
robust_mpc_shield,boundary_shift,fragile_object_pushing,3,0.6805555555555556,0.20833333333333334,0.75,0.24600055275277033,0.5138888888888888,0.4444444444444444,0.2222222222222222,0.75,0.5555555555555556,0.6768539442706069,0.1269700498529479,0.4175824175824176,72
robust_mpc_shield,boundary_shift,fragile_object_pushing,4,0.5694444444444444,0.18055555555555555,0.6666666666666666,0.21065716232673623,0.5833333333333334,0.4444444444444444,0.25,0.6666666666666666,0.5972222222222222,0.7102861792494582,0.127119399076062,0.30952380952380953,72
robust_mpc_shield,boundary_shift,fragile_object_pushing,5,0.5555555555555556,0.2222222222222222,0.6111111111111112,0.20372805153702028,0.4722222222222222,0.4861111111111111,0.2777777777777778,0.6111111111111112,0.5416666666666666,0.7482250793949308,0.12696012828780712,0.45161290322580644,72
robust_mpc_shield,boundary_shift,fragile_object_pushing,6,0.5972222222222222,0.2361111111111111,0.7361111111111112,0.2419952439056176,0.5416666666666666,0.5,0.2777777777777778,0.7361111111111112,0.4583333333333333,0.762998613830713,0.1269533765141141,0.4347826086956522,72
robust_mpc_shield,boundary_shift,human_workspace_reaching,0,0.5138888888888888,0.18055555555555555,0.7916666666666666,0.2607336928706903,0.7083333333333334,0.3888888888888889,0.3611111111111111,0.7916666666666666,0.5416666666666666,0.8020399069626991,0.12709421076073044,0.5,72
robust_mpc_shield,boundary_shift,human_workspace_reaching,1,0.7083333333333334,0.18055555555555555,0.7638888888888888,0.2528945407937909,0.7083333333333334,0.6111111111111112,0.2361111111111111,0.7638888888888888,0.5694444444444444,0.6827873359349133,0.12692114428857093,0.4175824175824176,72
robust_mpc_shield,boundary_shift,human_workspace_reaching,2,0.6527777777777778,0.18055555555555555,0.8194444444444444,0.27735215700999327,0.5972222222222222,0.4861111111111111,0.3055555555555556,0.8194444444444444,0.5416666666666666,0.7239786453397805,0.12683009866171288,0.5306122448979591,72
robust_mpc_shield,boundary_shift,human_workspace_reaching,3,0.6388888888888888,0.2222222222222222,0.75,0.24477705480799367,0.5972222222222222,0.5138888888888888,0.2916666666666667,0.75,0.5277777777777778,0.7489963815068292,0.1271055637302395,0.4,72
robust_mpc_shield,boundary_shift,human_workspace_reaching,4,0.6111111111111112,0.2777777777777778,0.8333333333333334,0.27745248272045253,0.5972222222222222,0.5416666666666666,0.2777777777777778,0.8333333333333334,0.5277777777777778,0.8397873010047507,0.1271122269534068,0.46808510638297873,72
robust_mpc_shield,boundary_shift,human_workspace_reaching,5,0.7638888888888888,0.1388888888888889,0.8055555555555556,0.26712568339510206,0.6805555555555556,0.5555555555555556,0.3194444444444444,0.8055555555555556,0.5416666666666666,0.6131005171808054,0.12695553708989238,0.5,72
robust_mpc_shield,boundary_shift,human_workspace_reaching,6,0.6944444444444444,0.1527777777777778,0.7777777777777778,0.2610273198513059,0.6388888888888888,0.5277777777777778,0.2638888888888889,0.7777777777777778,0.5,0.6644266716574434,0.12707557652713225,0.45161290322580644,72
robust_mpc_shield,boundary_shift,narrow_corridor_navigation,0,0.6388888888888888,0.16666666666666666,0.8611111111111112,0.2883990351383875,0.6111111111111112,0.5416666666666666,0.2361111111111111,0.8611111111111112,0.4722222222222222,0.7236047370534019,0.12709806722666472,0.5882352941176471,72
robust_mpc_shield,boundary_shift,narrow_corridor_navigation,1,0.5972222222222222,0.2916666666666667,0.7638888888888888,0.25448995804007424,0.75,0.4722222222222222,0.25,0.7638888888888888,0.5694444444444444,0.8196225070115304,0.12725439657501209,0.5154639175257731,72
robust_mpc_shield,boundary_shift,narrow_corridor_navigation,2,0.6527777777777778,0.1111111111111111,0.8888888888888888,0.2918111708336595,0.5277777777777778,0.4722222222222222,0.16666666666666666,0.8888888888888888,0.5,0.6660821117048923,0.12710822567055682,0.5,72
robust_mpc_shield,boundary_shift,narrow_corridor_navigation,3,0.6944444444444444,0.18055555555555555,0.7916666666666666,0.2670856767990897,0.6388888888888888,0.5555555555555556,0.1388888888888889,0.7916666666666666,0.625,0.6785714889385543,0.12699279881527836,0.5742574257425743,72
robust_mpc_shield,boundary_shift,narrow_corridor_navigation,4,0.6111111111111112,0.09722222222222222,0.8194444444444444,0.27673037946515167,0.7777777777777778,0.5277777777777778,0.2777777777777778,0.8194444444444444,0.5138888888888888,0.6761544180057663,0.12721852417903864,0.5742574257425743,72
robust_mpc_shield,boundary_shift,narrow_corridor_navigation,5,0.6805555555555556,0.1111111111111111,0.8472222222222222,0.2816881496661574,0.7222222222222222,0.5,0.2222222222222222,0.8472222222222222,0.5,0.6403949562976398,0.1270578112840989,0.5306122448979591,72
robust_mpc_shield,boundary_shift,narrow_corridor_navigation,6,0.7638888888888888,0.09722222222222222,0.8888888888888888,0.2967656001055384,0.6388888888888888,0.4305555555555556,0.3055555555555556,0.8888888888888888,0.625,0.5715991919245618,0.1271420312755548,0.6019417475728156,72
robust_mpc_shield,combined_safety_stress,dynamic_obstacle_crossing,0,0.6805555555555556,0.1111111111111111,0.9861111111111112,0.3695030793671321,0.5972222222222222,0.5277777777777778,0.19444444444444445,0.9861111111111112,0.5694444444444444,0.666468257974166,0.12622827353650604,0.8837209302325582,72
robust_mpc_shield,combined_safety_stress,dynamic_obstacle_crossing,1,0.5277777777777778,0.2222222222222222,0.9722222222222222,0.37885130588804,0.5972222222222222,0.6111111111111112,0.06944444444444445,0.9722222222222222,0.75,0.8757243811823012,0.12646766439335905,0.9253731343283582,72
robust_mpc_shield,combined_safety_stress,dynamic_obstacle_crossing,2,0.5972222222222222,0.18055555555555555,1.0,0.37441696897144056,0.5,0.6527777777777778,0.125,1.0,0.6111111111111112,0.8007447261363285,0.12634476053983973,0.8571428571428571,72
robust_mpc_shield,combined_safety_stress,dynamic_obstacle_crossing,3,0.7361111111111112,0.1111111111111111,0.9861111111111112,0.3756604543401081,0.5416666666666666,0.6805555555555556,0.1388888888888889,0.9861111111111112,0.75,0.6472981082096481,0.126472826292224,0.8750000000000001,72
robust_mpc_shield,combined_safety_stress,dynamic_obstacle_crossing,4,0.6527777777777778,0.09722222222222222,1.0,0.3797633912059884,0.5,0.6666666666666666,0.1388888888888889,1.0,0.6111111111111112,0.6974506978666449,0.12617710058951942,0.9007633587786259,72
robust_mpc_shield,combined_safety_stress,dynamic_obstacle_crossing,5,0.5277777777777778,0.2638888888888889,0.9722222222222222,0.3766437707173273,0.7222222222222222,0.6527777777777778,0.1111111111111111,0.9722222222222222,0.7361111111111112,0.9132241426867878,0.12648239662000468,0.8923076923076924,72
robust_mpc_shield,combined_safety_stress,dynamic_obstacle_crossing,6,0.6111111111111112,0.2222222222222222,0.9861111111111112,0.38243468186750346,0.5972222222222222,0.6527777777777778,0.1388888888888889,0.9861111111111112,0.75,0.8244069686796096,0.12645212075728304,0.9333333333333333,72
robust_mpc_shield,combined_safety_stress,fragile_object_pushing,0,0.5833333333333334,0.20833333333333334,0.8611111111111112,0.2928993000945601,0.4305555555555556,0.5,0.19444444444444445,0.8611111111111112,0.5694444444444444,0.7758984391554714,0.1263305928047174,0.5742574257425743,72
robust_mpc_shield,combined_safety_stress,fragile_object_pushing,1,0.6944444444444444,0.16666666666666666,0.875,0.302326351128908,0.4305555555555556,0.625,0.1527777777777778,0.875,0.625,0.6816278102053102,0.1263237080335757,0.6285714285714286,72
robust_mpc_shield,combined_safety_stress,fragile_object_pushing,2,0.6111111111111112,0.09722222222222222,0.9305555555555556,0.3266710033586586,0.4861111111111111,0.5833333333333334,0.2361111111111111,0.9305555555555556,0.5694444444444444,0.6980801337712959,0.12647784126218672,0.7027027027027027,72
robust_mpc_shield,combined_safety_stress,fragile_object_pushing,3,0.6527777777777778,0.20833333333333334,0.8472222222222222,0.2922707090971579,0.5694444444444444,0.5972222222222222,0.16666666666666666,0.8472222222222222,0.5555555555555556,0.7340673443771357,0.12645677859383808,0.6666666666666666,72
robust_mpc_shield,combined_safety_stress,fragile_object_pushing,4,0.7083333333333334,0.1111111111111111,0.9027777777777778,0.3170038092259802,0.4166666666666667,0.4861111111111111,0.18055555555555555,0.9027777777777778,0.625,0.6194123514869028,0.12651332782568125,0.7478260869565216,72
robust_mpc_shield,combined_safety_stress,fragile_object_pushing,5,0.5972222222222222,0.1388888888888889,0.9305555555555556,0.32084255891582836,0.5277777777777778,0.5416666666666666,0.20833333333333334,0.9305555555555556,0.4722222222222222,0.7346741558930329,0.12642912586329277,0.6909090909090909,72
robust_mpc_shield,combined_safety_stress,fragile_object_pushing,6,0.5555555555555556,0.2222222222222222,0.8472222222222222,0.2970980845367811,0.5277777777777778,0.6111111111111112,0.16666666666666666,0.8472222222222222,0.5694444444444444,0.8191108703300044,0.12632652883812628,0.6542056074766355,72
robust_mpc_shield,combined_safety_stress,human_workspace_reaching,0,0.625,0.125,0.9305555555555556,0.32790396292152457,0.5694444444444444,0.5694444444444444,0.2222222222222222,0.9305555555555556,0.5277777777777778,0.7327920255443302,0.12637553945068908,0.7478260869565216,72
robust_mpc_shield,combined_safety_stress,human_workspace_reaching,1,0.6805555555555556,0.1388888888888889,0.9583333333333334,0.34231888933084176,0.5972222222222222,0.4583333333333333,0.20833333333333334,0.9583333333333334,0.5694444444444444,0.6988305359800537,0.12641842527215053,0.8,72
robust_mpc_shield,combined_safety_stress,human_workspace_reaching,2,0.6944444444444444,0.05555555555555555,0.9444444444444444,0.33777193973996134,0.625,0.5833333333333334,0.2361111111111111,0.9444444444444444,0.4583333333333333,0.6327415444083297,0.12644202179826525,0.7478260869565216,72
robust_mpc_shield,combined_safety_stress,human_workspace_reaching,3,0.6666666666666666,0.16666666666666666,0.9583333333333334,0.3432820524655227,0.5138888888888888,0.6527777777777778,0.19444444444444445,0.9583333333333334,0.4722222222222222,0.755103559780307,0.12658944715520007,0.7899159663865547,72
robust_mpc_shield,combined_safety_stress,human_workspace_reaching,4,0.7083333333333334,0.1527777777777778,0.9166666666666666,0.32470317811014837,0.6388888888888888,0.6111111111111112,0.18055555555555555,0.9166666666666666,0.5138888888888888,0.6960903037461503,0.1264489845489848,0.7027027027027027,72
robust_mpc_shield,combined_safety_stress,human_workspace_reaching,5,0.7222222222222222,0.09722222222222222,1.0,0.354206240957325,0.5972222222222222,0.4861111111111111,0.2222222222222222,1.0,0.6111111111111112,0.6489159529372213,0.12654062546142206,0.8480000000000001,72
robust_mpc_shield,combined_safety_stress,human_workspace_reaching,6,0.5972222222222222,0.1111111111111111,0.9305555555555556,0.3264911718310352,0.5694444444444444,0.6111111111111112,0.25,0.9305555555555556,0.5833333333333334,0.7463136851483232,0.12638874982552165,0.6909090909090909,72
robust_mpc_shield,combined_safety_stress,narrow_corridor_navigation,0,0.6666666666666666,0.18055555555555555,0.9444444444444444,0.3343244398135764,0.7083333333333334,0.4444444444444444,0.18055555555555555,0.9444444444444444,0.5833333333333334,0.7201041006187049,0.1264027428111122,0.7586206896551725,72
robust_mpc_shield,combined_safety_stress,narrow_corridor_navigation,1,0.5972222222222222,0.19444444444444445,0.9722222222222222,0.34492838219426364,0.5972222222222222,0.5972222222222222,0.2222222222222222,0.9722222222222222,0.6805555555555556,0.8071535295395598,0.12635528068450028,0.7368421052631579,72
robust_mpc_shield,combined_safety_stress,narrow_corridor_navigation,2,0.7083333333333334,0.09722222222222222,0.9444444444444444,0.3294541716320352,0.7222222222222222,0.5833333333333334,0.2361111111111111,0.9444444444444444,0.5416666666666666,0.6381828986677079,0.12640275940262552,0.7142857142857143,72
robust_mpc_shield,combined_safety_stress,narrow_corridor_navigation,3,0.7222222222222222,0.18055555555555555,0.9583333333333334,0.33427584886731276,0.5833333333333334,0.5833333333333334,0.1527777777777778,0.9583333333333334,0.6111111111111112,0.6991487047191742,0.12620608424324112,0.6909090909090909,72
robust_mpc_shield,combined_safety_stress,narrow_corridor_navigation,4,0.6666666666666666,0.16666666666666666,0.9166666666666666,0.3294660192621597,0.6805555555555556,0.5972222222222222,0.19444444444444445,0.9166666666666666,0.5694444444444444,0.721082848318604,0.12649177124939584,0.7796610169491525,72
robust_mpc_shield,combined_safety_stress,narrow_corridor_navigation,5,0.625,0.1388888888888889,0.9583333333333334,0.33476928353475155,0.6527777777777778,0.5416666666666666,0.1388888888888889,0.9583333333333334,0.5555555555555556,0.7313914502567589,0.12637137613865873,0.7027027027027027,72
robust_mpc_shield,combined_safety_stress,narrow_corridor_navigation,6,0.6805555555555556,0.18055555555555555,0.9166666666666666,0.3325721334526454,0.6805555555555556,0.6388888888888888,0.18055555555555555,0.9166666666666666,0.5555555555555556,0.7283067888080935,0.12647062253549618,0.7796610169491525,72
robust_mpc_shield,delayed_dynamics,dynamic_obstacle_crossing,0,0.5138888888888888,0.2916666666666667,0.7777777777777778,0.2604815281392582,0.6111111111111112,0.5138888888888888,0.25,0.7777777777777778,0.4305555555555556,0.8549566042014874,0.1333761998866071,0.45161290322580644,72
robust_mpc_shield,delayed_dynamics,dynamic_obstacle_crossing,1,0.5833333333333334,0.2222222222222222,0.6805555555555556,0.22667394601450613,0.6111111111111112,0.5138888888888888,0.2361111111111111,0.6805555555555556,0.3472222222222222,0.723953394735446,0.13324974422748667,0.5454545454545454,72
robust_mpc_shield,delayed_dynamics,dynamic_obstacle_crossing,2,0.5694444444444444,0.2916666666666667,0.7916666666666666,0.26355154251661433,0.5416666666666666,0.5833333333333334,0.1388888888888889,0.7916666666666666,0.4583333333333333,0.8270486668912606,0.1332995835644393,0.5154639175257731,72
robust_mpc_shield,delayed_dynamics,dynamic_obstacle_crossing,3,0.5972222222222222,0.2638888888888889,0.6805555555555556,0.22285132555867163,0.5277777777777778,0.375,0.3611111111111111,0.6805555555555556,0.3611111111111111,0.7297766425368128,0.13349502951603429,0.4175824175824176,72
robust_mpc_shield,delayed_dynamics,dynamic_obstacle_crossing,4,0.4861111111111111,0.2916666666666667,0.7361111111111112,0.2382615552470845,0.5,0.375,0.2361111111111111,0.7361111111111112,0.4722222222222222,0.8453244137659941,0.13340610158978297,0.32558139534883723,72
robust_mpc_shield,delayed_dynamics,dynamic_obstacle_crossing,5,0.625,0.2916666666666667,0.7361111111111112,0.23982905127437762,0.625,0.4583333333333333,0.25,0.7361111111111112,0.4722222222222222,0.7552757705862034,0.13346481886065764,0.4347826086956522,72
robust_mpc_shield,delayed_dynamics,dynamic_obstacle_crossing,6,0.4583333333333333,0.2916666666666667,0.6944444444444444,0.22555791905604763,0.5277777777777778,0.4166666666666667,0.25,0.6944444444444444,0.3194444444444444,0.8606702216728965,0.1331979192910204,0.4,72
robust_mpc_shield,delayed_dynamics,fragile_object_pushing,0,0.5,0.3333333333333333,0.3194444444444444,0.09810356985114221,0.5694444444444444,0.3472222222222222,0.3333333333333333,0.3194444444444444,0.2777777777777778,0.7637679665007095,0.13345802165948134,0.06349206349206349,72
robust_mpc_shield,delayed_dynamics,fragile_object_pushing,1,0.4583333333333333,0.3611111111111111,0.375,0.11759900253615724,0.4305555555555556,0.4166666666666667,0.375,0.375,0.3888888888888889,0.8394202921982455,0.1334577934151329,0.17391304347826084,72
robust_mpc_shield,delayed_dynamics,fragile_object_pushing,2,0.5,0.2916666666666667,0.4444444444444444,0.13596696753811666,0.4305555555555556,0.4027777777777778,0.25,0.4444444444444444,0.3333333333333333,0.7690746232186068,0.13345104615428913,0.05882352941176471,72
robust_mpc_shield,delayed_dynamics,fragile_object_pushing,3,0.3611111111111111,0.3888888888888889,0.4722222222222222,0.14798873074182306,0.4722222222222222,0.5,0.20833333333333334,0.4722222222222222,0.2222222222222222,0.9657806426701777,0.13348275875524523,0.1791044776119403,72
robust_mpc_shield,delayed_dynamics,fragile_object_pushing,4,0.5416666666666666,0.3611111111111111,0.4305555555555556,0.13329693668834644,0.4583333333333333,0.4027777777777778,0.4027777777777778,0.4305555555555556,0.3472222222222222,0.7910103255776867,0.133293410214391,0.11594202898550725,72
robust_mpc_shield,delayed_dynamics,fragile_object_pushing,5,0.4166666666666667,0.4444444444444444,0.4166666666666667,0.1340953035849658,0.5555555555555556,0.3194444444444444,0.3611111111111111,0.4166666666666667,0.3611111111111111,0.9360021322282847,0.13322570940147446,0.3013698630136986,72
robust_mpc_shield,delayed_dynamics,fragile_object_pushing,6,0.5,0.3888888888888889,0.3888888888888889,0.11726979394026624,0.4583333333333333,0.4583333333333333,0.20833333333333334,0.3888888888888889,0.2916666666666667,0.8385051093468068,0.1334752593754184,0.1111111111111111,72
robust_mpc_shield,delayed_dynamics,human_workspace_reaching,0,0.5,0.4027777777777778,0.3611111111111111,0.11161002723455599,0.5277777777777778,0.3888888888888889,0.375,0.3611111111111111,0.4027777777777778,0.8585941586109169,0.13339133940526782,0.12987012987012989,72
robust_mpc_shield,delayed_dynamics,human_workspace_reaching,1,0.5277777777777778,0.3055555555555556,0.4305555555555556,0.13457870144118636,0.5555555555555556,0.4722222222222222,0.3194444444444444,0.4305555555555556,0.4166666666666667,0.7887525192722148,0.13339678875704075,0.17721518987341772,72
robust_mpc_shield,delayed_dynamics,human_workspace_reaching,2,0.4166666666666667,0.4722222222222222,0.4305555555555556,0.13674333618613632,0.5416666666666666,0.4861111111111111,0.3194444444444444,0.4305555555555556,0.3194444444444444,1.0050594104814128,0.13349032340288647,0.17721518987341772,72
robust_mpc_shield,delayed_dynamics,human_workspace_reaching,3,0.5416666666666666,0.4027777777777778,0.4027777777777778,0.12559488960189855,0.5,0.4166666666666667,0.3888888888888889,0.4027777777777778,0.3194444444444444,0.8424730819195756,0.13357631650119045,0.12987012987012989,72
robust_mpc_shield,delayed_dynamics,human_workspace_reaching,4,0.4305555555555556,0.375,0.4027777777777778,0.12388684739863987,0.4722222222222222,0.3888888888888889,0.4027777777777778,0.4027777777777778,0.3333333333333333,0.897349482427697,0.13327610344840915,0.10526315789473684,72
robust_mpc_shield,delayed_dynamics,human_workspace_reaching,5,0.4583333333333333,0.3611111111111111,0.4166666666666667,0.12910827344980502,0.6388888888888888,0.3472222222222222,0.4166666666666667,0.4166666666666667,0.4027777777777778,0.8638760930752395,0.13344067325224207,0.12987012987012989,72
robust_mpc_shield,delayed_dynamics,human_workspace_reaching,6,0.5416666666666666,0.2777777777777778,0.4305555555555556,0.13152690345804033,0.6111111111111112,0.4027777777777778,0.2638888888888889,0.4305555555555556,0.3611111111111111,0.7471743342687427,0.13344161512527566,0.07999999999999999,72
robust_mpc_shield,delayed_dynamics,narrow_corridor_navigation,0,0.5138888888888888,0.3333333333333333,0.4583333333333333,0.14109191395679416,0.5833333333333334,0.5416666666666666,0.2222222222222222,0.4583333333333333,0.3472222222222222,0.8201138731671311,0.13327849954501836,0.14084507042253522,72
robust_mpc_shield,delayed_dynamics,narrow_corridor_navigation,1,0.5416666666666666,0.3611111111111111,0.5138888888888888,0.16289497328485844,0.7777777777777778,0.3472222222222222,0.375,0.5138888888888888,0.4444444444444444,0.8150000092942904,0.1332639625983725,0.23076923076923078,72
robust_mpc_shield,delayed_dynamics,narrow_corridor_navigation,2,0.4722222222222222,0.4027777777777778,0.3888888888888889,0.1231187578525182,0.6527777777777778,0.3888888888888889,0.2916666666666667,0.3888888888888889,0.3888888888888889,0.8708405720263838,0.1333589832544171,0.1643835616438356,72
robust_mpc_shield,delayed_dynamics,narrow_corridor_navigation,3,0.5694444444444444,0.3055555555555556,0.5277777777777778,0.15902057846503836,0.6527777777777778,0.3611111111111111,0.3611111111111111,0.5277777777777778,0.3333333333333333,0.7527889703390716,0.133329549740676,0.08333333333333333,72
robust_mpc_shield,delayed_dynamics,narrow_corridor_navigation,4,0.5972222222222222,0.3055555555555556,0.5,0.15864706692970948,0.625,0.4027777777777778,0.3055555555555556,0.5,0.4166666666666667,0.7324990947485727,0.13312137984589065,0.23076923076923078,72
robust_mpc_shield,delayed_dynamics,narrow_corridor_navigation,5,0.5694444444444444,0.2916666666666667,0.4722222222222222,0.14719102540359422,0.6388888888888888,0.3472222222222222,0.4027777777777778,0.4722222222222222,0.4027777777777778,0.7272003451557237,0.13333016755205623,0.1643835616438356,72
robust_mpc_shield,delayed_dynamics,narrow_corridor_navigation,6,0.4305555555555556,0.3472222222222222,0.4027777777777778,0.12494998174492296,0.7222222222222222,0.4722222222222222,0.3472222222222222,0.4027777777777778,0.3194444444444444,0.8692783171238265,0.13344334516765807,0.1081081081081081,72
robust_mpc_shield,nominal_boundary,dynamic_obstacle_crossing,0,0.5694444444444444,0.3472222222222222,0.1527777777777778,0.04510820801755174,0.625,0.3611111111111111,0.3333333333333333,0.1527777777777778,0.3472222222222222,0.7027836237759091,0.13635776072364583,0.04347826086956522,72
robust_mpc_shield,nominal_boundary,dynamic_obstacle_crossing,1,0.5,0.3472222222222222,0.20833333333333334,0.06502990911659585,0.5416666666666666,0.3333333333333333,0.4166666666666667,0.20833333333333334,0.2777777777777778,0.7636824772042292,0.13640383331274583,0.13333333333333333,72
robust_mpc_shield,nominal_boundary,dynamic_obstacle_crossing,2,0.4583333333333333,0.4722222222222222,0.09722222222222222,0.030461828676284306,0.5972222222222222,0.3055555555555556,0.4305555555555556,0.09722222222222222,0.2916666666666667,0.8620735059277881,0.1364964883957121,0.07999999999999999,72
robust_mpc_shield,nominal_boundary,dynamic_obstacle_crossing,3,0.5694444444444444,0.3472222222222222,0.1111111111111111,0.03342663363213148,0.5555555555555556,0.2777777777777778,0.3611111111111111,0.1111111111111111,0.18055555555555555,0.682781162842915,0.13665669680402961,0.04545454545454545,72
robust_mpc_shield,nominal_boundary,dynamic_obstacle_crossing,4,0.4583333333333333,0.3611111111111111,0.125,0.03728454589732913,0.7222222222222222,0.3055555555555556,0.4305555555555556,0.125,0.19444444444444445,0.7792998233415831,0.1365855526304936,0.0,72
robust_mpc_shield,nominal_boundary,dynamic_obstacle_crossing,5,0.4722222222222222,0.4583333333333333,0.1111111111111111,0.033776762785657284,0.6388888888888888,0.2777777777777778,0.4027777777777778,0.1111111111111111,0.2916666666666667,0.841549425399775,0.1366590524540056,0.05714285714285715,72
robust_mpc_shield,nominal_boundary,dynamic_obstacle_crossing,6,0.4583333333333333,0.3333333333333333,0.18055555555555555,0.0541474188143635,0.6805555555555556,0.3194444444444444,0.4166666666666667,0.18055555555555555,0.2777777777777778,0.7735381316747882,0.13645216579187572,0.046511627906976744,72
robust_mpc_shield,nominal_boundary,fragile_object_pushing,0,0.5416666666666666,0.375,0.027777777777777776,0.008291705351005381,0.5694444444444444,0.18055555555555555,0.4166666666666667,0.027777777777777776,0.2361111111111111,0.6998176341816275,0.1364920517825851,0.0,72
robust_mpc_shield,nominal_boundary,fragile_object_pushing,1,0.5416666666666666,0.3472222222222222,0.027777777777777776,0.008419522588242403,0.625,0.2222222222222222,0.5,0.027777777777777776,0.18055555555555555,0.6826680066290272,0.13651351929533875,0.0,72
robust_mpc_shield,nominal_boundary,fragile_object_pushing,2,0.5277777777777778,0.3472222222222222,0.013888888888888888,0.0038063056457630093,0.5555555555555556,0.2777777777777778,0.4583333333333333,0.013888888888888888,0.18055555555555555,0.6955707007370424,0.13666947691788442,0.0,72
robust_mpc_shield,nominal_boundary,fragile_object_pushing,3,0.5555555555555556,0.3611111111111111,0.013888888888888888,0.004213149418999494,0.5416666666666666,0.16666666666666666,0.625,0.013888888888888888,0.1527777777777778,0.6735585181844738,0.1362393790930389,0.0,72
robust_mpc_shield,nominal_boundary,fragile_object_pushing,4,0.5833333333333334,0.3333333333333333,0.027777777777777776,0.008035722292238819,0.5694444444444444,0.2916666666666667,0.4027777777777778,0.027777777777777776,0.20833333333333334,0.6498925391912744,0.13654745522285805,0.0,72
robust_mpc_shield,nominal_boundary,fragile_object_pushing,5,0.5694444444444444,0.2777777777777778,0.0,0.0,0.4722222222222222,0.2361111111111111,0.5138888888888888,0.0,0.1527777777777778,0.6017724546971847,0.13654035596723652,0.0,72
robust_mpc_shield,nominal_boundary,fragile_object_pushing,6,0.6388888888888888,0.2638888888888889,0.027777777777777776,0.007837673403172533,0.5416666666666666,0.1527777777777778,0.5277777777777778,0.027777777777777776,0.20833333333333334,0.5378243955924997,0.13642494825426504,0.0,72
robust_mpc_shield,nominal_boundary,human_workspace_reaching,0,0.4444444444444444,0.4861111111111111,0.06944444444444445,0.019385848456040886,0.6111111111111112,0.2638888888888889,0.4861111111111111,0.06944444444444445,0.2222222222222222,0.9023413439524314,0.1366305391260882,0.0,72
robust_mpc_shield,nominal_boundary,human_workspace_reaching,1,0.5555555555555556,0.2638888888888889,0.09722222222222222,0.028760733671080316,0.6388888888888888,0.2777777777777778,0.4583333333333333,0.09722222222222222,0.16666666666666666,0.6522032661248157,0.13654346102928258,0.0,72
robust_mpc_shield,nominal_boundary,human_workspace_reaching,2,0.625,0.3333333333333333,0.027777777777777776,0.00833492270699274,0.6111111111111112,0.2777777777777778,0.4861111111111111,0.027777777777777776,0.16666666666666666,0.6412165462636947,0.136364095545394,0.0,72
robust_mpc_shield,nominal_boundary,human_workspace_reaching,3,0.5694444444444444,0.3333333333333333,0.05555555555555555,0.016112758624524895,0.6388888888888888,0.3194444444444444,0.4583333333333333,0.05555555555555555,0.2222222222222222,0.6934072076696707,0.1366993615192572,0.0,72
robust_mpc_shield,nominal_boundary,human_workspace_reaching,4,0.5277777777777778,0.3472222222222222,0.05555555555555555,0.016068476793449107,0.6944444444444444,0.2916666666666667,0.4166666666666667,0.05555555555555555,0.1388888888888889,0.7311953963322088,0.13638427228848168,0.0,72
robust_mpc_shield,nominal_boundary,human_workspace_reaching,5,0.5416666666666666,0.3333333333333333,0.05555555555555555,0.01631793155132283,0.6111111111111112,0.19444444444444445,0.4583333333333333,0.05555555555555555,0.2222222222222222,0.6988133360756668,0.1363435073152863,0.0,72
robust_mpc_shield,nominal_boundary,human_workspace_reaching,6,0.5833333333333334,0.2638888888888889,0.027777777777777776,0.007787881703964746,0.7222222222222222,0.20833333333333334,0.5555555555555556,0.027777777777777776,0.19444444444444445,0.6073702866216123,0.1368310985675687,0.0,72
robust_mpc_shield,nominal_boundary,narrow_corridor_navigation,0,0.5833333333333334,0.3472222222222222,0.05555555555555555,0.016090015388502712,0.7638888888888888,0.25,0.5416666666666666,0.05555555555555555,0.1527777777777778,0.6702772218351123,0.13645655686500036,0.0,72
robust_mpc_shield,nominal_boundary,narrow_corridor_navigation,1,0.4583333333333333,0.4305555555555556,0.06944444444444445,0.021349963712757533,0.6527777777777778,0.2638888888888889,0.4583333333333333,0.06944444444444445,0.2222222222222222,0.832392070414476,0.13655290658706606,0.0,72
robust_mpc_shield,nominal_boundary,narrow_corridor_navigation,2,0.5,0.3888888888888889,0.125,0.036458574711831525,0.7361111111111112,0.2222222222222222,0.5972222222222222,0.125,0.16666666666666666,0.7774168081377172,0.1365665181197119,0.0,72
robust_mpc_shield,nominal_boundary,narrow_corridor_navigation,3,0.5833333333333334,0.3611111111111111,0.041666666666666664,0.011858206463826019,0.75,0.2638888888888889,0.4444444444444444,0.041666666666666664,0.20833333333333334,0.6794706868760271,0.13655162286523026,0.0,72
robust_mpc_shield,nominal_boundary,narrow_corridor_navigation,4,0.3888888888888889,0.4166666666666667,0.06944444444444445,0.020110646307354454,0.8333333333333334,0.2222222222222222,0.4722222222222222,0.06944444444444445,0.20833333333333334,0.8663659410257427,0.13665164543528718,0.0,72
robust_mpc_shield,nominal_boundary,narrow_corridor_navigation,5,0.4027777777777778,0.4583333333333333,0.041666666666666664,0.012554955335388961,0.6388888888888888,0.2638888888888889,0.4166666666666667,0.041666666666666664,0.16666666666666666,0.8880537186531949,0.13660652736111584,0.0,72
robust_mpc_shield,nominal_boundary,narrow_corridor_navigation,6,0.5,0.3194444444444444,0.06944444444444445,0.020451595982862558,0.7638888888888888,0.2222222222222222,0.5833333333333334,0.06944444444444445,0.2638888888888889,0.7088234877838538,0.13656026436570837,0.0,72
robust_mpc_shield,tightened_safe_set,dynamic_obstacle_crossing,0,0.6805555555555556,0.18055555555555555,0.875,0.29133095883723775,0.7361111111111112,0.5,0.2777777777777778,0.875,0.4861111111111111,0.6908764362664701,0.13302241581295948,0.5306122448979591,72
robust_mpc_shield,tightened_safe_set,dynamic_obstacle_crossing,1,0.5555555555555556,0.2222222222222222,0.875,0.29496334287845766,0.5277777777777778,0.5416666666666666,0.2361111111111111,0.875,0.5416666666666666,0.8210044368307801,0.13304056214845825,0.5742574257425743,72
robust_mpc_shield,tightened_safe_set,dynamic_obstacle_crossing,2,0.6111111111111112,0.25,0.8333333333333334,0.28046903665876816,0.6805555555555556,0.4583333333333333,0.20833333333333334,0.8333333333333334,0.4305555555555556,0.7814979852943922,0.133227720419389,0.5154639175257731,72
robust_mpc_shield,tightened_safe_set,dynamic_obstacle_crossing,3,0.5833333333333334,0.19444444444444445,0.75,0.24739650829759047,0.5972222222222222,0.5694444444444444,0.1527777777777778,0.75,0.4444444444444444,0.7476202611873668,0.13303382241065595,0.46808510638297873,72
robust_mpc_shield,tightened_safe_set,dynamic_obstacle_crossing,4,0.7638888888888888,0.125,0.8472222222222222,0.28717891045043326,0.6527777777777778,0.4444444444444444,0.2222222222222222,0.8472222222222222,0.5,0.5739615170382403,0.1329582882515139,0.6019417475728156,72
robust_mpc_shield,tightened_safe_set,dynamic_obstacle_crossing,5,0.5555555555555556,0.25,0.8055555555555556,0.2644102843812574,0.5972222222222222,0.5277777777777778,0.2361111111111111,0.8055555555555556,0.5833333333333334,0.8212164379692084,0.13302867013033134,0.4347826086956522,72
robust_mpc_shield,tightened_safe_set,dynamic_obstacle_crossing,6,0.5694444444444444,0.20833333333333334,0.8055555555555556,0.270089271565078,0.6111111111111112,0.5138888888888888,0.1527777777777778,0.8055555555555556,0.4166666666666667,0.7779452284570867,0.13295045089468827,0.5154639175257731,72
robust_mpc_shield,tightened_safe_set,fragile_object_pushing,0,0.5694444444444444,0.3194444444444444,0.4444444444444444,0.13821527078672866,0.5277777777777778,0.4444444444444444,0.3333333333333333,0.4444444444444444,0.3611111111111111,0.7684069965463363,0.1332207932982833,0.12987012987012989,72
robust_mpc_shield,tightened_safe_set,fragile_object_pushing,1,0.5972222222222222,0.2361111111111111,0.5,0.1582741169219321,0.4861111111111111,0.375,0.3055555555555556,0.5,0.4027777777777778,0.6883907703056535,0.13322905546173466,0.24390243902439027,72
robust_mpc_shield,tightened_safe_set,fragile_object_pushing,2,0.4861111111111111,0.3333333333333333,0.4583333333333333,0.14649412583963983,0.5416666666666666,0.4027777777777778,0.3472222222222222,0.4583333333333333,0.4027777777777778,0.8392228031890111,0.1331270018167815,0.26506024096385544,72
robust_mpc_shield,tightened_safe_set,fragile_object_pushing,3,0.5833333333333334,0.3333333333333333,0.3888888888888889,0.12000623749022205,0.625,0.375,0.3194444444444444,0.3888888888888889,0.4027777777777778,0.7468315454220785,0.1332567645713326,0.10526315789473684,72
robust_mpc_shield,tightened_safe_set,fragile_object_pushing,4,0.6111111111111112,0.2916666666666667,0.3888888888888889,0.12562060921474433,0.4861111111111111,0.4583333333333333,0.2777777777777778,0.3888888888888889,0.3888888888888889,0.7048499949016164,0.1330257134746153,0.19999999999999998,72
robust_mpc_shield,tightened_safe_set,fragile_object_pushing,5,0.5,0.3888888888888889,0.4027777777777778,0.1255033660888717,0.5833333333333334,0.4722222222222222,0.2777777777777778,0.4027777777777778,0.3333333333333333,0.8671758103572207,0.13308589516629263,0.10526315789473684,72
robust_mpc_shield,tightened_safe_set,fragile_object_pushing,6,0.4166666666666667,0.3194444444444444,0.4166666666666667,0.12914736835487425,0.5833333333333334,0.375,0.25,0.4166666666666667,0.2638888888888889,0.8628960447760564,0.13313079934854985,0.12987012987012989,72
robust_mpc_shield,tightened_safe_set,human_workspace_reaching,0,0.5,0.2916666666666667,0.5277777777777778,0.16136233508001732,0.6944444444444444,0.3611111111111111,0.3333333333333333,0.5277777777777778,0.375,0.8298288245131626,0.13300417803377373,0.12987012987012989,72
robust_mpc_shield,tightened_safe_set,human_workspace_reaching,1,0.6527777777777778,0.25,0.5138888888888888,0.16635074716567036,0.6388888888888888,0.5416666666666666,0.19444444444444445,0.5138888888888888,0.3472222222222222,0.7075266322211385,0.1332621147122337,0.26506024096385544,72
robust_mpc_shield,tightened_safe_set,human_workspace_reaching,2,0.5277777777777778,0.3055555555555556,0.5416666666666666,0.170358020303005,0.6666666666666666,0.5277777777777778,0.25,0.5416666666666666,0.25,0.8451948996625472,0.133217622066532,0.2222222222222222,72
robust_mpc_shield,tightened_safe_set,human_workspace_reaching,3,0.625,0.2638888888888889,0.4722222222222222,0.14854585675497448,0.5555555555555556,0.4583333333333333,0.3333333333333333,0.4722222222222222,0.4027777777777778,0.7173502549468022,0.13309131468171836,0.19999999999999998,72
robust_mpc_shield,tightened_safe_set,human_workspace_reaching,4,0.5833333333333334,0.2638888888888889,0.5555555555555556,0.17466403355503818,0.6527777777777778,0.375,0.3194444444444444,0.5555555555555556,0.4166666666666667,0.7576408632695136,0.133146007003308,0.26506024096385544,72
robust_mpc_shield,tightened_safe_set,human_workspace_reaching,5,0.5555555555555556,0.2777777777777778,0.4444444444444444,0.1421400584197364,0.5,0.4027777777777778,0.3611111111111111,0.4444444444444444,0.3888888888888889,0.7647625601383644,0.13324403751818095,0.24390243902439027,72
robust_mpc_shield,tightened_safe_set,human_workspace_reaching,6,0.5833333333333334,0.3333333333333333,0.5,0.1522284823002738,0.6805555555555556,0.375,0.3333333333333333,0.5,0.3472222222222222,0.7971618660320473,0.13334207540281795,0.12987012987012989,72
robust_mpc_shield,tightened_safe_set,narrow_corridor_navigation,0,0.5694444444444444,0.25,0.4861111111111111,0.15437373856287934,0.7222222222222222,0.375,0.2638888888888889,0.4861111111111111,0.3333333333333333,0.7237737144664452,0.1331491451150327,0.19999999999999998,72
robust_mpc_shield,tightened_safe_set,narrow_corridor_navigation,1,0.5555555555555556,0.20833333333333334,0.6388888888888888,0.2004988892516879,0.7083333333333334,0.3888888888888889,0.25,0.6388888888888888,0.375,0.7402405347980356,0.13297429135507832,0.24390243902439027,72
robust_mpc_shield,tightened_safe_set,narrow_corridor_navigation,2,0.5416666666666666,0.2777777777777778,0.5694444444444444,0.18017615985581092,0.7222222222222222,0.3194444444444444,0.375,0.5694444444444444,0.4166666666666667,0.780796709401382,0.13308204834502296,0.24390243902439027,72
robust_mpc_shield,tightened_safe_set,narrow_corridor_navigation,3,0.5416666666666666,0.25,0.6388888888888888,0.20306380005408792,0.5972222222222222,0.3888888888888889,0.3333333333333333,0.6388888888888888,0.3333333333333333,0.785174350100383,0.13314506118794614,0.30588235294117644,72
robust_mpc_shield,tightened_safe_set,narrow_corridor_navigation,4,0.6388888888888888,0.2638888888888889,0.5555555555555556,0.18001660418024873,0.7222222222222222,0.5416666666666666,0.2361111111111111,0.5555555555555556,0.4583333333333333,0.7236039450879621,0.13311925507224445,0.30588235294117644,72
robust_mpc_shield,tightened_safe_set,narrow_corridor_navigation,5,0.5138888888888888,0.3194444444444444,0.5694444444444444,0.1753022995252626,0.6527777777777778,0.4166666666666667,0.2777777777777778,0.5694444444444444,0.4444444444444444,0.8444440193531515,0.13315652448339885,0.12987012987012989,72
robust_mpc_shield,tightened_safe_set,narrow_corridor_navigation,6,0.6388888888888888,0.18055555555555555,0.6527777777777778,0.2062494945014226,0.6944444444444444,0.5277777777777778,0.2916666666666667,0.6527777777777778,0.3055555555555556,0.6790498268352536,0.13296744998168666,0.26506024096385544,72
unfiltered_policy,boundary_shift,dynamic_obstacle_crossing,0,0.16666666666666666,0.7777777777777778,0.0,0.0,0.625,0.625,0.09722222222222222,0.0,0.6944444444444444,1.3228996510309448,0.0508557297985825,0.8387096774193548,72
unfiltered_policy,boundary_shift,dynamic_obstacle_crossing,1,0.25,0.6805555555555556,0.0,0.0,0.5555555555555556,0.7222222222222222,0.08333333333333333,0.0,0.7638888888888888,1.1968572991813973,0.05082928958273156,0.7899159663865547,72
unfiltered_policy,boundary_shift,dynamic_obstacle_crossing,2,0.1527777777777778,0.75,0.0,0.0,0.5555555555555556,0.6944444444444444,0.18055555555555555,0.0,0.7083333333333334,1.3196180413355336,0.05095819973067428,0.8099173553719008,72
unfiltered_policy,boundary_shift,dynamic_obstacle_crossing,3,0.18055555555555555,0.7222222222222222,0.0,0.0,0.5694444444444444,0.6111111111111112,0.1527777777777778,0.0,0.6944444444444444,1.2672622765412749,0.0508122858205047,0.8480000000000001,72
unfiltered_policy,boundary_shift,dynamic_obstacle_crossing,4,0.25,0.6388888888888888,0.0,0.0,0.5694444444444444,0.6111111111111112,0.09722222222222222,0.0,0.7638888888888888,1.150303521891262,0.05087492775924122,0.8923076923076924,72
unfiltered_policy,boundary_shift,dynamic_obstacle_crossing,5,0.20833333333333334,0.7083333333333334,0.0,0.0,0.4444444444444444,0.6805555555555556,0.09722222222222222,0.0,0.7222222222222222,1.2447199884245441,0.050840625205291375,0.7142857142857143,72
unfiltered_policy,boundary_shift,dynamic_obstacle_crossing,6,0.18055555555555555,0.7361111111111112,0.0,0.0,0.5555555555555556,0.6527777777777778,0.1527777777777778,0.0,0.6944444444444444,1.2821032031560513,0.05088158795483887,0.8837209302325582,72
unfiltered_policy,boundary_shift,fragile_object_pushing,0,0.2916666666666667,0.6388888888888888,0.0,0.0,0.375,0.6388888888888888,0.09722222222222222,0.0,0.6666666666666666,1.1307959369140417,0.05081427148309194,0.5454545454545454,72
unfiltered_policy,boundary_shift,fragile_object_pushing,1,0.25,0.6527777777777778,0.0,0.0,0.4861111111111111,0.4722222222222222,0.19444444444444445,0.0,0.5833333333333334,1.1518878500619094,0.05082175764886596,0.46808510638297873,72
unfiltered_policy,boundary_shift,fragile_object_pushing,2,0.2638888888888889,0.5833333333333334,0.0,0.0,0.4722222222222222,0.5138888888888888,0.20833333333333334,0.0,0.6527777777777778,1.0914975598779844,0.05080673377694082,0.5882352941176471,72
unfiltered_policy,boundary_shift,fragile_object_pushing,3,0.2777777777777778,0.5972222222222222,0.0,0.0,0.375,0.5972222222222222,0.16666666666666666,0.0,0.6805555555555556,1.1024982228892202,0.05078801994117916,0.5306122448979591,72
unfiltered_policy,boundary_shift,fragile_object_pushing,4,0.2777777777777778,0.5555555555555556,0.0,0.0,0.4305555555555556,0.5138888888888888,0.16666666666666666,0.0,0.5972222222222222,1.0587556972181043,0.05084775963042481,0.5510204081632654,72
unfiltered_policy,boundary_shift,fragile_object_pushing,5,0.2777777777777778,0.5972222222222222,0.0,0.0,0.4583333333333333,0.4861111111111111,0.18055555555555555,0.0,0.6527777777777778,1.0893288861560473,0.05078405131512284,0.5306122448979591,72
unfiltered_policy,boundary_shift,fragile_object_pushing,6,0.2638888888888889,0.6666666666666666,0.0,0.0,0.4444444444444444,0.4166666666666667,0.2638888888888889,0.0,0.6527777777777778,1.1470667073256944,0.05078135060564564,0.5742574257425743,72
unfiltered_policy,boundary_shift,human_workspace_reaching,0,0.2638888888888889,0.625,0.0,0.0,0.4722222222222222,0.5833333333333334,0.20833333333333334,0.0,0.5694444444444444,1.1560420213237141,0.050837684304292176,0.6415094339622641,72
unfiltered_policy,boundary_shift,human_workspace_reaching,1,0.3611111111111111,0.5833333333333334,0.0,0.0,0.5138888888888888,0.5555555555555556,0.18055555555555555,0.0,0.6944444444444444,1.0502523070301093,0.05076845771542837,0.5882352941176471,72
unfiltered_policy,boundary_shift,human_workspace_reaching,2,0.3611111111111111,0.5416666666666666,0.0,0.0,0.5138888888888888,0.5694444444444444,0.2638888888888889,0.0,0.6111111111111112,1.0185507760145605,0.050732039464685144,0.5882352941176471,72
unfiltered_policy,boundary_shift,human_workspace_reaching,3,0.3194444444444444,0.5555555555555556,0.0,0.0,0.5833333333333334,0.5416666666666666,0.25,0.0,0.5972222222222222,1.055563265064431,0.05084222549209581,0.4842105263157894,72
unfiltered_policy,boundary_shift,human_workspace_reaching,4,0.2361111111111111,0.625,0.0,0.0,0.6111111111111112,0.5555555555555556,0.19444444444444445,0.0,0.5972222222222222,1.172662667299726,0.05084489078136272,0.5742574257425743,72
unfiltered_policy,boundary_shift,human_workspace_reaching,5,0.3611111111111111,0.5555555555555556,0.0,0.0,0.5694444444444444,0.6111111111111112,0.2222222222222222,0.0,0.6805555555555556,1.0340739232733858,0.050782214835956956,0.5742574257425743,72
unfiltered_policy,boundary_shift,human_workspace_reaching,6,0.2916666666666667,0.6111111111111112,0.0,0.0,0.6111111111111112,0.4722222222222222,0.2638888888888889,0.0,0.6805555555555556,1.1116740312576072,0.0508302306108529,0.5154639175257731,72
unfiltered_policy,boundary_shift,narrow_corridor_navigation,0,0.2638888888888889,0.6527777777777778,0.0,0.0,0.5694444444444444,0.5277777777777778,0.2361111111111111,0.0,0.5833333333333334,1.15652947095633,0.050839226890665896,0.5454545454545454,72
unfiltered_policy,boundary_shift,narrow_corridor_navigation,1,0.2222222222222222,0.6388888888888888,0.0,0.0,0.5,0.5694444444444444,0.19444444444444445,0.0,0.6388888888888888,1.1804977418217304,0.05090175863000484,0.6666666666666666,72
unfiltered_policy,boundary_shift,narrow_corridor_navigation,2,0.3333333333333333,0.5833333333333334,0.0,0.0,0.5555555555555556,0.5,0.2222222222222222,0.0,0.6111111111111112,1.0474276493436834,0.05084329026822273,0.6153846153846153,72
unfiltered_policy,boundary_shift,narrow_corridor_navigation,3,0.2638888888888889,0.5972222222222222,0.0,0.0,0.5138888888888888,0.5972222222222222,0.1527777777777778,0.0,0.6388888888888888,1.1201124525654942,0.05079711952611134,0.6285714285714286,72
unfiltered_policy,boundary_shift,narrow_corridor_navigation,4,0.2361111111111111,0.5833333333333334,0.0,0.0,0.5416666666666666,0.625,0.1388888888888889,0.0,0.6805555555555556,1.1325797486106652,0.05088740967161545,0.5306122448979591,72
unfiltered_policy,boundary_shift,narrow_corridor_navigation,5,0.2777777777777778,0.6666666666666666,0.0,0.0,0.5972222222222222,0.5694444444444444,0.1527777777777778,0.0,0.5972222222222222,1.1631107336200148,0.05082312451363956,0.6153846153846153,72
unfiltered_policy,boundary_shift,narrow_corridor_navigation,6,0.2638888888888889,0.6111111111111112,0.0,0.0,0.5555555555555556,0.5555555555555556,0.19444444444444445,0.0,0.5972222222222222,1.126458400781789,0.05085681251022191,0.6415094339622641,72
unfiltered_policy,combined_safety_stress,dynamic_obstacle_crossing,0,0.1527777777777778,0.7638888888888888,0.0,0.0,0.3888888888888889,0.6805555555555556,0.1111111111111111,0.0,0.7361111111111112,1.318395111941804,0.05049130941460242,0.9333333333333333,72
unfiltered_policy,combined_safety_stress,dynamic_obstacle_crossing,1,0.08333333333333333,0.8194444444444444,0.0,0.0,0.4305555555555556,0.6527777777777778,0.1111111111111111,0.0,0.6944444444444444,1.4092912116381116,0.05058706575734362,0.9489051094890512,72
unfiltered_policy,combined_safety_stress,dynamic_obstacle_crossing,2,0.18055555555555555,0.8055555555555556,0.0,0.0,0.5,0.6527777777777778,0.125,0.0,0.7777777777777778,1.3284196354448963,0.050537904215935896,0.9411764705882353,72
unfiltered_policy,combined_safety_stress,dynamic_obstacle_crossing,3,0.09722222222222222,0.7916666666666666,0.0,0.0,0.4166666666666667,0.6666666666666666,0.1527777777777778,0.0,0.7916666666666666,1.3795999719076155,0.0505891305168896,0.9333333333333333,72
unfiltered_policy,combined_safety_stress,dynamic_obstacle_crossing,4,0.1527777777777778,0.75,0.0,0.0,0.4444444444444444,0.5972222222222222,0.125,0.0,0.6666666666666666,1.2974105693937372,0.050470840235807765,0.9714285714285714,72
unfiltered_policy,combined_safety_stress,dynamic_obstacle_crossing,5,0.1111111111111111,0.8055555555555556,0.0,0.0,0.4305555555555556,0.6944444444444444,0.08333333333333333,0.0,0.7222222222222222,1.3830087892493674,0.05059295864800187,0.9787234042553191,72
unfiltered_policy,combined_safety_stress,dynamic_obstacle_crossing,6,0.1111111111111111,0.8333333333333334,0.0,0.0,0.4861111111111111,0.6666666666666666,0.08333333333333333,0.0,0.7361111111111112,1.4024543418971365,0.05058084830291322,0.9253731343283582,72
unfiltered_policy,combined_safety_stress,fragile_object_pushing,0,0.18055555555555555,0.7083333333333334,0.0,0.0,0.3611111111111111,0.5833333333333334,0.19444444444444445,0.0,0.5972222222222222,1.2502508713493257,0.05053223712188695,0.7142857142857143,72
unfiltered_policy,combined_safety_stress,fragile_object_pushing,1,0.125,0.7222222222222222,0.0,0.0,0.4166666666666667,0.6805555555555556,0.1388888888888889,0.0,0.6666666666666666,1.312041015977749,0.05052948321343028,0.8,72
unfiltered_policy,combined_safety_stress,fragile_object_pushing,2,0.1388888888888889,0.8194444444444444,0.0,0.0,0.3333333333333333,0.4861111111111111,0.2916666666666667,0.0,0.5833333333333334,1.3573010549859204,0.0505911365048747,0.7796610169491525,72
unfiltered_policy,combined_safety_stress,fragile_object_pushing,3,0.19444444444444445,0.6944444444444444,0.0,0.0,0.3611111111111111,0.5972222222222222,0.16666666666666666,0.0,0.5972222222222222,1.2297194649813217,0.05058271143753523,0.7142857142857143,72
unfiltered_policy,combined_safety_stress,fragile_object_pushing,4,0.20833333333333334,0.7222222222222222,0.0,0.0,0.3611111111111111,0.5972222222222222,0.18055555555555555,0.0,0.6944444444444444,1.2420889864968865,0.05060533113027251,0.7796610169491525,72
unfiltered_policy,combined_safety_stress,fragile_object_pushing,5,0.25,0.6805555555555556,0.0,0.0,0.375,0.5972222222222222,0.1527777777777778,0.0,0.625,1.1795324993293954,0.050571650345317104,0.7256637168141593,72
unfiltered_policy,combined_safety_stress,fragile_object_pushing,6,0.2222222222222222,0.6666666666666666,0.0,0.0,0.4583333333333333,0.6111111111111112,0.125,0.0,0.6944444444444444,1.18998144496897,0.05053061153525052,0.7586206896551725,72
unfiltered_policy,combined_safety_stress,human_workspace_reaching,0,0.20833333333333334,0.6666666666666666,0.0,0.0,0.6388888888888888,0.6805555555555556,0.19444444444444445,0.0,0.6666666666666666,1.2321986144456507,0.05055021578027563,0.8750000000000001,72
unfiltered_policy,combined_safety_stress,human_workspace_reaching,1,0.25,0.7222222222222222,0.0,0.0,0.4583333333333333,0.6527777777777778,0.20833333333333334,0.0,0.75,1.2428015358474678,0.0505673701088602,0.819672131147541,72
unfiltered_policy,combined_safety_stress,human_workspace_reaching,2,0.19444444444444445,0.7222222222222222,0.0,0.0,0.4444444444444444,0.6527777777777778,0.18055555555555555,0.0,0.6527777777777778,1.281965518041897,0.050576808719306095,0.8099173553719008,72
unfiltered_policy,combined_safety_stress,human_workspace_reaching,3,0.20833333333333334,0.7083333333333334,0.0,0.0,0.4861111111111111,0.5833333333333334,0.25,0.0,0.6527777777777778,1.2537856107073169,0.050635778862080025,0.7796610169491525,72
unfiltered_policy,combined_safety_stress,human_workspace_reaching,4,0.20833333333333334,0.7222222222222222,0.0,0.0,0.5277777777777778,0.6805555555555556,0.19444444444444445,0.0,0.6388888888888888,1.2759015725353282,0.05057959381959391,0.819672131147541,72
unfiltered_policy,combined_safety_stress,human_workspace_reaching,5,0.18055555555555555,0.7361111111111112,0.0,0.0,0.4861111111111111,0.5416666666666666,0.1527777777777778,0.0,0.6666666666666666,1.2904318584278016,0.05061625018456882,0.8750000000000001,72
unfiltered_policy,combined_safety_stress,human_workspace_reaching,6,0.2638888888888889,0.6944444444444444,0.0,0.0,0.5416666666666666,0.6388888888888888,0.16666666666666666,0.0,0.7638888888888888,1.2094774447101235,0.050555499930208664,0.7899159663865547,72
unfiltered_policy,combined_safety_stress,narrow_corridor_navigation,0,0.1388888888888889,0.7916666666666666,0.0,0.0,0.5138888888888888,0.4861111111111111,0.2222222222222222,0.0,0.6388888888888888,1.3425845464524098,0.05056109712444487,0.9007633587786259,72
unfiltered_policy,combined_safety_stress,narrow_corridor_navigation,1,0.16666666666666666,0.7638888888888888,0.0,0.0,0.5833333333333334,0.6666666666666666,0.1527777777777778,0.0,0.6805555555555556,1.322008348214614,0.050542112273800115,0.8571428571428571,72
unfiltered_policy,combined_safety_stress,narrow_corridor_navigation,2,0.16666666666666666,0.75,0.0,0.0,0.5416666666666666,0.6944444444444444,0.1527777777777778,0.0,0.75,1.3137910916225417,0.0505611037610502,0.8480000000000001,72
unfiltered_policy,combined_safety_stress,narrow_corridor_navigation,3,0.2361111111111111,0.7083333333333334,0.0,0.0,0.6111111111111112,0.625,0.1111111111111111,0.0,0.7222222222222222,1.2227548389478693,0.05048243369729644,0.8099173553719008,72
unfiltered_policy,combined_safety_stress,narrow_corridor_navigation,4,0.20833333333333334,0.7222222222222222,0.0,0.0,0.5555555555555556,0.6111111111111112,0.1111111111111111,0.0,0.7638888888888888,1.2516874869844006,0.050596708499758336,0.7692307692307693,72
unfiltered_policy,combined_safety_stress,narrow_corridor_navigation,5,0.2777777777777778,0.5833333333333334,0.0,0.0,0.6111111111111112,0.5277777777777778,0.1527777777777778,0.0,0.6805555555555556,1.0815162207518891,0.05054855045546349,0.819672131147541,72
unfiltered_policy,combined_safety_stress,narrow_corridor_navigation,6,0.2361111111111111,0.6944444444444444,0.0,0.0,0.5277777777777778,0.6111111111111112,0.1111111111111111,0.0,0.6388888888888888,1.209646259883411,0.05058824901419847,0.8571428571428571,72
unfiltered_policy,delayed_dynamics,dynamic_obstacle_crossing,0,0.1527777777777778,0.75,0.0,0.0,0.4444444444444444,0.5694444444444444,0.16666666666666666,0.0,0.5416666666666666,1.285701034648599,0.05335047995464283,0.5882352941176471,72
unfiltered_policy,delayed_dynamics,dynamic_obstacle_crossing,1,0.25,0.6666666666666666,0.0,0.0,0.5,0.625,0.20833333333333334,0.0,0.5277777777777778,1.155951210931094,0.05329989769099468,0.5,72
unfiltered_policy,delayed_dynamics,dynamic_obstacle_crossing,2,0.16666666666666666,0.7777777777777778,0.0,0.0,0.5,0.6388888888888888,0.18055555555555555,0.0,0.5138888888888888,1.3068720930251652,0.0533198334257757,0.56,72
unfiltered_policy,delayed_dynamics,dynamic_obstacle_crossing,3,0.1527777777777778,0.7361111111111112,0.0,0.0,0.4305555555555556,0.5277777777777778,0.2916666666666667,0.0,0.4722222222222222,1.2701434670914338,0.053398011806413716,0.6019417475728156,72
unfiltered_policy,delayed_dynamics,dynamic_obstacle_crossing,4,0.16666666666666666,0.75,0.0,0.0,0.5277777777777778,0.4444444444444444,0.2222222222222222,0.0,0.5,1.261068169414091,0.05336244063591317,0.5882352941176471,72
unfiltered_policy,delayed_dynamics,dynamic_obstacle_crossing,5,0.25,0.6944444444444444,0.0,0.0,0.5138888888888888,0.5972222222222222,0.1388888888888889,0.0,0.6111111111111112,1.1744381663150014,0.05338592754426305,0.7256637168141593,72
unfiltered_policy,delayed_dynamics,dynamic_obstacle_crossing,6,0.08333333333333333,0.8055555555555556,0.0,0.0,0.3611111111111111,0.5277777777777778,0.2361111111111111,0.0,0.6388888888888888,1.3763361792894155,0.05327916771640814,0.4842105263157894,72
unfiltered_policy,delayed_dynamics,fragile_object_pushing,0,0.19444444444444445,0.7361111111111112,0.0,0.0,0.375,0.3611111111111111,0.2361111111111111,0.0,0.3888888888888889,1.2271146733231448,0.053383208663792536,0.19999999999999998,72
unfiltered_policy,delayed_dynamics,fragile_object_pushing,1,0.2361111111111111,0.5972222222222222,0.0,0.0,0.3472222222222222,0.4166666666666667,0.2916666666666667,0.0,0.4027777777777778,1.0930294803262872,0.05338311736605314,0.25,72
unfiltered_policy,delayed_dynamics,fragile_object_pushing,2,0.20833333333333334,0.6805555555555556,0.0,0.0,0.4722222222222222,0.4722222222222222,0.2361111111111111,0.0,0.4583333333333333,1.1866178662905051,0.05338041846171563,0.08695652173913045,72
unfiltered_policy,delayed_dynamics,fragile_object_pushing,3,0.1527777777777778,0.7361111111111112,0.0,0.0,0.3611111111111111,0.5138888888888888,0.19444444444444445,0.0,0.375,1.2752729123365196,0.05339310350209808,0.32432432432432434,72
unfiltered_policy,delayed_dynamics,fragile_object_pushing,4,0.2361111111111111,0.6388888888888888,0.0,0.0,0.4861111111111111,0.4027777777777778,0.2361111111111111,0.0,0.5277777777777778,1.124354577904516,0.053317364085756394,0.11594202898550725,72
unfiltered_policy,delayed_dynamics,fragile_object_pushing,5,0.3611111111111111,0.5416666666666666,0.0,0.0,0.3194444444444444,0.5,0.20833333333333334,0.0,0.5,0.9685513189305728,0.05329028376058978,0.3013698630136986,72
unfiltered_policy,delayed_dynamics,fragile_object_pushing,6,0.2916666666666667,0.5972222222222222,0.0,0.0,0.3333333333333333,0.4166666666666667,0.25,0.0,0.375,1.0527686156091711,0.05339010375016737,0.23376623376623376,72
unfiltered_policy,delayed_dynamics,human_workspace_reaching,0,0.2222222222222222,0.6805555555555556,0.0,0.0,0.4722222222222222,0.4722222222222222,0.375,0.0,0.5,1.1995555948849945,0.05335653576210713,0.24390243902439027,72
unfiltered_policy,delayed_dynamics,human_workspace_reaching,1,0.19444444444444445,0.6666666666666666,0.0,0.0,0.4305555555555556,0.375,0.3472222222222222,0.0,0.4583333333333333,1.1967122421731924,0.053358715502816303,0.24390243902439027,72
unfiltered_policy,delayed_dynamics,human_workspace_reaching,2,0.2777777777777778,0.625,0.0,0.0,0.4444444444444444,0.5,0.2916666666666667,0.0,0.4583333333333333,1.119036409625572,0.05339612936115459,0.2857142857142857,72
unfiltered_policy,delayed_dynamics,human_workspace_reaching,3,0.3472222222222222,0.5694444444444444,0.0,0.0,0.3888888888888889,0.5555555555555556,0.3055555555555556,0.0,0.4861111111111111,1.0303501705945617,0.053430526600476175,0.24390243902439027,72
unfiltered_policy,delayed_dynamics,human_workspace_reaching,4,0.2222222222222222,0.6527777777777778,0.0,0.0,0.5972222222222222,0.4861111111111111,0.3194444444444444,0.0,0.4444444444444444,1.1796278726525493,0.053310441379363666,0.38202247191011235,72
unfiltered_policy,delayed_dynamics,human_workspace_reaching,5,0.2916666666666667,0.6388888888888888,0.0,0.0,0.5,0.4722222222222222,0.2361111111111111,0.0,0.5694444444444444,1.1156991665958533,0.053376269300896825,0.30588235294117644,72
unfiltered_policy,delayed_dynamics,human_workspace_reaching,6,0.25,0.7083333333333334,0.0,0.0,0.4722222222222222,0.5694444444444444,0.2222222222222222,0.0,0.3888888888888889,1.2132718187868863,0.05337664605011027,0.2857142857142857,72
unfiltered_policy,delayed_dynamics,narrow_corridor_navigation,0,0.19444444444444445,0.6666666666666666,0.0,0.0,0.4305555555555556,0.4722222222222222,0.2222222222222222,0.0,0.4861111111111111,1.192786298980093,0.053311399818007345,0.42857142857142855,72
unfiltered_policy,delayed_dynamics,narrow_corridor_navigation,1,0.1111111111111111,0.75,0.0,0.0,0.4583333333333333,0.4027777777777778,0.2638888888888889,0.0,0.4861111111111111,1.3116870728643883,0.053305585039349,0.3571428571428571,72
unfiltered_policy,delayed_dynamics,narrow_corridor_navigation,2,0.3333333333333333,0.5833333333333334,0.0,0.0,0.4861111111111111,0.4722222222222222,0.3472222222222222,0.0,0.4722222222222222,1.0261271668928507,0.05334359330176684,0.2531645569620253,72
unfiltered_policy,delayed_dynamics,narrow_corridor_navigation,3,0.20833333333333334,0.7083333333333334,0.0,0.0,0.4027777777777778,0.4444444444444444,0.2222222222222222,0.0,0.3611111111111111,1.2128605745773378,0.053331819896270394,0.27499999999999997,72
unfiltered_policy,delayed_dynamics,narrow_corridor_navigation,4,0.2638888888888889,0.6666666666666666,0.0,0.0,0.4305555555555556,0.5138888888888888,0.2638888888888889,0.0,0.4444444444444444,1.147127196891882,0.053248551938356266,0.3529411764705882,72
unfiltered_policy,delayed_dynamics,narrow_corridor_navigation,5,0.25,0.6666666666666666,0.0,0.0,0.5833333333333334,0.5138888888888888,0.1527777777777778,0.0,0.5,1.1574874819790901,0.053332067020822486,0.18918918918918917,72
unfiltered_policy,delayed_dynamics,narrow_corridor_navigation,6,0.1388888888888889,0.6805555555555556,0.0,0.0,0.4166666666666667,0.4722222222222222,0.3055555555555556,0.0,0.375,1.2440155448225718,0.05337733806706322,0.271604938271605,72
unfiltered_policy,nominal_boundary,dynamic_obstacle_crossing,0,0.2777777777777778,0.5833333333333334,0.0,0.0,0.3888888888888889,0.375,0.3333333333333333,0.0,0.4166666666666667,1.0653622724817546,0.05454310428945834,0.0,72
unfiltered_policy,nominal_boundary,dynamic_obstacle_crossing,1,0.3472222222222222,0.5416666666666666,0.0,0.0,0.4722222222222222,0.4722222222222222,0.2222222222222222,0.0,0.2777777777777778,0.9930623933581393,0.05456153332509833,0.0909090909090909,72
unfiltered_policy,nominal_boundary,dynamic_obstacle_crossing,2,0.3611111111111111,0.5138888888888888,0.0,0.0,0.5,0.4166666666666667,0.2777777777777778,0.0,0.4027777777777778,0.9540460684360139,0.054598595358284846,0.15384615384615385,72
unfiltered_policy,nominal_boundary,dynamic_obstacle_crossing,3,0.4305555555555556,0.4166666666666667,0.0,0.0,0.5,0.3888888888888889,0.2916666666666667,0.0,0.3333333333333333,0.8238642838643866,0.05466267872161185,0.04545454545454545,72
unfiltered_policy,nominal_boundary,dynamic_obstacle_crossing,4,0.4305555555555556,0.4583333333333333,0.0,0.0,0.5138888888888888,0.2222222222222222,0.3333333333333333,0.0,0.2916666666666667,0.8358922373501623,0.05463422105219743,0.044444444444444446,72
unfiltered_policy,nominal_boundary,dynamic_obstacle_crossing,5,0.3055555555555556,0.5833333333333334,0.0,0.0,0.6666666666666666,0.4305555555555556,0.3055555555555556,0.0,0.375,1.0519719521196333,0.05466362098160224,0.05555555555555555,72
unfiltered_policy,nominal_boundary,dynamic_obstacle_crossing,6,0.3194444444444444,0.5138888888888888,0.0,0.0,0.5555555555555556,0.375,0.3472222222222222,0.0,0.3888888888888889,0.9795161282527016,0.054580866316750284,0.046511627906976744,72
unfiltered_policy,nominal_boundary,fragile_object_pushing,0,0.4444444444444444,0.3472222222222222,0.0,0.0,0.3888888888888889,0.3472222222222222,0.3611111111111111,0.0,0.3611111111111111,0.760663455909659,0.05459682071303404,0.0,72
unfiltered_policy,nominal_boundary,fragile_object_pushing,1,0.3888888888888889,0.4583333333333333,0.0,0.0,0.4444444444444444,0.3472222222222222,0.2638888888888889,0.0,0.2916666666666667,0.8895865942969989,0.05460540771813552,0.0,72
unfiltered_policy,nominal_boundary,fragile_object_pushing,2,0.4166666666666667,0.4027777777777778,0.0,0.0,0.4305555555555556,0.2638888888888889,0.4305555555555556,0.0,0.1527777777777778,0.814984364598869,0.05466779076715377,0.0,72
unfiltered_policy,nominal_boundary,fragile_object_pushing,3,0.5,0.4027777777777778,0.0,0.0,0.4722222222222222,0.375,0.4305555555555556,0.0,0.3194444444444444,0.7684056844698852,0.05449575163721557,0.0,72
unfiltered_policy,nominal_boundary,fragile_object_pushing,4,0.4444444444444444,0.4444444444444444,0.0,0.0,0.5,0.4027777777777778,0.3472222222222222,0.0,0.3055555555555556,0.8452596002813806,0.054618982089143224,0.0,72
unfiltered_policy,nominal_boundary,fragile_object_pushing,5,0.5972222222222222,0.2361111111111111,0.0,0.0,0.4444444444444444,0.3055555555555556,0.3472222222222222,0.0,0.2222222222222222,0.5567724546971847,0.0546161423868946,0.0,72
unfiltered_policy,nominal_boundary,fragile_object_pushing,6,0.4444444444444444,0.4444444444444444,0.0,0.0,0.375,0.25,0.4444444444444444,0.0,0.2638888888888889,0.8271397602382146,0.05456997930170601,0.0,72
unfiltered_policy,nominal_boundary,human_workspace_reaching,0,0.4861111111111111,0.375,0.0,0.0,0.4861111111111111,0.2638888888888889,0.5,0.0,0.3888888888888889,0.766525589415619,0.05465221565043527,0.0,72
unfiltered_policy,nominal_boundary,human_workspace_reaching,1,0.4027777777777778,0.375,0.0,0.0,0.4861111111111111,0.3055555555555556,0.3888888888888889,0.0,0.3333333333333333,0.8302417126901583,0.05461738441171302,0.08,72
unfiltered_policy,nominal_boundary,human_workspace_reaching,2,0.4583333333333333,0.375,0.0,0.0,0.5,0.2638888888888889,0.4027777777777778,0.0,0.3055555555555556,0.7859382916738191,0.0545456382181576,0.08333333333333333,72
unfiltered_policy,nominal_boundary,human_workspace_reaching,3,0.6527777777777778,0.2916666666666667,0.0,0.0,0.5,0.375,0.4166666666666667,0.0,0.25,0.5930178245267577,0.05467974460770289,0.0,72
unfiltered_policy,nominal_boundary,human_workspace_reaching,4,0.4722222222222222,0.4166666666666667,0.0,0.0,0.5,0.3333333333333333,0.3888888888888889,0.0,0.4722222222222222,0.8180415199608407,0.054553708915392664,0.0,72
unfiltered_policy,nominal_boundary,human_workspace_reaching,5,0.4166666666666667,0.4583333333333333,0.0,0.0,0.5694444444444444,0.25,0.4305555555555556,0.0,0.3194444444444444,0.8816957343880476,0.05453740292611452,0.0,72
unfiltered_policy,nominal_boundary,human_workspace_reaching,6,0.5555555555555556,0.3333333333333333,0.0,0.0,0.4722222222222222,0.4027777777777778,0.3333333333333333,0.0,0.3472222222222222,0.6994783665548674,0.05473243942702747,0.0,72
unfiltered_policy,nominal_boundary,narrow_corridor_navigation,0,0.4444444444444444,0.4166666666666667,0.0,0.0,0.5555555555555556,0.3194444444444444,0.4583333333333333,0.0,0.25,0.8204502172185616,0.054582622746000134,0.0,72
unfiltered_policy,nominal_boundary,narrow_corridor_navigation,1,0.4166666666666667,0.5277777777777778,0.0,0.0,0.5138888888888888,0.3055555555555556,0.5,0.0,0.2916666666666667,0.9276537479673154,0.05462116263482643,0.0,72
unfiltered_policy,nominal_boundary,narrow_corridor_navigation,2,0.4722222222222222,0.4027777777777778,0.0,0.0,0.6944444444444444,0.2361111111111111,0.3472222222222222,0.0,0.25,0.7792570135019455,0.05462660724788477,0.0,72
unfiltered_policy,nominal_boundary,narrow_corridor_navigation,3,0.4444444444444444,0.375,0.0,0.0,0.5,0.2777777777777778,0.4583333333333333,0.0,0.4583333333333333,0.7820243360479905,0.05462064914609212,0.0,72
unfiltered_policy,nominal_boundary,narrow_corridor_navigation,4,0.4027777777777778,0.4722222222222222,0.0,0.0,0.4027777777777778,0.3472222222222222,0.4027777777777778,0.0,0.3194444444444444,0.8986660804668697,0.054660658174114855,0.0,72
unfiltered_policy,nominal_boundary,narrow_corridor_navigation,5,0.4722222222222222,0.3888888888888889,0.0,0.0,0.5694444444444444,0.25,0.5,0.0,0.2638888888888889,0.7703983431636892,0.054642610944446335,0.0,72
unfiltered_policy,nominal_boundary,narrow_corridor_navigation,6,0.4444444444444444,0.4305555555555556,0.0,0.0,0.5555555555555556,0.3888888888888889,0.3194444444444444,0.0,0.2638888888888889,0.8404657867667726,0.054624105746283354,0.0,72
unfiltered_policy,tightened_safe_set,dynamic_obstacle_crossing,0,0.20833333333333334,0.75,0.0,0.0,0.375,0.4861111111111111,0.25,0.0,0.6111111111111112,1.2573660375041877,0.0532089663251838,0.6666666666666666,72
unfiltered_policy,tightened_safe_set,dynamic_obstacle_crossing,1,0.3611111111111111,0.5416666666666666,0.0,0.0,0.4861111111111111,0.5972222222222222,0.18055555555555555,0.0,0.5972222222222222,0.9947376561894647,0.0532162248593833,0.5882352941176471,72
unfiltered_policy,tightened_safe_set,dynamic_obstacle_crossing,2,0.19444444444444445,0.6666666666666666,0.0,0.0,0.4722222222222222,0.6666666666666666,0.08333333333333333,0.0,0.6527777777777778,1.2223572742967619,0.05329108816775559,0.6019417475728156,72
unfiltered_policy,tightened_safe_set,dynamic_obstacle_crossing,3,0.20833333333333334,0.6388888888888888,0.0,0.0,0.5277777777777778,0.6666666666666666,0.09722222222222222,0.0,0.6805555555555556,1.1906235309203117,0.05321352896426238,0.6788990825688073,72
unfiltered_policy,tightened_safe_set,dynamic_obstacle_crossing,4,0.18055555555555555,0.75,0.0,0.0,0.5138888888888888,0.5138888888888888,0.19444444444444445,0.0,0.5694444444444444,1.280585621680888,0.053183315300605556,0.6909090909090909,72
unfiltered_policy,tightened_safe_set,dynamic_obstacle_crossing,5,0.18055555555555555,0.7222222222222222,0.0,0.0,0.4027777777777778,0.5555555555555556,0.2222222222222222,0.0,0.6805555555555556,1.2641155748770534,0.05321146805213254,0.6666666666666666,72
unfiltered_policy,tightened_safe_set,dynamic_obstacle_crossing,6,0.1527777777777778,0.6805555555555556,0.0,0.0,0.5833333333333334,0.5555555555555556,0.16666666666666666,0.0,0.6111111111111112,1.2508073358764522,0.053180180357875306,0.6415094339622641,72
unfiltered_policy,tightened_safe_set,fragile_object_pushing,0,0.3055555555555556,0.5694444444444444,0.0,0.0,0.3888888888888889,0.4861111111111111,0.25,0.0,0.4861111111111111,1.0508313041992066,0.05328831731931331,0.32558139534883723,72
unfiltered_policy,tightened_safe_set,fragile_object_pushing,1,0.375,0.5,0.0,0.0,0.5138888888888888,0.5416666666666666,0.18055555555555555,0.0,0.4444444444444444,0.9520196463401851,0.053291622184693854,0.24390243902439027,72
unfiltered_policy,tightened_safe_set,fragile_object_pushing,2,0.2916666666666667,0.5833333333333334,0.0,0.0,0.2916666666666667,0.5,0.19444444444444445,0.0,0.4583333333333333,1.0736078987704523,0.05325080072671261,0.30588235294117644,72
unfiltered_policy,tightened_safe_set,fragile_object_pushing,3,0.2916666666666667,0.5972222222222222,0.0,0.0,0.4444444444444444,0.4861111111111111,0.3055555555555556,0.0,0.5,1.0830518963972342,0.05330270582853303,0.32558139534883723,72
unfiltered_policy,tightened_safe_set,fragile_object_pushing,4,0.2916666666666667,0.5833333333333334,0.0,0.0,0.5138888888888888,0.4166666666666667,0.2777777777777778,0.0,0.4166666666666667,1.063274923248304,0.05321028538984612,0.15384615384615385,72
unfiltered_policy,tightened_safe_set,fragile_object_pushing,5,0.2777777777777778,0.6388888888888888,0.0,0.0,0.4583333333333333,0.5416666666666666,0.2361111111111111,0.0,0.4583333333333333,1.1334136894194482,0.053234358066517044,0.24390243902439027,72
unfiltered_policy,tightened_safe_set,fragile_object_pushing,6,0.2916666666666667,0.5555555555555556,0.0,0.0,0.4166666666666667,0.5555555555555556,0.2222222222222222,0.0,0.4305555555555556,1.058040723158483,0.053252319739419934,0.24390243902439027,72
unfiltered_policy,tightened_safe_set,human_workspace_reaching,0,0.18055555555555555,0.6805555555555556,0.0,0.0,0.4166666666666667,0.4722222222222222,0.2638888888888889,0.0,0.5138888888888888,1.2514201239891574,0.05320167121350948,0.30588235294117644,72
unfiltered_policy,tightened_safe_set,human_workspace_reaching,1,0.2916666666666667,0.625,0.0,0.0,0.5416666666666666,0.4861111111111111,0.25,0.0,0.5694444444444444,1.1287325191825484,0.05330484588489348,0.17721518987341772,72
unfiltered_policy,tightened_safe_set,human_workspace_reaching,2,0.3888888888888889,0.5,0.0,0.0,0.5138888888888888,0.5416666666666666,0.18055555555555555,0.0,0.5277777777777778,0.9646430491272014,0.05328704882661281,0.30588235294117644,72
unfiltered_policy,tightened_safe_set,human_workspace_reaching,3,0.3472222222222222,0.5972222222222222,0.0,0.0,0.5416666666666666,0.5416666666666666,0.2222222222222222,0.0,0.4583333333333333,1.073897609031421,0.05323652587268733,0.3448275862068966,72
unfiltered_policy,tightened_safe_set,human_workspace_reaching,4,0.2638888888888889,0.5833333333333334,0.0,0.0,0.4583333333333333,0.6111111111111112,0.19444444444444445,0.0,0.4027777777777778,1.1302416532030022,0.053258402801323185,0.32558139534883723,72
unfiltered_policy,tightened_safe_set,human_workspace_reaching,5,0.3611111111111111,0.5138888888888888,0.0,0.0,0.5277777777777778,0.6111111111111112,0.16666666666666666,0.0,0.5138888888888888,1.0048983203902213,0.05329761500727238,0.30588235294117644,72
unfiltered_policy,tightened_safe_set,human_workspace_reaching,6,0.3472222222222222,0.625,0.0,0.0,0.5,0.4861111111111111,0.3333333333333333,0.0,0.4861111111111111,1.0881599880086317,0.05333683016112718,0.30588235294117644,72
unfiltered_policy,tightened_safe_set,narrow_corridor_navigation,0,0.375,0.5972222222222222,0.0,0.0,0.4027777777777778,0.5416666666666666,0.16666666666666666,0.0,0.5138888888888888,1.0374615928975812,0.05325965804601307,0.4175824175824176,72
unfiltered_policy,tightened_safe_set,narrow_corridor_navigation,1,0.2222222222222222,0.6666666666666666,0.0,0.0,0.6111111111111112,0.5277777777777778,0.20833333333333334,0.0,0.5277777777777778,1.2012019791336404,0.05318971654203133,0.26506024096385544,72
unfiltered_policy,tightened_safe_set,narrow_corridor_navigation,2,0.375,0.5277777777777778,0.0,0.0,0.625,0.4861111111111111,0.25,0.0,0.5833333333333334,0.9756327503335276,0.05323281933800919,0.30588235294117644,72
unfiltered_policy,tightened_safe_set,narrow_corridor_navigation,3,0.2638888888888889,0.5972222222222222,0.0,0.0,0.5694444444444444,0.5277777777777778,0.2222222222222222,0.0,0.4861111111111111,1.1164774323063789,0.05325802447517845,0.24390243902439027,72
unfiltered_policy,tightened_safe_set,narrow_corridor_navigation,4,0.3055555555555556,0.6527777777777778,0.0,0.0,0.625,0.4722222222222222,0.2638888888888889,0.0,0.5,1.1234878527227763,0.053247702028897774,0.32558139534883723,72
unfiltered_policy,tightened_safe_set,narrow_corridor_navigation,5,0.2916666666666667,0.5833333333333334,0.0,0.0,0.6527777777777778,0.4722222222222222,0.18055555555555555,0.0,0.4722222222222222,1.0785199961622396,0.05326260979335953,0.30588235294117644,72
unfiltered_policy,tightened_safe_set,narrow_corridor_navigation,6,0.3611111111111111,0.5416666666666666,0.0,0.0,0.6111111111111112,0.5555555555555556,0.2638888888888889,0.0,0.5555555555555556,1.0049527562626048,0.05318697999267466,0.38202247191011235,72
