seed,stress_level,method,task_success,deployed_violation,unshielded_violation,intervention_rate,intervention_severity,filter_dependence,boundary_f1,boundary_ece,transfer_violation,recovery_success,robust_utility,mechanism_utility,action_regret
0,0.0,action_clipping_filter,0.272222,0.444444,0.819444,0.891667,0.209576,0.677250,0.724584,0.059035,0.858333,0.380556,-0.259162,-0.112463,0.607571
0,0.0,adversarial_safety_critic,0.266667,0.611111,0.738889,0.422222,0.062993,0.165611,0.521505,0.194876,0.666667,0.136111,-0.221619,0.237025,0.547834
0,0.0,boundary_learning_filter_v4,0.358333,0.469444,0.758333,0.744444,0.101052,0.234014,0.725410,0.087136,0.602778,0.311111,-0.060617,0.211817,0.489226
0,0.0,cbf_safety_filter,0.538889,0.319444,0.797222,0.847222,0.205812,0.707089,0.727619,0.142229,0.825000,0.472222,0.091042,-0.080364,0.511141
0,0.0,conformal_uncertainty_shield,0.536111,0.327778,0.783333,0.866667,0.249051,0.746092,0.733083,0.210543,0.780556,0.466667,0.063426,-0.075664,0.522027
0,0.0,counterfactual_boundary_learning_filter_v5,0.427778,0.411111,0.741667,0.738889,0.106699,0.185889,0.724280,0.054569,0.597222,0.369444,0.057042,0.250469,0.444312
0,0.0,geometric_projection_filter,0.300000,0.563889,0.780556,0.558333,0.111156,0.408633,0.612827,0.181323,0.808333,0.250000,-0.223444,0.055206,0.587088
0,0.0,lagrangian_safe_rl,0.311111,0.622222,0.780556,0.538889,0.066976,0.202533,0.608696,0.143945,0.705556,0.169444,-0.191783,0.169751,0.550848
0,0.0,oracle_boundary_teacher,0.644444,0.125000,0.688889,0.941667,0.076552,0.150600,0.762075,0.037530,0.388889,0.580556,0.481323,0.400699,0.272562
0,0.0,recovery_policy_shield,0.605556,0.350000,0.772222,0.794444,0.152230,0.522522,0.711462,0.095421,0.691667,0.422222,0.197083,0.065094,0.448993
0,0.0,robust_mpc_shield,0.727778,0.216667,0.788889,0.888889,0.203876,0.710750,0.744444,0.103459,0.780556,0.575000,0.352150,-0.051652,0.431366
0,0.0,safety_filter_distillation,0.375000,0.447222,0.758333,0.797222,0.106027,0.256400,0.729783,0.114024,0.647222,0.305556,-0.036246,0.189839,0.488364
0,0.0,shielded_behavior_cloning,0.347222,0.594444,0.805556,0.544444,0.077889,0.223228,0.600962,0.115622,0.758333,0.197222,-0.144705,0.120596,0.541985
0,0.0,unfiltered_policy,0.194444,0.808333,0.794444,0.000000,0.000000,0.000000,0.000000,0.439193,0.827778,0.000000,-0.373553,0.195244,0.619778
0,0.2,action_clipping_filter,0.222222,0.575000,0.872222,0.905556,0.217407,0.708544,0.786207,0.146954,0.911111,0.325000,-0.401664,-0.199131,0.664514
0,0.2,adversarial_safety_critic,0.205556,0.652778,0.805556,0.519444,0.078562,0.208756,0.603175,0.263441,0.758333,0.177778,-0.324077,0.121602,0.581370
0,0.2,boundary_learning_filter_v4,0.333333,0.544444,0.825000,0.844444,0.117599,0.269597,0.770609,0.094281,0.702778,0.300000,-0.145624,0.096092,0.525475
0,0.2,cbf_safety_filter,0.469444,0.305556,0.861111,0.930556,0.230489,0.797172,0.801358,0.185526,0.869444,0.566667,0.003070,-0.196026,0.535838
0,0.2,conformal_uncertainty_shield,0.486111,0.322222,0.841667,0.941667,0.278117,0.834200,0.812816,0.279894,0.852778,0.527778,-0.010613,-0.194136,0.546054
0,0.2,counterfactual_boundary_learning_filter_v5,0.327778,0.461111,0.802778,0.841667,0.124466,0.215133,0.771993,0.080713,0.633333,0.352778,-0.088675,0.160820,0.487020
0,0.2,geometric_projection_filter,0.297222,0.558333,0.822222,0.638889,0.129807,0.476739,0.665289,0.215413,0.866667,0.266667,-0.241757,-0.032186,0.597396
0,0.2,lagrangian_safe_rl,0.252778,0.697222,0.813889,0.586111,0.074409,0.224817,0.645161,0.199081,0.763889,0.161111,-0.305909,0.105812,0.590527
0,0.2,oracle_boundary_teacher,0.588889,0.130556,0.727778,0.986111,0.083839,0.162050,0.827586,0.029075,0.530556,0.616667,0.416098,0.312433,0.288137
0,0.2,recovery_policy_shield,0.547222,0.366667,0.844444,0.833333,0.161529,0.563633,0.772563,0.151373,0.794444,0.477778,0.115488,-0.056385,0.472600
0,0.2,robust_mpc_shield,0.658333,0.216667,0.827778,0.952778,0.223605,0.785500,0.827471,0.151687,0.825000,0.605556,0.259895,-0.136229,0.457776
0,0.2,safety_filter_distillation,0.325000,0.513889,0.808333,0.858333,0.117456,0.282000,0.777975,0.147884,0.744444,0.316667,-0.138326,0.096009,0.524827
0,0.2,shielded_behavior_cloning,0.222222,0.688889,0.833333,0.613889,0.089053,0.259389,0.677895,0.171072,0.794444,0.147222,-0.343746,0.061162,0.603556
0,0.2,unfiltered_policy,0.100000,0.883333,0.883333,0.000000,0.000000,0.000000,0.000000,0.529224,0.880556,0.000000,-0.518360,0.086233,0.662667
0,0.4,action_clipping_filter,0.172222,0.575000,0.897222,0.930556,0.229233,0.743661,0.836601,0.153709,0.913889,0.338889,-0.463674,-0.241018,0.680857
0,0.4,adversarial_safety_critic,0.194444,0.647222,0.891667,0.675000,0.105492,0.276467,0.719231,0.279846,0.813889,0.238889,-0.353302,-0.011064,0.594787
0,0.4,boundary_learning_filter_v4,0.230556,0.572222,0.858333,0.894444,0.128766,0.291472,0.828047,0.139001,0.761111,0.308333,-0.276806,0.032185,0.559554
0,0.4,cbf_safety_filter,0.416667,0.305556,0.869444,0.972222,0.251267,0.851222,0.861244,0.192082,0.902778,0.569444,-0.068164,-0.239096,0.556619
0,0.4,conformal_uncertainty_shield,0.419444,0.344444,0.866667,0.966667,0.293930,0.872192,0.854400,0.307298,0.877778,0.519444,-0.105574,-0.245565,0.573904
0,0.4,counterfactual_boundary_learning_filter_v5,0.325000,0.502778,0.827778,0.913889,0.140002,0.237922,0.831683,0.112068,0.736111,0.338889,-0.126868,0.092272,0.506440
0,0.4,geometric_projection_filter,0.211111,0.625000,0.886111,0.713889,0.146974,0.545072,0.741573,0.242438,0.911111,0.275000,-0.391274,-0.141399,0.647242
0,0.4,lagrangian_safe_rl,0.219444,0.658333,0.866667,0.722222,0.094686,0.282683,0.748603,0.205904,0.816667,0.241667,-0.333145,0.012816,0.595343
0,0.4,oracle_boundary_teacher,0.541667,0.175000,0.836111,0.997222,0.089298,0.167050,0.867925,0.037919,0.591667,0.661111,0.336738,0.180509,0.313386
0,0.4,recovery_policy_shield,0.447222,0.383333,0.900000,0.913889,0.181025,0.628178,0.828383,0.141847,0.783333,0.505556,-0.016720,-0.138366,0.509188
0,0.4,robust_mpc_shield,0.597222,0.263889,0.880556,0.977778,0.234674,0.821500,0.871224,0.168494,0.894444,0.613889,0.156654,-0.227797,0.491421
0,0.4,safety_filter_distillation,0.250000,0.566667,0.888889,0.927778,0.130829,0.310600,0.837971,0.142904,0.808333,0.333333,-0.258599,-0.019904,0.562555
0,0.4,shielded_behavior_cloning,0.161111,0.702778,0.894444,0.733333,0.109849,0.313567,0.746765,0.188143,0.825000,0.200000,-0.432377,-0.034512,0.630467
0,0.4,unfiltered_policy,0.080556,0.886111,0.900000,0.000000,0.000000,0.000000,0.000000,0.594100,0.902778,0.000000,-0.540180,0.062422,0.667444
0,0.6,action_clipping_filter,0.136111,0.616667,0.925000,0.958333,0.241197,0.773283,0.869841,0.142824,0.933333,0.333333,-0.536597,-0.289777,0.707120
0,0.6,adversarial_safety_critic,0.180556,0.655556,0.894444,0.744444,0.118345,0.307022,0.766727,0.272156,0.813889,0.244444,-0.382694,-0.027992,0.606211
0,0.6,boundary_learning_filter_v4,0.152778,0.627778,0.866667,0.950000,0.141036,0.311792,0.864434,0.137071,0.783333,0.261111,-0.399731,0.004066,0.597535
0,0.6,cbf_safety_filter,0.397222,0.358333,0.919444,0.980556,0.259903,0.863756,0.874608,0.191103,0.925000,0.563889,-0.126535,-0.304087,0.580455
0,0.6,conformal_uncertainty_shield,0.355556,0.352778,0.911111,0.994444,0.314211,0.903986,0.880249,0.268571,0.891667,0.558333,-0.188958,-0.311246,0.596814
0,0.6,counterfactual_boundary_learning_filter_v5,0.255556,0.486111,0.880556,0.975000,0.153191,0.255967,0.874214,0.104705,0.769444,0.394444,-0.195418,0.019495,0.519535
0,0.6,geometric_projection_filter,0.186111,0.547222,0.908333,0.802778,0.169574,0.615911,0.790941,0.233298,0.916667,0.366667,-0.388618,-0.193418,0.639921
0,0.6,lagrangian_safe_rl,0.169444,0.675000,0.891667,0.794444,0.106775,0.311267,0.777583,0.211459,0.858333,0.238889,-0.404450,-0.038958,0.616283
0,0.6,oracle_boundary_teacher,0.480556,0.211111,0.852778,1.000000,0.094026,0.168750,0.883721,0.019178,0.583333,0.644444,0.249174,0.162413,0.338219
0,0.6,recovery_policy_shield,0.430556,0.377778,0.902778,0.930556,0.190093,0.642978,0.841935,0.165847,0.855556,0.522222,-0.035980,-0.170119,0.514152
0,0.6,robust_mpc_shield,0.530556,0.261111,0.900000,0.983333,0.245268,0.829500,0.876369,0.143215,0.905556,0.638889,0.084954,-0.256813,0.506733
0,0.6,safety_filter_distillation,0.227778,0.525000,0.894444,0.952778,0.138953,0.321100,0.859873,0.138292,0.786111,0.377778,-0.259670,-0.023313,0.556388
0,0.6,shielded_behavior_cloning,0.136111,0.688889,0.905556,0.813889,0.124379,0.350239,0.795848,0.171254,0.838889,0.250000,-0.460912,-0.065998,0.638039
0,0.6,unfiltered_policy,0.047222,0.902778,0.913889,0.000000,0.000000,0.000000,0.000000,0.610582,0.919444,0.000000,-0.585100,0.042333,0.679444
0,0.8,action_clipping_filter,0.119444,0.605556,0.936111,0.958333,0.244163,0.784750,0.897833,0.186538,0.950000,0.341667,-0.549924,-0.310604,0.708808
0,0.8,adversarial_safety_critic,0.113889,0.686111,0.938889,0.797222,0.130556,0.333178,0.812925,0.279998,0.866667,0.261111,-0.479518,-0.102467,0.634659
0,0.8,boundary_learning_filter_v4,0.166667,0.630556,0.922222,0.977778,0.149475,0.325306,0.900459,0.136589,0.816667,0.302778,-0.392280,-0.067863,0.598787
0,0.8,cbf_safety_filter,0.319444,0.405556,0.925000,0.986111,0.268964,0.880728,0.902439,0.197800,0.938889,0.522222,-0.242606,-0.324814,0.614790
0,0.8,conformal_uncertainty_shield,0.330556,0.369444,0.927778,0.997222,0.322685,0.920422,0.912121,0.288841,0.947222,0.558333,-0.230999,-0.353240,0.610645
0,0.8,counterfactual_boundary_learning_filter_v5,0.255556,0.544444,0.905556,0.988889,0.161130,0.263122,0.904110,0.110962,0.772222,0.366667,-0.235956,-0.012367,0.540489
0,0.8,geometric_projection_filter,0.191667,0.555556,0.913889,0.861111,0.184348,0.669894,0.841244,0.249167,0.955556,0.369444,-0.403165,-0.233263,0.650614
0,0.8,lagrangian_safe_rl,0.116667,0.697222,0.922222,0.841667,0.115385,0.337050,0.847682,0.223667,0.888889,0.241667,-0.480566,-0.091485,0.638593
0,0.8,oracle_boundary_teacher,0.397222,0.258333,0.888889,1.000000,0.097962,0.171150,0.910741,0.038447,0.650000,0.630556,0.131753,0.101476,0.370993
0,0.8,recovery_policy_shield,0.380556,0.408333,0.930556,0.944444,0.198199,0.664356,0.886115,0.155098,0.875000,0.519444,-0.113466,-0.215051,0.537954
0,0.8,robust_mpc_shield,0.461111,0.272222,0.930556,0.994444,0.253733,0.850750,0.907436,0.184130,0.922222,0.658333,-0.000404,-0.303482,0.528251
0,0.8,safety_filter_distillation,0.155556,0.627778,0.930556,0.975000,0.146902,0.333900,0.901840,0.161056,0.861111,0.313889,-0.403922,-0.092865,0.606688
0,0.8,shielded_behavior_cloning,0.102778,0.697222,0.925000,0.883333,0.139126,0.385633,0.852989,0.183388,0.902778,0.252778,-0.511882,-0.121275,0.654274
0,0.8,unfiltered_policy,0.013889,0.930556,0.930556,0.000000,0.000000,0.000000,0.000000,0.662921,0.947222,0.000000,-0.637033,0.015778,0.695000
0,1.0,action_clipping_filter,0.097222,0.625000,0.947222,0.975000,0.254450,0.798367,0.900763,0.152997,0.963889,0.338889,-0.590814,-0.333914,0.722961
0,1.0,adversarial_safety_critic,0.105556,0.694444,0.941667,0.869444,0.145134,0.363856,0.849271,0.264222,0.897222,0.269444,-0.503699,-0.128837,0.645298
0,1.0,boundary_learning_filter_v4,0.100000,0.658333,0.911111,0.986111,0.155612,0.329097,0.910470,0.096735,0.819444,0.269444,-0.481141,-0.062396,0.622569
0,1.0,cbf_safety_filter,0.297222,0.330556,0.952778,0.988889,0.275798,0.885689,0.909091,0.183006,0.958333,0.622222,-0.221161,-0.359619,0.597060
0,1.0,conformal_uncertainty_shield,0.258333,0.413889,0.950000,1.000000,0.335514,0.924733,0.915663,0.252018,0.938889,0.541667,-0.338150,-0.379930,0.642138
0,1.0,counterfactual_boundary_learning_filter_v5,0.172222,0.552778,0.919444,0.991667,0.166594,0.264600,0.910741,0.083290,0.769444,0.372222,-0.329089,-0.028973,0.560983
0,1.0,geometric_projection_filter,0.152778,0.577778,0.930556,0.880556,0.194193,0.689256,0.866345,0.238349,0.952778,0.372222,-0.464025,-0.259543,0.669599
0,1.0,lagrangian_safe_rl,0.138889,0.641667,0.941667,0.916667,0.130189,0.366100,0.870662,0.201735,0.913889,0.311111,-0.432628,-0.129654,0.622522
0,1.0,oracle_boundary_teacher,0.361111,0.219444,0.913889,1.000000,0.101954,0.171600,0.915663,0.021561,0.683333,0.694444,0.117790,0.066045,0.366544
0,1.0,recovery_policy_shield,0.355556,0.369444,0.938889,0.988889,0.212435,0.697244,0.909091,0.124359,0.905556,0.572222,-0.125382,-0.246531,0.537019
0,1.0,robust_mpc_shield,0.430556,0.269444,0.950000,0.997222,0.261384,0.855500,0.914027,0.137693,0.961111,0.683333,-0.033339,-0.338350,0.535420
0,1.0,safety_filter_distillation,0.155556,0.605556,0.933333,0.991667,0.153186,0.340200,0.910741,0.132618,0.866667,0.338889,-0.392965,-0.100123,0.601464
0,1.0,shielded_behavior_cloning,0.088889,0.719444,0.944444,0.922222,0.147603,0.403522,0.874214,0.175753,0.925000,0.244444,-0.546253,-0.156529,0.667836
0,1.0,unfiltered_policy,0.016667,0.952778,0.938889,0.000000,0.000000,0.000000,0.000000,0.650785,0.952778,0.000000,-0.648193,0.005122,0.701556
1,0.0,action_clipping_filter,0.263889,0.533333,0.836111,0.897222,0.212666,0.694928,0.764602,0.124806,0.838889,0.316667,-0.328282,-0.133318,0.640360
1,0.0,adversarial_safety_critic,0.263889,0.666667,0.794444,0.413889,0.061820,0.167078,0.552430,0.277019,0.713889,0.138889,-0.259506,0.165171,0.566132
1,0.0,boundary_learning_filter_v4,0.344444,0.536111,0.805556,0.747222,0.101253,0.235569,0.704501,0.151844,0.677778,0.291667,-0.117398,0.139080,0.513561
1,0.0,cbf_safety_filter,0.555556,0.325000,0.811111,0.894444,0.217220,0.760878,0.780142,0.177150,0.830556,0.486111,0.090725,-0.117494,0.518094
1,0.0,conformal_uncertainty_shield,0.536111,0.350000,0.822222,0.866667,0.249824,0.760642,0.768953,0.267558,0.813889,0.475000,0.046278,-0.130684,0.531023
1,0.0,counterfactual_boundary_learning_filter_v5,0.394444,0.497222,0.752778,0.725000,0.104872,0.183867,0.711730,0.104129,0.613889,0.272222,-0.030781,0.232029,0.477963
1,0.0,geometric_projection_filter,0.311111,0.591667,0.836111,0.558333,0.110420,0.413417,0.613995,0.226145,0.830556,0.255556,-0.230251,-0.009269,0.594197
1,0.0,lagrangian_safe_rl,0.313889,0.627778,0.830556,0.511111,0.063783,0.195417,0.605634,0.200676,0.758333,0.180556,-0.190084,0.107003,0.550642
1,0.0,oracle_boundary_teacher,0.622222,0.116667,0.736111,0.944444,0.076692,0.154100,0.804124,0.039294,0.461111,0.625000,0.462912,0.330337,0.274786
1,0.0,recovery_policy_shield,0.563889,0.391667,0.825000,0.777778,0.147159,0.522522,0.743295,0.126680,0.719444,0.438889,0.129247,0.002820,0.469747
1,0.0,robust_mpc_shield,0.658333,0.244444,0.825000,0.916667,0.209421,0.745500,0.783217,0.132015,0.822222,0.580556,0.254426,-0.116219,0.459311
1,0.0,safety_filter_distillation,0.394444,0.508333,0.811111,0.758333,0.100886,0.248700,0.745631,0.130083,0.702778,0.297222,-0.051734,0.122633,0.502181
1,0.0,shielded_behavior_cloning,0.302778,0.638889,0.811111,0.588889,0.084363,0.247122,0.660793,0.151196,0.761111,0.183333,-0.225255,0.101965,0.569129
1,0.0,unfiltered_policy,0.177778,0.847222,0.811111,0.000000,0.000000,0.000000,0.000000,0.494493,0.850000,0.000000,-0.415300,0.170333,0.635556
1,0.2,action_clipping_filter,0.194444,0.577778,0.863889,0.919444,0.221964,0.726222,0.819728,0.118723,0.861111,0.322222,-0.436921,-0.183744,0.673900
1,0.2,adversarial_safety_critic,0.222222,0.688889,0.861111,0.527778,0.079996,0.213889,0.626398,0.274733,0.733333,0.183333,-0.331107,0.070582,0.590466
1,0.2,boundary_learning_filter_v4,0.288889,0.550000,0.833333,0.852778,0.119169,0.274847,0.801418,0.107984,0.686111,0.302778,-0.196496,0.089481,0.537054
1,0.2,cbf_safety_filter,0.488889,0.305556,0.852778,0.933333,0.232108,0.802133,0.809444,0.197629,0.872222,0.536111,0.021681,-0.190254,0.532836
1,0.2,conformal_uncertainty_shield,0.508333,0.272222,0.866667,0.947222,0.280449,0.840397,0.816054,0.269052,0.847222,0.597222,0.041972,-0.218131,0.526773
1,0.2,counterfactual_boundary_learning_filter_v5,0.322222,0.466667,0.794444,0.852778,0.127218,0.218944,0.787234,0.088253,0.650000,0.344444,-0.099469,0.161940,0.490862
1,0.2,geometric_projection_filter,0.272222,0.572222,0.850000,0.647222,0.130690,0.486989,0.689796,0.212161,0.880556,0.297222,-0.278621,-0.068960,0.608230
1,0.2,lagrangian_safe_rl,0.236111,0.650000,0.827778,0.630556,0.081141,0.242783,0.677686,0.181627,0.763889,0.172222,-0.298825,0.085264,0.582117
1,0.2,oracle_boundary_teacher,0.586111,0.138889,0.772222,0.983333,0.083747,0.162150,0.834697,0.026920,0.505556,0.638889,0.407977,0.275149,0.291355
1,0.2,recovery_policy_shield,0.516667,0.355556,0.850000,0.855556,0.165197,0.580078,0.785841,0.138235,0.777778,0.486111,0.086633,-0.063875,0.477789
1,0.2,robust_mpc_shield,0.561111,0.238889,0.869444,0.952778,0.224563,0.784000,0.816667,0.145748,0.858333,0.622222,0.145557,-0.190198,0.484324
1,0.2,safety_filter_distillation,0.286111,0.500000,0.794444,0.875000,0.119405,0.288600,0.793706,0.129110,0.747222,0.313889,-0.171571,0.105956,0.529303
1,0.2,shielded_behavior_cloning,0.208333,0.697222,0.827778,0.661111,0.096250,0.279194,0.698990,0.166646,0.775000,0.177778,-0.369363,0.063412,0.612673
1,0.2,unfiltered_policy,0.072222,0.863889,0.850000,0.000000,0.000000,0.000000,0.000000,0.531661,0.863889,0.000000,-0.534753,0.124633,0.662000
1,0.4,action_clipping_filter,0.219444,0.527778,0.866667,0.919444,0.225797,0.722639,0.806838,0.111443,0.897222,0.363889,-0.379954,-0.194716,0.653160
1,0.4,adversarial_safety_critic,0.188889,0.630556,0.844444,0.605556,0.094390,0.244811,0.673729,0.228713,0.769444,0.219444,-0.339003,0.063571,0.584768
1,0.4,boundary_learning_filter_v4,0.241667,0.541667,0.816667,0.911111,0.130476,0.290889,0.797251,0.113341,0.697222,0.297222,-0.246431,0.094091,0.547792
1,0.4,cbf_safety_filter,0.480556,0.277778,0.836111,0.958333,0.246754,0.822500,0.818030,0.138021,0.883333,0.555556,0.022327,-0.186471,0.530694
1,0.4,conformal_uncertainty_shield,0.419444,0.283333,0.855556,0.980556,0.297821,0.866264,0.817133,0.229631,0.886111,0.575000,-0.066944,-0.233623,0.554337
1,0.4,counterfactual_boundary_learning_filter_v5,0.275000,0.466667,0.800000,0.902778,0.137102,0.231311,0.804836,0.063215,0.661111,0.341667,-0.153520,0.145672,0.503569
1,0.4,geometric_projection_filter,0.213889,0.536111,0.880556,0.697222,0.144351,0.519789,0.693069,0.221714,0.886111,0.333333,-0.326507,-0.115772,0.614736
1,0.4,lagrangian_safe_rl,0.180556,0.633333,0.833333,0.716667,0.093845,0.273350,0.699219,0.168622,0.780556,0.230556,-0.355396,0.060550,0.593850
1,0.4,oracle_boundary_teacher,0.572222,0.163889,0.769444,0.997222,0.089225,0.163600,0.825449,0.055673,0.541667,0.605556,0.375993,0.264406,0.303293
1,0.4,recovery_policy_shield,0.533333,0.333333,0.844444,0.886111,0.176218,0.599606,0.795812,0.105557,0.769444,0.502778,0.110787,-0.064026,0.471672
1,0.4,robust_mpc_shield,0.622222,0.230556,0.836111,0.983333,0.236838,0.807750,0.825658,0.130305,0.897222,0.608333,0.205608,-0.178070,0.474494
1,0.4,safety_filter_distillation,0.319444,0.544444,0.836111,0.922222,0.129663,0.302300,0.795222,0.104549,0.755556,0.311111,-0.170916,0.054043,0.540349
1,0.4,shielded_behavior_cloning,0.188889,0.661111,0.852778,0.752778,0.112034,0.317528,0.746667,0.164185,0.819444,0.205556,-0.378831,0.008843,0.612447
1,0.4,unfiltered_policy,0.088889,0.833333,0.841667,0.000000,0.000000,0.000000,0.000000,0.538054,0.858333,0.000000,-0.498267,0.135944,0.648889
1,0.6,action_clipping_filter,0.169444,0.594444,0.930556,0.955556,0.239575,0.778061,0.885759,0.167245,0.936111,0.355556,-0.488654,-0.296196,0.693624
1,0.6,adversarial_safety_critic,0.138889,0.688889,0.922222,0.730556,0.116828,0.304944,0.781362,0.300767,0.850000,0.238889,-0.445882,-0.067451,0.624689
1,0.6,boundary_learning_filter_v4,0.163889,0.611111,0.888889,0.952778,0.140528,0.314806,0.874608,0.146885,0.805556,0.291667,-0.378198,-0.025057,0.590249
1,0.6,cbf_safety_filter,0.419444,0.336111,0.919444,0.986111,0.260777,0.876028,0.892308,0.234621,0.944444,0.586111,-0.092272,-0.313380,0.570530
1,0.6,conformal_uncertainty_shield,0.402778,0.330556,0.900000,0.991667,0.311870,0.910183,0.898773,0.303400,0.925000,0.569444,-0.126757,-0.310259,0.580581
1,0.6,counterfactual_boundary_learning_filter_v5,0.269444,0.494444,0.891667,0.977778,0.155577,0.258844,0.890263,0.125774,0.747222,0.400000,-0.187607,0.013547,0.520198
1,0.6,geometric_projection_filter,0.194444,0.566667,0.913889,0.783333,0.165898,0.609533,0.811092,0.267452,0.916667,0.363889,-0.389960,-0.196392,0.643050
1,0.6,lagrangian_safe_rl,0.180556,0.688889,0.913889,0.819444,0.109759,0.326317,0.827119,0.243532,0.883333,0.230556,-0.405610,-0.074941,0.620848
1,0.6,oracle_boundary_teacher,0.488889,0.197222,0.875000,1.000000,0.093896,0.170250,0.900763,0.035866,0.647222,0.677778,0.266280,0.121118,0.332265
1,0.6,recovery_policy_shield,0.430556,0.366667,0.913889,0.969444,0.198207,0.678539,0.888199,0.154839,0.866667,0.547222,-0.038394,-0.198687,0.516324
1,0.6,robust_mpc_shield,0.547222,0.305556,0.897222,0.977778,0.243699,0.832000,0.890263,0.169543,0.919444,0.594444,0.074056,-0.259885,0.517639
1,0.6,safety_filter_distillation,0.225000,0.541667,0.908333,0.975000,0.141358,0.331800,0.888545,0.164693,0.841667,0.372222,-0.275883,-0.058807,0.563994
1,0.6,shielded_behavior_cloning,0.141667,0.713889,0.888889,0.819444,0.125925,0.355478,0.810169,0.204511,0.886111,0.208333,-0.472449,-0.066390,0.645835
1,0.6,unfiltered_policy,0.033333,0.925000,0.936111,0.000000,0.000000,0.000000,0.000000,0.633483,0.947222,0.000000,-0.613460,0.010789,0.689333
1,0.8,action_clipping_filter,0.138889,0.600000,0.922222,0.966667,0.245402,0.787617,0.891304,0.158467,0.930556,0.336111,-0.527280,-0.291598,0.703709
1,0.8,adversarial_safety_critic,0.133333,0.661111,0.922222,0.808333,0.131886,0.338433,0.831346,0.286725,0.880556,0.263889,-0.445102,-0.090944,0.623640
1,0.8,boundary_learning_filter_v4,0.147222,0.602778,0.886111,0.961111,0.146453,0.318597,0.887850,0.113260,0.841667,0.297222,-0.392604,-0.035726,0.592438
1,0.8,cbf_safety_filter,0.350000,0.313889,0.930556,0.991667,0.270283,0.882033,0.897397,0.189676,0.930556,0.616667,-0.153853,-0.325059,0.579739
1,0.8,conformal_uncertainty_shield,0.322222,0.350000,0.925000,1.000000,0.324518,0.918267,0.902439,0.268835,0.902778,0.580556,-0.227426,-0.336256,0.606161
1,0.8,counterfactual_boundary_learning_filter_v5,0.225000,0.508333,0.880556,0.983333,0.160211,0.260867,0.898462,0.095451,0.797222,0.377778,-0.243981,0.006676,0.534609
1,0.8,geometric_projection_filter,0.144444,0.580556,0.936111,0.825000,0.177602,0.640283,0.822934,0.244509,0.933333,0.369444,-0.459832,-0.238508,0.663291
1,0.8,lagrangian_safe_rl,0.155556,0.691667,0.908333,0.813889,0.111570,0.324333,0.825127,0.225037,0.869444,0.247222,-0.433291,-0.065448,0.626825
1,0.8,oracle_boundary_teacher,0.425000,0.194444,0.886111,1.000000,0.097950,0.170400,0.902439,0.016982,0.661111,0.691667,0.200899,0.103794,0.344901
1,0.8,recovery_policy_shield,0.408333,0.383333,0.916667,0.966667,0.202740,0.677717,0.891304,0.119503,0.897222,0.530556,-0.072992,-0.212209,0.526819
1,0.8,robust_mpc_shield,0.497222,0.280556,0.930556,0.994444,0.252955,0.847750,0.902141,0.154326,0.938889,0.652778,0.032425,-0.306786,0.523195
1,0.8,safety_filter_distillation,0.177778,0.600000,0.913889,0.986111,0.148364,0.336100,0.897081,0.123134,0.830556,0.330556,-0.364316,-0.066784,0.593882
1,0.8,shielded_behavior_cloning,0.094444,0.747222,0.913889,0.858333,0.134913,0.374133,0.842975,0.170990,0.902778,0.188889,-0.548534,-0.106933,0.669803
1,0.8,unfiltered_policy,0.019444,0.936111,0.927778,0.000000,0.000000,0.000000,0.000000,0.623560,0.927778,0.000000,-0.634807,0.024322,0.695667
1,1.0,action_clipping_filter,0.094444,0.658333,0.955556,0.986111,0.257145,0.810072,0.913767,0.174309,0.952778,0.308333,-0.617831,-0.344808,0.736073
1,1.0,adversarial_safety_critic,0.086111,0.708333,0.936111,0.877778,0.147240,0.369356,0.868167,0.259215,0.900000,0.247222,-0.534236,-0.127356,0.654670
1,1.0,boundary_learning_filter_v4,0.127778,0.633333,0.905556,0.991667,0.155592,0.331625,0.917044,0.110311,0.869444,0.291667,-0.437192,-0.071395,0.609313
1,1.0,cbf_safety_filter,0.344444,0.333333,0.944444,0.994444,0.278591,0.892478,0.915663,0.193208,0.952778,0.611111,-0.176340,-0.351773,0.589821
1,1.0,conformal_uncertainty_shield,0.250000,0.400000,0.944444,1.000000,0.333840,0.926350,0.918919,0.264791,0.938889,0.550000,-0.337822,-0.374350,0.639253
1,1.0,counterfactual_boundary_learning_filter_v5,0.169444,0.597222,0.919444,0.988889,0.165653,0.264756,0.918429,0.122285,0.813889,0.341667,-0.359768,-0.043654,0.575610
1,1.0,geometric_projection_filter,0.119444,0.602778,0.938889,0.877778,0.192294,0.686294,0.858521,0.240700,0.947222,0.358333,-0.513067,-0.266228,0.683568
1,1.0,lagrangian_safe_rl,0.083333,0.719444,0.933333,0.863889,0.122427,0.346033,0.852512,0.214987,0.902778,0.225000,-0.532816,-0.112787,0.654716
1,1.0,oracle_boundary_teacher,0.394444,0.197222,0.925000,1.000000,0.102030,0.171900,0.918919,0.020453,0.655556,0.727778,0.166135,0.064521,0.352816
1,1.0,recovery_policy_shield,0.341667,0.419444,0.955556,0.977778,0.210488,0.690256,0.905775,0.130961,0.911111,0.544444,-0.169321,-0.263827,0.554607
1,1.0,robust_mpc_shield,0.419444,0.313889,0.930556,0.997222,0.262058,0.857750,0.920301,0.156717,0.950000,0.619444,-0.073502,-0.318164,0.552256
1,1.0,safety_filter_distillation,0.111111,0.633333,0.922222,0.988889,0.152930,0.339800,0.912387,0.120621,0.900000,0.297222,-0.456212,-0.100594,0.619148
1,1.0,shielded_behavior_cloning,0.094444,0.763889,0.947222,0.905556,0.146072,0.396239,0.863924,0.190727,0.930556,0.208333,-0.566680,-0.159345,0.679797
1,1.0,unfiltered_policy,0.025000,0.944444,0.950000,0.000000,0.000000,0.000000,0.000000,0.664833,0.941667,0.000000,-0.634333,-0.002222,0.697222
2,0.0,action_clipping_filter,0.305556,0.530556,0.811111,0.875000,0.206442,0.668650,0.737430,0.074455,0.827778,0.300000,-0.276497,-0.093318,0.626864
2,0.0,adversarial_safety_critic,0.247222,0.636111,0.758333,0.394444,0.058814,0.155956,0.516484,0.209790,0.697222,0.127778,-0.254336,0.211548,0.557812
2,0.0,boundary_learning_filter_v4,0.338889,0.505556,0.738889,0.713889,0.097610,0.220694,0.655532,0.099376,0.602778,0.263889,-0.099829,0.235220,0.502453
2,0.0,cbf_safety_filter,0.558333,0.294444,0.816667,0.863889,0.209312,0.724322,0.746717,0.149639,0.819444,0.522222,0.122444,-0.103884,0.501950
2,0.0,conformal_uncertainty_shield,0.519444,0.319444,0.783333,0.886111,0.253086,0.764144,0.743068,0.219186,0.813889,0.472222,0.046725,-0.093065,0.525586
2,0.0,counterfactual_boundary_learning_filter_v5,0.416667,0.430556,0.747222,0.730556,0.105400,0.182622,0.696907,0.060923,0.555556,0.341667,0.034328,0.258008,0.452131
2,0.0,geometric_projection_filter,0.341667,0.561111,0.752778,0.513889,0.102009,0.376289,0.584767,0.166267,0.822222,0.236111,-0.169606,0.093259,0.572339
2,0.0,lagrangian_safe_rl,0.341667,0.622222,0.775000,0.500000,0.062237,0.184800,0.537313,0.166412,0.711111,0.144444,-0.155349,0.181608,0.541756
2,0.0,oracle_boundary_teacher,0.638889,0.086111,0.677778,0.941667,0.076462,0.150600,0.759358,0.039610,0.427778,0.600000,0.500162,0.401295,0.261213
2,0.0,recovery_policy_shield,0.569444,0.350000,0.777778,0.758333,0.142886,0.504433,0.731313,0.112899,0.722222,0.425000,0.166118,0.058048,0.452363
2,0.0,robust_mpc_shield,0.625000,0.266667,0.780556,0.902778,0.206249,0.722500,0.749543,0.083903,0.797222,0.525000,0.211497,-0.056698,0.469758
2,0.0,safety_filter_distillation,0.375000,0.466667,0.769444,0.758333,0.100617,0.242400,0.690909,0.102722,0.655556,0.294444,-0.044168,0.181745,0.491932
2,0.0,shielded_behavior_cloning,0.294444,0.602778,0.772222,0.552778,0.078616,0.228211,0.622328,0.135522,0.719444,0.163889,-0.205635,0.162326,0.555936
2,0.0,unfiltered_policy,0.219444,0.811111,0.813889,0.000000,0.000000,0.000000,0.000000,0.453077,0.827778,0.000000,-0.349507,0.176211,0.615667
2,0.2,action_clipping_filter,0.247222,0.552778,0.855556,0.894444,0.215007,0.699706,0.785340,0.132754,0.844444,0.327778,-0.359383,-0.157578,0.650910
2,0.2,adversarial_safety_critic,0.261111,0.616667,0.838889,0.558333,0.084689,0.223667,0.623894,0.246876,0.775000,0.205556,-0.248690,0.078924,0.561595
2,0.2,boundary_learning_filter_v4,0.261111,0.555556,0.797222,0.861111,0.120564,0.273681,0.766488,0.104465,0.713889,0.275000,-0.228840,0.116672,0.544499
2,0.2,cbf_safety_filter,0.525000,0.283333,0.886111,0.927778,0.231948,0.792211,0.793162,0.174549,0.861111,0.605556,0.074997,-0.215197,0.517283
2,0.2,conformal_uncertainty_shield,0.477778,0.336111,0.852778,0.944444,0.279590,0.831236,0.795262,0.252680,0.830556,0.513889,-0.027814,-0.198411,0.552074
2,0.2,counterfactual_boundary_learning_filter_v5,0.363889,0.441667,0.805556,0.869444,0.128954,0.220811,0.765957,0.102490,0.666667,0.369444,-0.041562,0.146442,0.475065
2,0.2,geometric_projection_filter,0.294444,0.544444,0.830556,0.641667,0.129701,0.476967,0.659751,0.197599,0.866667,0.286111,-0.235872,-0.040192,0.593515
2,0.2,lagrangian_safe_rl,0.297222,0.633333,0.850000,0.633333,0.080460,0.241850,0.663883,0.194955,0.775000,0.222222,-0.224856,0.061937,0.564327
2,0.2,oracle_boundary_teacher,0.569444,0.141667,0.750000,0.986111,0.083968,0.161300,0.815182,0.020694,0.502778,0.613889,0.389130,0.298046,0.295515
2,0.2,recovery_policy_shield,0.550000,0.313889,0.833333,0.886111,0.172747,0.597139,0.785965,0.125113,0.788889,0.519444,0.141754,-0.056213,0.461196
2,0.2,robust_mpc_shield,0.594444,0.227778,0.830556,0.963889,0.226422,0.788750,0.809365,0.180790,0.833333,0.597222,0.185488,-0.144875,0.475006
2,0.2,safety_filter_distillation,0.311111,0.494444,0.800000,0.875000,0.119493,0.285900,0.770318,0.125171,0.719444,0.311111,-0.141752,0.110371,0.522217
2,0.2,shielded_behavior_cloning,0.236111,0.663889,0.805556,0.644444,0.094420,0.270761,0.683230,0.149656,0.733333,0.163889,-0.317448,0.103171,0.595109
2,0.2,unfiltered_policy,0.141667,0.847222,0.844444,0.000000,0.000000,0.000000,0.000000,0.527261,0.850000,0.000000,-0.452567,0.136278,0.642778
2,0.4,action_clipping_filter,0.202778,0.550000,0.866667,0.947222,0.233821,0.749394,0.826446,0.110833,0.913889,0.341667,-0.418828,-0.212035,0.668260
2,0.4,adversarial_safety_critic,0.177778,0.688889,0.852778,0.633333,0.098513,0.257767,0.695122,0.253914,0.755556,0.177778,-0.391062,0.051810,0.607953
2,0.4,boundary_learning_filter_v4,0.241667,0.536111,0.844444,0.913889,0.130937,0.295069,0.822934,0.091927,0.705556,0.322222,-0.243890,0.062386,0.546599
2,0.4,cbf_safety_filter,0.472222,0.294444,0.877778,0.966667,0.247071,0.837383,0.839869,0.175177,0.880556,0.583333,0.000151,-0.233455,0.539537
2,0.4,conformal_uncertainty_shield,0.458333,0.294444,0.872222,0.977778,0.296701,0.874078,0.844156,0.259454,0.875000,0.575000,-0.035057,-0.249141,0.550851
2,0.4,counterfactual_boundary_learning_filter_v5,0.311111,0.522222,0.847222,0.905556,0.138990,0.233489,0.813559,0.090095,0.683333,0.333333,-0.152299,0.089566,0.514726
2,0.4,geometric_projection_filter,0.250000,0.566667,0.877778,0.702778,0.144414,0.533228,0.735010,0.219350,0.902778,0.319444,-0.311222,-0.123127,0.618915
2,0.4,lagrangian_safe_rl,0.213889,0.677778,0.858333,0.711111,0.093185,0.278017,0.757692,0.189795,0.808333,0.205556,-0.349789,0.024903,0.601846
2,0.4,oracle_boundary_teacher,0.577778,0.141667,0.816667,0.997222,0.089431,0.165100,0.844302,0.048124,0.563889,0.677778,0.395395,0.210755,0.295287
2,0.4,recovery_policy_shield,0.458333,0.377778,0.850000,0.911111,0.181324,0.619956,0.810811,0.153557,0.797222,0.455556,-0.000195,-0.089215,0.504255
2,0.4,robust_mpc_shield,0.505556,0.263889,0.872222,0.983333,0.238342,0.814500,0.841424,0.127399,0.855556,0.611111,0.062389,-0.207823,0.509575
2,0.4,safety_filter_distillation,0.272222,0.516667,0.863889,0.938889,0.132544,0.311300,0.827243,0.101737,0.741667,0.344444,-0.204740,0.026548,0.542503
2,0.4,shielded_behavior_cloning,0.200000,0.694444,0.844444,0.766667,0.114303,0.324683,0.751852,0.163841,0.822222,0.188889,-0.390485,0.012459,0.622159
2,0.4,unfiltered_policy,0.066667,0.863889,0.880556,0.000000,0.000000,0.000000,0.000000,0.546890,0.902778,0.000000,-0.540487,0.082300,0.663111
2,0.6,action_clipping_filter,0.169444,0.605556,0.900000,0.961111,0.241564,0.772806,0.864434,0.148114,0.933333,0.313889,-0.495194,-0.263654,0.696907
2,0.6,adversarial_safety_critic,0.169444,0.658333,0.897222,0.736111,0.118040,0.301156,0.743590,0.258074,0.805556,0.247222,-0.394657,-0.026397,0.608564
2,0.6,boundary_learning_filter_v4,0.200000,0.605556,0.869444,0.944444,0.140242,0.308972,0.856683,0.110724,0.727778,0.288889,-0.336180,0.020789,0.580498
2,0.6,cbf_safety_filter,0.394444,0.352778,0.933333,0.983333,0.260487,0.863233,0.869291,0.190057,0.936111,0.580556,-0.125959,-0.321114,0.579276
2,0.6,conformal_uncertainty_shield,0.352778,0.333333,0.908333,0.991667,0.313826,0.898867,0.874608,0.255833,0.916667,0.572222,-0.178420,-0.313472,0.590464
2,0.6,counterfactual_boundary_learning_filter_v5,0.250000,0.472222,0.872222,0.961111,0.151606,0.251611,0.864434,0.128897,0.755556,0.405556,-0.191059,0.034219,0.515394
2,0.6,geometric_projection_filter,0.211111,0.552778,0.894444,0.797222,0.167632,0.614772,0.809859,0.224824,0.905556,0.341667,-0.365537,-0.175076,0.636213
2,0.6,lagrangian_safe_rl,0.158333,0.655556,0.888889,0.797222,0.106714,0.313833,0.799296,0.198816,0.852778,0.252778,-0.404137,-0.035030,0.612580
2,0.6,oracle_boundary_teacher,0.452778,0.177778,0.838889,1.000000,0.094148,0.168150,0.876755,0.021453,0.586111,0.661111,0.241632,0.176173,0.333058
2,0.6,recovery_policy_shield,0.400000,0.394444,0.891667,0.933333,0.190252,0.646267,0.855754,0.131007,0.844444,0.502778,-0.078734,-0.158041,0.526020
2,0.6,robust_mpc_shield,0.541667,0.250000,0.897222,0.991667,0.246465,0.833250,0.871473,0.147736,0.905556,0.647222,0.102342,-0.255052,0.501620
2,0.6,safety_filter_distillation,0.236111,0.558333,0.880556,0.966667,0.141249,0.324600,0.858506,0.113990,0.794444,0.336111,-0.273470,-0.014546,0.566221
2,0.6,shielded_behavior_cloning,0.163889,0.675000,0.900000,0.800000,0.122451,0.344617,0.797891,0.170605,0.875000,0.252778,-0.421802,-0.067859,0.627017
2,0.6,unfiltered_policy,0.025000,0.936111,0.894444,0.000000,0.000000,0.000000,0.000000,0.608407,0.900000,0.000000,-0.629073,0.066100,0.694556
2,0.8,action_clipping_filter,0.119444,0.647222,0.925000,0.969444,0.249773,0.793589,0.897397,0.180410,0.975000,0.291667,-0.579605,-0.312636,0.724212
2,0.8,adversarial_safety_critic,0.113889,0.686111,0.922222,0.813889,0.132924,0.340144,0.817420,0.290221,0.877778,0.247222,-0.481589,-0.092124,0.635921
2,0.8,boundary_learning_filter_v4,0.138889,0.611111,0.919444,0.972222,0.148923,0.325111,0.911315,0.116745,0.813889,0.327778,-0.408475,-0.064006,0.597997
2,0.8,cbf_safety_filter,0.352778,0.338889,0.947222,0.991667,0.268860,0.889083,0.913767,0.226899,0.961111,0.611111,-0.167760,-0.353907,0.587774
2,0.8,conformal_uncertainty_shield,0.322222,0.388889,0.925000,0.991667,0.322899,0.916650,0.910741,0.288663,0.938889,0.536111,-0.251183,-0.347428,0.618120
2,0.8,counterfactual_boundary_learning_filter_v5,0.172222,0.558333,0.902778,0.983333,0.160366,0.262733,0.911854,0.117072,0.772222,0.355556,-0.330425,-0.011409,0.561416
2,0.8,geometric_projection_filter,0.172222,0.611111,0.925000,0.830556,0.178556,0.653039,0.855721,0.255718,0.952778,0.336111,-0.453268,-0.238459,0.669216
2,0.8,lagrangian_safe_rl,0.125000,0.708333,0.927778,0.875000,0.121154,0.350350,0.859451,0.219143,0.911111,0.238889,-0.483295,-0.109853,0.643116
2,0.8,oracle_boundary_teacher,0.405556,0.219444,0.913889,1.000000,0.098139,0.171600,0.915663,0.027975,0.633333,0.694444,0.164759,0.082689,0.356968
2,0.8,recovery_policy_shield,0.380556,0.394444,0.930556,0.961111,0.201629,0.679156,0.904615,0.146427,0.902778,0.527778,-0.108638,-0.228977,0.535903
2,0.8,robust_mpc_shield,0.488889,0.258333,0.938889,0.994444,0.254692,0.853000,0.912387,0.158924,0.933333,0.680556,0.036305,-0.315153,0.518693
2,0.8,safety_filter_distillation,0.194444,0.600000,0.916667,0.983333,0.147967,0.337800,0.911854,0.141858,0.852778,0.327778,-0.347340,-0.076432,0.590681
2,0.8,shielded_behavior_cloning,0.111111,0.716667,0.913889,0.875000,0.137864,0.382183,0.846527,0.192086,0.891667,0.230556,-0.514503,-0.105787,0.658189
2,0.8,unfiltered_policy,0.011111,0.952778,0.941667,0.000000,0.000000,0.000000,0.000000,0.652134,0.963889,0.000000,-0.653927,-0.001100,0.702667
2,1.0,action_clipping_filter,0.083333,0.650000,0.944444,0.983333,0.256753,0.809117,0.915408,0.179847,0.966667,0.305556,-0.623734,-0.337395,0.735443
2,1.0,adversarial_safety_critic,0.158333,0.663889,0.936111,0.888889,0.148678,0.373511,0.866242,0.269021,0.900000,0.291667,-0.432892,-0.126278,0.626761
2,1.0,boundary_learning_filter_v4,0.130556,0.644444,0.897222,0.980556,0.155326,0.328319,0.913767,0.103913,0.827778,0.263889,-0.440603,-0.049613,0.611868
2,1.0,cbf_safety_filter,0.327778,0.352778,0.933333,0.994444,0.278426,0.894044,0.918919,0.187940,0.958333,0.580556,-0.206078,-0.343819,0.599535
2,1.0,conformal_uncertainty_shield,0.266667,0.438889,0.930556,0.997222,0.332691,0.925272,0.920540,0.272212,0.958333,0.500000,-0.344622,-0.366588,0.648028
2,1.0,counterfactual_boundary_learning_filter_v5,0.186111,0.552778,0.911111,1.000000,0.167534,0.267867,0.922156,0.079189,0.783333,0.372222,-0.315677,-0.025897,0.558767
2,1.0,geometric_projection_filter,0.138889,0.613889,0.952778,0.911111,0.200587,0.714311,0.880503,0.230285,0.963889,0.355556,-0.507990,-0.296868,0.688090
2,1.0,lagrangian_safe_rl,0.102778,0.727778,0.938889,0.900000,0.127353,0.361200,0.873418,0.205539,0.900000,0.225000,-0.522453,-0.123853,0.656201
2,1.0,oracle_boundary_teacher,0.333333,0.255556,0.930556,1.000000,0.102204,0.172200,0.922156,0.012319,0.647222,0.675000,0.066139,0.058234,0.383772
2,1.0,recovery_policy_shield,0.347222,0.408333,0.944444,0.977778,0.211143,0.691489,0.909091,0.117734,0.933333,0.536111,-0.157009,-0.259492,0.550207
2,1.0,robust_mpc_shield,0.430556,0.275000,0.950000,0.997222,0.260000,0.858500,0.920540,0.179494,0.950000,0.675000,-0.037044,-0.336006,0.537309
2,1.0,safety_filter_distillation,0.172222,0.563889,0.922222,0.983333,0.151848,0.338400,0.912387,0.137226,0.863889,0.369444,-0.348720,-0.085596,0.584341
2,1.0,shielded_behavior_cloning,0.088889,0.722222,0.936111,0.902778,0.144732,0.398794,0.890995,0.190629,0.925000,0.222222,-0.546236,-0.146005,0.667640
2,1.0,unfiltered_policy,0.011111,0.963889,0.941667,0.000000,0.000000,0.000000,0.000000,0.684431,0.958333,0.000000,-0.660940,0.000211,0.706222
3,0.0,action_clipping_filter,0.275000,0.500000,0.827778,0.863889,0.204487,0.671994,0.779412,0.138482,0.844444,0.347222,-0.288845,-0.115441,0.623247
3,0.0,adversarial_safety_critic,0.241667,0.622222,0.794444,0.419444,0.062634,0.165489,0.515625,0.236060,0.705556,0.161111,-0.254305,0.169063,0.556311
3,0.0,boundary_learning_filter_v4,0.375000,0.475000,0.766667,0.788889,0.107303,0.246653,0.707930,0.087869,0.616667,0.308333,-0.051246,0.193659,0.490313
3,0.0,cbf_safety_filter,0.558333,0.305556,0.819444,0.891667,0.218057,0.749650,0.750903,0.163143,0.827778,0.511111,0.107860,-0.120417,0.510119
3,0.0,conformal_uncertainty_shield,0.483333,0.358333,0.786111,0.863889,0.249250,0.747439,0.731618,0.242507,0.794444,0.419444,-0.010653,-0.085169,0.542558
3,0.0,counterfactual_boundary_learning_filter_v5,0.447222,0.444444,0.741667,0.738889,0.106499,0.186122,0.709419,0.096158,0.591667,0.319444,0.056079,0.251412,0.451082
3,0.0,geometric_projection_filter,0.369444,0.558333,0.794444,0.588889,0.117325,0.435739,0.642697,0.176032,0.811111,0.244444,-0.155452,0.031017,0.575785
3,0.0,lagrangian_safe_rl,0.313889,0.605556,0.763889,0.530556,0.066788,0.201483,0.613208,0.162241,0.736111,0.166667,-0.178133,0.178257,0.544800
3,0.0,oracle_boundary_teacher,0.658333,0.113889,0.705556,0.927778,0.075435,0.150050,0.779541,0.038259,0.447222,0.602778,0.503102,0.367586,0.265962
3,0.0,recovery_policy_shield,0.569444,0.369444,0.825000,0.786111,0.148693,0.520056,0.709302,0.131505,0.694444,0.452778,0.149056,0.011732,0.461505
3,0.0,robust_mpc_shield,0.675000,0.283333,0.808333,0.900000,0.206122,0.726750,0.764811,0.123288,0.808333,0.536111,0.251767,-0.088856,0.465579
3,0.0,safety_filter_distillation,0.397222,0.486111,0.769444,0.780556,0.103400,0.251600,0.712062,0.099986,0.666667,0.286111,-0.036145,0.174352,0.495315
3,0.0,shielded_behavior_cloning,0.297222,0.650000,0.788889,0.550000,0.078236,0.229233,0.631090,0.155572,0.727778,0.141667,-0.232668,0.141409,0.570546
3,0.0,unfiltered_policy,0.186111,0.811111,0.816667,0.000000,0.000000,0.000000,0.000000,0.487839,0.833333,0.000000,-0.383907,0.171100,0.622333
3,0.2,action_clipping_filter,0.236111,0.522222,0.852778,0.919444,0.220242,0.721206,0.797274,0.134043,0.875000,0.350000,-0.357358,-0.172031,0.646877
3,0.2,adversarial_safety_critic,0.247222,0.666667,0.844444,0.544444,0.082753,0.221589,0.650442,0.258033,0.791667,0.166667,-0.293610,0.067626,0.579775
3,0.2,boundary_learning_filter_v4,0.283333,0.530556,0.813889,0.811111,0.113599,0.261139,0.781022,0.115162,0.683333,0.305556,-0.185617,0.116335,0.529296
3,0.2,cbf_safety_filter,0.516667,0.316667,0.861111,0.922222,0.229181,0.790906,0.799320,0.199834,0.866667,0.538889,0.046416,-0.192077,0.528961
3,0.2,conformal_uncertainty_shield,0.450000,0.341667,0.847222,0.938889,0.277552,0.833931,0.818182,0.269134,0.850000,0.505556,-0.059936,-0.199994,0.559364
3,0.2,counterfactual_boundary_learning_filter_v5,0.347222,0.483333,0.816667,0.822222,0.121653,0.210156,0.760870,0.122091,0.688889,0.361111,-0.080831,0.132301,0.489138
3,0.2,geometric_projection_filter,0.269444,0.611111,0.872222,0.583333,0.118383,0.439383,0.656652,0.229870,0.869444,0.275000,-0.292997,-0.069479,0.613302
3,0.2,lagrangian_safe_rl,0.258333,0.677778,0.816667,0.594444,0.076260,0.226567,0.629787,0.219045,0.800000,0.177778,-0.288785,0.091935,0.583737
3,0.2,oracle_boundary_teacher,0.611111,0.130556,0.758333,0.963889,0.082008,0.159550,0.842454,0.054963,0.530556,0.636111,0.440058,0.283590,0.283063
3,0.2,recovery_policy_shield,0.500000,0.375000,0.836111,0.808333,0.157349,0.550683,0.782450,0.124598,0.763889,0.452778,0.065282,-0.034580,0.482405
3,0.2,robust_mpc_shield,0.613889,0.241667,0.872222,0.947222,0.221187,0.777500,0.807370,0.155547,0.841667,0.630556,0.200541,-0.183988,0.473269
3,0.2,safety_filter_distillation,0.338889,0.513889,0.825000,0.872222,0.118509,0.288200,0.800000,0.125994,0.736111,0.330556,-0.125532,0.079667,0.522982
3,0.2,shielded_behavior_cloning,0.227778,0.661111,0.847222,0.669444,0.097234,0.283028,0.708249,0.163864,0.811111,0.213889,-0.327551,0.033096,0.597865
3,0.2,unfiltered_policy,0.144444,0.836111,0.847222,0.000000,0.000000,0.000000,0.000000,0.541315,0.861111,0.000000,-0.442687,0.130578,0.638667
3,0.4,action_clipping_filter,0.177778,0.580556,0.900000,0.947222,0.232739,0.758711,0.851133,0.154893,0.911111,0.341667,-0.465458,-0.249171,0.683961
3,0.4,adversarial_safety_critic,0.163889,0.669444,0.861111,0.625000,0.097545,0.257767,0.709163,0.286563,0.797222,0.191667,-0.392842,0.031512,0.604335
3,0.4,boundary_learning_filter_v4,0.272222,0.547222,0.861111,0.922222,0.132859,0.300611,0.840722,0.117730,0.761111,0.319444,-0.221029,0.026922,0.545055
3,0.4,cbf_safety_filter,0.425000,0.330556,0.872222,0.969444,0.248394,0.847828,0.856230,0.212047,0.897222,0.541667,-0.073838,-0.239042,0.562028
3,0.4,conformal_uncertainty_shield,0.444444,0.325000,0.897222,0.986111,0.299482,0.891053,0.867089,0.296405,0.900000,0.569444,-0.072862,-0.289592,0.565944
3,0.4,counterfactual_boundary_learning_filter_v5,0.277778,0.505556,0.875000,0.908333,0.138757,0.237533,0.844371,0.109167,0.688889,0.375000,-0.176918,0.058570,0.516503
3,0.4,geometric_projection_filter,0.222222,0.600000,0.891667,0.691667,0.143524,0.531633,0.749049,0.254687,0.900000,0.302778,-0.360354,-0.137051,0.634786
3,0.4,lagrangian_safe_rl,0.188889,0.708333,0.877778,0.716667,0.093451,0.281050,0.751402,0.216182,0.836111,0.175000,-0.395557,-0.005503,0.617036
3,0.4,oracle_boundary_teacher,0.547222,0.136111,0.830556,0.997222,0.089218,0.167200,0.871069,0.052343,0.588889,0.694444,0.367012,0.188215,0.299834
3,0.4,recovery_policy_shield,0.513889,0.394444,0.875000,0.927778,0.183869,0.635989,0.824877,0.139719,0.844444,0.480556,0.042690,-0.134112,0.500860
3,0.4,robust_mpc_shield,0.591667,0.252778,0.875000,0.983333,0.236758,0.823500,0.862124,0.159536,0.891667,0.625000,0.156934,-0.222301,0.489592
3,0.4,safety_filter_distillation,0.288889,0.575000,0.858333,0.927778,0.131138,0.312400,0.857610,0.135022,0.822222,0.300000,-0.224173,0.006284,0.557715
3,0.4,shielded_behavior_cloning,0.188889,0.711111,0.883333,0.708333,0.105795,0.303983,0.744361,0.190477,0.861111,0.188889,-0.405891,-0.029674,0.625699
3,0.4,unfiltered_policy,0.077778,0.872222,0.886111,0.000000,0.000000,0.000000,0.000000,0.577733,0.900000,0.000000,-0.534280,0.077533,0.663556
3,0.6,action_clipping_filter,0.147222,0.625000,0.877778,0.952778,0.239712,0.759189,0.839546,0.152612,0.905556,0.283333,-0.527154,-0.228869,0.705606
3,0.6,adversarial_safety_critic,0.166667,0.666667,0.863889,0.738889,0.118339,0.301278,0.744444,0.233903,0.836111,0.225000,-0.402895,-0.002656,0.611854
3,0.6,boundary_learning_filter_v4,0.216667,0.544444,0.861111,0.950000,0.140654,0.308000,0.837662,0.088272,0.788889,0.325000,-0.280332,0.013348,0.557567
3,0.6,cbf_safety_filter,0.391667,0.294444,0.883333,0.988889,0.261647,0.862972,0.860317,0.172097,0.927778,0.591667,-0.092289,-0.266938,0.561342
3,0.6,conformal_uncertainty_shield,0.355556,0.302778,0.883333,0.986111,0.310941,0.887819,0.858506,0.247535,0.880556,0.580556,-0.153233,-0.272035,0.578286
3,0.6,counterfactual_boundary_learning_filter_v5,0.266667,0.455556,0.852778,0.972222,0.152823,0.252622,0.852564,0.111386,0.719444,0.402778,-0.163892,0.064756,0.507067
3,0.6,geometric_projection_filter,0.205556,0.569444,0.869444,0.772222,0.161682,0.588806,0.771739,0.224637,0.922222,0.322222,-0.374900,-0.145143,0.638471
3,0.6,lagrangian_safe_rl,0.138889,0.700000,0.866667,0.791667,0.105967,0.308700,0.776386,0.182478,0.808333,0.205556,-0.451019,0.000720,0.629940
3,0.6,oracle_boundary_teacher,0.452778,0.200000,0.850000,1.000000,0.093908,0.167100,0.864353,0.072805,0.630556,0.650000,0.227884,0.151445,0.340000
3,0.6,recovery_policy_shield,0.411111,0.411111,0.883333,0.930556,0.190403,0.638661,0.834154,0.143799,0.833333,0.466667,-0.076316,-0.143962,0.528245
3,0.6,robust_mpc_shield,0.530556,0.255556,0.905556,0.983333,0.245866,0.822000,0.859873,0.156190,0.888889,0.650000,0.089782,-0.254594,0.504163
3,0.6,safety_filter_distillation,0.225000,0.550000,0.883333,0.972222,0.142102,0.324800,0.852564,0.094795,0.827778,0.347222,-0.279963,-0.027520,0.565954
3,0.6,shielded_behavior_cloning,0.130556,0.700000,0.883333,0.822222,0.125968,0.351389,0.792982,0.186478,0.869444,0.216667,-0.474347,-0.054140,0.643130
3,0.6,unfiltered_policy,0.050000,0.897222,0.880556,0.000000,0.000000,0.000000,0.000000,0.569030,0.919444,0.000000,-0.578727,0.075900,0.677111
3,0.8,action_clipping_filter,0.105556,0.616667,0.925000,0.966667,0.247180,0.789767,0.897833,0.163359,0.941667,0.333333,-0.573142,-0.300039,0.716287
3,0.8,adversarial_safety_critic,0.108333,0.697222,0.908333,0.805556,0.130842,0.337211,0.826531,0.281164,0.886111,0.241667,-0.493150,-0.079728,0.639861
3,0.8,boundary_learning_filter_v4,0.144444,0.613889,0.913889,0.944444,0.143231,0.313347,0.880878,0.140575,0.783333,0.308333,-0.400508,-0.043876,0.595339
3,0.8,cbf_safety_filter,0.372222,0.325000,0.936111,0.994444,0.271823,0.886994,0.905488,0.194479,0.958333,0.616667,-0.139366,-0.340960,0.579723
3,0.8,conformal_uncertainty_shield,0.338889,0.341667,0.944444,1.000000,0.323848,0.919883,0.905775,0.277448,0.941667,0.608333,-0.205095,-0.367220,0.600234
3,0.8,counterfactual_boundary_learning_filter_v5,0.219444,0.536111,0.916667,0.988889,0.161273,0.262889,0.905199,0.101981,0.805556,0.386111,-0.267958,-0.033878,0.545043
3,0.8,geometric_projection_filter,0.197222,0.588889,0.927778,0.875000,0.188021,0.681967,0.858075,0.232516,0.955556,0.363889,-0.421938,-0.253205,0.662280
3,0.8,lagrangian_safe_rl,0.111111,0.697222,0.925000,0.838889,0.115265,0.331683,0.810000,0.238696,0.886111,0.233333,-0.485196,-0.091574,0.639039
3,0.8,oracle_boundary_teacher,0.411111,0.227778,0.894444,1.000000,0.098122,0.170700,0.905775,0.023656,0.644444,0.666667,0.165416,0.098974,0.358413
3,0.8,recovery_policy_shield,0.383333,0.383333,0.922222,0.972222,0.204967,0.681828,0.891975,0.162405,0.877778,0.536111,-0.100255,-0.214361,0.532713
3,0.8,robust_mpc_shield,0.436111,0.305556,0.950000,1.000000,0.254853,0.853500,0.905775,0.149144,0.944444,0.644444,-0.048115,-0.332377,0.544449
3,0.8,safety_filter_distillation,0.158333,0.600000,0.913889,0.988889,0.149120,0.338000,0.905199,0.142476,0.875000,0.322222,-0.384979,-0.081344,0.598135
3,0.8,shielded_behavior_cloning,0.108333,0.705556,0.927778,0.886111,0.138497,0.387294,0.862237,0.196677,0.913889,0.233333,-0.511558,-0.128019,0.655916
3,0.8,unfiltered_policy,0.025000,0.922222,0.944444,0.000000,0.000000,0.000000,0.000000,0.648388,0.955556,0.000000,-0.620307,-0.000122,0.690111
3,1.0,action_clipping_filter,0.086111,0.647222,0.969444,0.975000,0.253069,0.809833,0.928358,0.222295,0.961111,0.327778,-0.618193,-0.360114,0.733421
3,1.0,adversarial_safety_critic,0.091667,0.730556,0.941667,0.880556,0.147482,0.374244,0.883648,0.297106,0.894444,0.222222,-0.543573,-0.133662,0.661301
3,1.0,boundary_learning_filter_v4,0.141667,0.625000,0.952778,0.991667,0.155652,0.335125,0.934911,0.161443,0.869444,0.336111,-0.418313,-0.119352,0.604299
3,1.0,cbf_safety_filter,0.272222,0.358333,0.980556,1.000000,0.279308,0.907883,0.939617,0.220650,0.986111,0.622222,-0.269929,-0.405848,0.614244
3,1.0,conformal_uncertainty_shield,0.238889,0.400000,0.950000,1.000000,0.333976,0.936858,0.939617,0.300074,0.947222,0.552778,-0.351421,-0.386459,0.642761
3,1.0,counterfactual_boundary_learning_filter_v5,0.194444,0.580556,0.958333,0.986111,0.164957,0.266544,0.931751,0.126265,0.830556,0.380556,-0.323603,-0.087019,0.565366
3,1.0,geometric_projection_filter,0.108333,0.616667,0.961111,0.891667,0.195604,0.706567,0.890625,0.267188,0.972222,0.355556,-0.538294,-0.304611,0.693263
3,1.0,lagrangian_safe_rl,0.111111,0.722222,0.941667,0.886111,0.125327,0.358517,0.877743,0.248678,0.925000,0.233333,-0.509227,-0.132413,0.652070
3,1.0,oracle_boundary_teacher,0.325000,0.255556,0.933333,1.000000,0.101639,0.173850,0.939617,0.057585,0.694444,0.677778,0.057373,0.040637,0.385535
3,1.0,recovery_policy_shield,0.319444,0.416667,0.961111,0.980556,0.210288,0.700944,0.931548,0.158363,0.925000,0.552778,-0.192573,-0.277734,0.559410
3,1.0,robust_mpc_shield,0.366667,0.327778,0.961111,0.994444,0.260107,0.864250,0.936484,0.179203,0.966667,0.636111,-0.137467,-0.357186,0.567685
3,1.0,safety_filter_distillation,0.152778,0.619444,0.952778,0.994444,0.153415,0.345700,0.936484,0.163703,0.897222,0.344444,-0.405760,-0.131271,0.607165
3,1.0,shielded_behavior_cloning,0.097222,0.752778,0.958333,0.919444,0.148790,0.407994,0.898462,0.205465,0.947222,0.211111,-0.559927,-0.179839,0.677586
3,1.0,unfiltered_policy,0.013889,0.972222,0.947222,0.000000,0.000000,0.000000,0.000000,0.688215,0.972222,0.000000,-0.663333,-0.009722,0.708333
4,0.0,action_clipping_filter,0.263889,0.525000,0.825000,0.866667,0.203952,0.675817,0.780399,0.133831,0.825000,0.308333,-0.316699,-0.109130,0.633832
4,0.0,adversarial_safety_critic,0.277778,0.641667,0.788889,0.455556,0.068144,0.178444,0.516129,0.244632,0.722222,0.166667,-0.233483,0.163937,0.557857
4,0.0,boundary_learning_filter_v4,0.330556,0.530556,0.766667,0.794444,0.107866,0.250347,0.727619,0.128990,0.658333,0.252778,-0.133078,0.177044,0.517524
4,0.0,cbf_safety_filter,0.563889,0.294444,0.827778,0.883333,0.215063,0.747300,0.761221,0.187860,0.819444,0.530556,0.121940,-0.124341,0.504632
4,0.0,conformal_uncertainty_shield,0.541667,0.316667,0.791667,0.902778,0.259259,0.788394,0.769504,0.257494,0.791667,0.472222,0.064798,-0.104199,0.524274
4,0.0,counterfactual_boundary_learning_filter_v5,0.402778,0.450000,0.794444,0.738889,0.106318,0.187056,0.716832,0.080329,0.616667,0.369444,0.006573,0.189766,0.461828
4,0.0,geometric_projection_filter,0.350000,0.558333,0.850000,0.536111,0.107132,0.403394,0.648148,0.204075,0.836111,0.263889,-0.166132,-0.018701,0.573958
4,0.0,lagrangian_safe_rl,0.322222,0.627778,0.794444,0.508333,0.063786,0.191450,0.568720,0.181386,0.766667,0.200000,-0.180694,0.142217,0.548500
4,0.0,oracle_boundary_teacher,0.613889,0.116667,0.702778,0.941667,0.076678,0.152700,0.785467,0.049246,0.436111,0.600000,0.454595,0.371514,0.276282
4,0.0,recovery_policy_shield,0.580556,0.377778,0.805556,0.761111,0.144628,0.509572,0.729045,0.136970,0.697222,0.425000,0.158525,0.034898,0.459960
4,0.0,robust_mpc_shield,0.658333,0.205556,0.802778,0.911111,0.207290,0.739000,0.776014,0.150939,0.794444,0.597222,0.280883,-0.081644,0.445703
4,0.0,safety_filter_distillation,0.355556,0.500000,0.786111,0.783333,0.104252,0.252000,0.698656,0.143906,0.661111,0.269444,-0.088237,0.157761,0.508294
4,0.0,shielded_behavior_cloning,0.283333,0.638889,0.805556,0.563889,0.080699,0.232172,0.597285,0.183371,0.755556,0.188889,-0.241285,0.114935,0.570564
4,0.0,unfiltered_policy,0.197222,0.830556,0.827778,0.000000,0.000000,0.000000,0.000000,0.499044,0.825000,0.000000,-0.384713,0.162089,0.626333
4,0.2,action_clipping_filter,0.252778,0.472222,0.827778,0.863889,0.208187,0.664828,0.744015,0.094052,0.855556,0.358333,-0.293886,-0.116469,0.618609
4,0.2,adversarial_safety_critic,0.258333,0.611111,0.783333,0.544444,0.082247,0.212789,0.574766,0.199824,0.713889,0.177778,-0.245178,0.157357,0.558628
4,0.2,boundary_learning_filter_v4,0.333333,0.472222,0.763889,0.858333,0.120294,0.268042,0.731978,0.066094,0.641667,0.313889,-0.100505,0.177877,0.502662
4,0.2,cbf_safety_filter,0.577778,0.261111,0.822222,0.966667,0.241125,0.813100,0.779310,0.128008,0.850000,0.569444,0.136679,-0.155587,0.503775
4,0.2,conformal_uncertainty_shield,0.525000,0.322222,0.827778,0.947222,0.278927,0.822614,0.774869,0.207258,0.844444,0.505556,0.031595,-0.172936,0.537032
4,0.2,counterfactual_boundary_learning_filter_v5,0.369444,0.450000,0.741667,0.847222,0.126094,0.212489,0.741155,0.078915,0.611111,0.311111,-0.038605,0.230421,0.475107
4,0.2,geometric_projection_filter,0.294444,0.569444,0.811111,0.619444,0.125415,0.458744,0.663736,0.165236,0.841667,0.230556,-0.246784,-0.006602,0.598557
4,0.2,lagrangian_safe_rl,0.297222,0.602778,0.805556,0.597222,0.076579,0.225983,0.644295,0.142819,0.716667,0.205556,-0.201288,0.131371,0.551947
4,0.2,oracle_boundary_teacher,0.563889,0.130556,0.727778,0.975000,0.083237,0.157200,0.785592,0.049534,0.480556,0.602778,0.391437,0.328808,0.292447
4,0.2,recovery_policy_shield,0.525000,0.352778,0.794444,0.841667,0.163533,0.558700,0.743925,0.088147,0.761111,0.433333,0.101725,0.005004,0.472369
4,0.2,robust_mpc_shield,0.602778,0.244444,0.833333,0.938889,0.220287,0.755750,0.768421,0.078111,0.797222,0.594444,0.191913,-0.124025,0.473608
4,0.2,safety_filter_distillation,0.388889,0.486111,0.802778,0.852778,0.116312,0.274600,0.738404,0.106386,0.697222,0.325000,-0.053055,0.120803,0.502066
4,0.2,shielded_behavior_cloning,0.272222,0.622222,0.822222,0.650000,0.094522,0.267567,0.652361,0.128540,0.775000,0.202778,-0.253275,0.077197,0.574189
4,0.2,unfiltered_policy,0.133333,0.822222,0.827778,0.000000,0.000000,0.000000,0.000000,0.473192,0.847222,0.000000,-0.445387,0.154411,0.636444
4,0.4,action_clipping_filter,0.141667,0.616667,0.869444,0.950000,0.234839,0.750350,0.821782,0.133560,0.902778,0.283333,-0.524459,-0.215383,0.702113
4,0.4,adversarial_safety_critic,0.166667,0.652778,0.852778,0.602778,0.093266,0.244322,0.665281,0.264686,0.783333,0.205556,-0.375542,0.050315,0.596062
4,0.4,boundary_learning_filter_v4,0.269444,0.575000,0.841667,0.891667,0.128826,0.286417,0.796581,0.116453,0.752778,0.277778,-0.237436,0.053859,0.552070
4,0.4,cbf_safety_filter,0.461111,0.311111,0.905556,0.958333,0.247299,0.828767,0.830870,0.162564,0.894444,0.594444,-0.020185,-0.263081,0.546099
4,0.4,conformal_uncertainty_shield,0.419444,0.302778,0.866667,0.986111,0.299397,0.881353,0.846527,0.256905,0.872222,0.572222,-0.082678,-0.246964,0.562654
4,0.4,counterfactual_boundary_learning_filter_v5,0.333333,0.469444,0.850000,0.919444,0.140552,0.237378,0.823529,0.097881,0.702778,0.388889,-0.097279,0.081371,0.494140
4,0.4,geometric_projection_filter,0.272222,0.552778,0.872222,0.691667,0.143197,0.522750,0.717349,0.206944,0.888889,0.313889,-0.277083,-0.108482,0.608550
4,0.4,lagrangian_safe_rl,0.244444,0.663889,0.858333,0.702778,0.091549,0.271017,0.711799,0.206291,0.805556,0.219444,-0.307622,0.029650,0.590156
4,0.4,oracle_boundary_teacher,0.536111,0.183333,0.805556,1.000000,0.089758,0.165600,0.846154,0.025045,0.572222,0.622222,0.325901,0.216954,0.317073
4,0.4,recovery_policy_shield,0.461111,0.380556,0.861111,0.902778,0.180122,0.616872,0.821732,0.102960,0.841667,0.483333,0.001880,-0.112339,0.504002
4,0.4,robust_mpc_shield,0.575000,0.250000,0.866667,0.969444,0.234050,0.802000,0.831974,0.170086,0.872222,0.619444,0.146552,-0.200059,0.488969
4,0.4,safety_filter_distillation,0.280556,0.502778,0.838889,0.922222,0.130264,0.305300,0.815436,0.146959,0.769444,0.352778,-0.185520,0.046449,0.535261
4,0.4,shielded_behavior_cloning,0.238889,0.658333,0.858333,0.747222,0.112143,0.316506,0.742964,0.162661,0.836111,0.230556,-0.325306,-0.000275,0.601455
4,0.4,unfiltered_policy,0.058333,0.902778,0.855556,0.000000,0.000000,0.000000,0.000000,0.552140,0.911111,0.000000,-0.573633,0.103389,0.677222
4,0.6,action_clipping_filter,0.172222,0.608333,0.894444,0.950000,0.238515,0.761817,0.854839,0.135562,0.916667,0.302778,-0.491012,-0.248550,0.695373
4,0.6,adversarial_safety_critic,0.161111,0.650000,0.872222,0.736111,0.118828,0.300422,0.740331,0.249592,0.844444,0.236111,-0.398079,-0.012854,0.607617
4,0.6,boundary_learning_filter_v4,0.205556,0.547222,0.883333,0.947222,0.140691,0.308778,0.849758,0.108206,0.783333,0.347222,-0.293717,-0.007808,0.560778
4,0.6,cbf_safety_filter,0.436111,0.325000,0.908333,0.988889,0.261011,0.866106,0.867508,0.199955,0.908333,0.583333,-0.066150,-0.287202,0.562492
4,0.6,conformal_uncertainty_shield,0.330556,0.377778,0.891667,0.991667,0.311680,0.896442,0.869291,0.256900,0.894444,0.516667,-0.228304,-0.290702,0.608453
4,0.6,counterfactual_boundary_learning_filter_v5,0.244444,0.502778,0.866667,0.950000,0.149652,0.247800,0.851613,0.087243,0.752778,0.366667,-0.214756,0.041285,0.525473
4,0.6,geometric_projection_filter,0.230556,0.530556,0.900000,0.786111,0.166369,0.598828,0.770053,0.215463,0.913889,0.386111,-0.327903,-0.176010,0.623072
4,0.6,lagrangian_safe_rl,0.172222,0.658333,0.872222,0.780556,0.104460,0.304383,0.765653,0.213925,0.869444,0.247222,-0.389024,-0.019308,0.609151
4,0.6,oracle_boundary_teacher,0.438889,0.188889,0.847222,1.000000,0.094007,0.167700,0.871473,0.018312,0.622222,0.658333,0.220416,0.156564,0.339312
4,0.6,recovery_policy_shield,0.413889,0.350000,0.886111,0.936111,0.191430,0.645239,0.845528,0.138766,0.783333,0.536111,-0.036483,-0.132313,0.509108
4,0.6,robust_mpc_shield,0.533333,0.291667,0.900000,0.986111,0.245145,0.826750,0.865719,0.141537,0.902778,0.602778,0.069117,-0.255882,0.515603
4,0.6,safety_filter_distillation,0.208333,0.519444,0.908333,0.958333,0.139824,0.322200,0.863563,0.140352,0.800000,0.405556,-0.276701,-0.042150,0.558788
4,0.6,shielded_behavior_cloning,0.133333,0.686111,0.900000,0.827778,0.126624,0.353944,0.791667,0.178696,0.861111,0.230556,-0.463412,-0.068862,0.638555
4,0.6,unfiltered_policy,0.044444,0.911111,0.922222,0.000000,0.000000,0.000000,0.000000,0.593021,0.930556,0.000000,-0.593227,0.030344,0.682667
4,0.8,action_clipping_filter,0.122222,0.658333,0.927778,0.966667,0.246830,0.786183,0.887850,0.178882,0.933333,0.294444,-0.581427,-0.299951,0.725794
4,0.8,adversarial_safety_critic,0.127778,0.661111,0.911111,0.813889,0.132760,0.337944,0.810903,0.266362,0.852778,0.263889,-0.450990,-0.071607,0.624850
4,0.8,boundary_learning_filter_v4,0.163889,0.625000,0.902778,0.958333,0.147022,0.317625,0.888889,0.107917,0.786111,0.294444,-0.389401,-0.035864,0.596201
4,0.8,cbf_safety_filter,0.400000,0.330556,0.913889,0.997222,0.270857,0.885689,0.897397,0.186949,0.933333,0.586111,-0.113667,-0.310196,0.575615
4,0.8,conformal_uncertainty_shield,0.344444,0.375000,0.919444,1.000000,0.323983,0.916650,0.899083,0.265876,0.927778,0.547222,-0.219796,-0.337865,0.609426
4,0.8,counterfactual_boundary_learning_filter_v5,0.200000,0.544444,0.880556,0.980556,0.158959,0.259389,0.890263,0.110804,0.738889,0.352778,-0.291919,0.023303,0.550762
4,0.8,geometric_projection_filter,0.177778,0.569444,0.933333,0.855556,0.185125,0.661239,0.827243,0.225013,0.938889,0.375000,-0.424765,-0.245450,0.656938
4,0.8,lagrangian_safe_rl,0.113889,0.686111,0.908333,0.863889,0.120002,0.344283,0.852893,0.189304,0.875000,0.236111,-0.479194,-0.076662,0.637292
4,0.8,oracle_boundary_teacher,0.419444,0.219444,0.888889,1.000000,0.097819,0.170100,0.899083,0.010576,0.611111,0.669444,0.179483,0.115240,0.353953
4,0.8,recovery_policy_shield,0.341667,0.430556,0.938889,0.966667,0.203008,0.675867,0.884735,0.125996,0.863889,0.502778,-0.171308,-0.226659,0.555090
4,0.8,robust_mpc_shield,0.480556,0.247222,0.911111,1.000000,0.255395,0.850500,0.899083,0.137807,0.919444,0.663889,0.035013,-0.282254,0.516631
4,0.8,safety_filter_distillation,0.161111,0.611111,0.894444,0.983333,0.147998,0.334500,0.891975,0.119918,0.855556,0.311111,-0.388105,-0.054877,0.600513
4,0.8,shielded_behavior_cloning,0.119444,0.686111,0.905556,0.880556,0.138130,0.385506,0.870704,0.172077,0.900000,0.236111,-0.487355,-0.100065,0.647191
4,0.8,unfiltered_policy,0.013889,0.938889,0.919444,0.000000,0.000000,0.000000,0.000000,0.617517,0.941667,0.000000,-0.642293,0.028289,0.697667
4,1.0,action_clipping_filter,0.094444,0.644444,0.941667,0.966667,0.250170,0.799083,0.918182,0.186571,0.969444,0.308333,-0.604861,-0.330115,0.729054
4,1.0,adversarial_safety_critic,0.111111,0.669444,0.938889,0.888889,0.149269,0.375711,0.879747,0.274988,0.905556,0.283333,-0.485741,-0.132758,0.638354
4,1.0,boundary_learning_filter_v4,0.130556,0.636111,0.933333,0.991667,0.156622,0.333083,0.923767,0.103455,0.858333,0.305556,-0.436667,-0.096605,0.610006
4,1.0,cbf_safety_filter,0.316667,0.386111,0.941667,0.994444,0.276933,0.897961,0.928358,0.209925,0.961111,0.558333,-0.238933,-0.355397,0.612626
4,1.0,conformal_uncertainty_shield,0.250000,0.402778,0.944444,1.000000,0.335429,0.931200,0.928571,0.274728,0.955556,0.547222,-0.341000,-0.381509,0.641010
4,1.0,counterfactual_boundary_learning_filter_v5,0.144444,0.608333,0.925000,0.997222,0.166368,0.268256,0.929955,0.111464,0.813889,0.327778,-0.393485,-0.051474,0.584715
4,1.0,geometric_projection_filter,0.144444,0.630556,0.947222,0.861111,0.189809,0.680144,0.874598,0.255348,0.941667,0.319444,-0.502858,-0.270566,0.686272
4,1.0,lagrangian_safe_rl,0.122222,0.736111,0.919444,0.852778,0.121014,0.344517,0.865913,0.223647,0.930556,0.200000,-0.502493,-0.106158,0.651836
4,1.0,oracle_boundary_teacher,0.338889,0.227778,0.938889,1.000000,0.101797,0.172800,0.928571,0.020235,0.725000,0.711111,0.089403,0.027431,0.373771
4,1.0,recovery_policy_shield,0.313889,0.397222,0.938889,0.988889,0.212775,0.702794,0.925150,0.157826,0.902778,0.541667,-0.187119,-0.249497,0.554968
4,1.0,robust_mpc_shield,0.391667,0.297222,0.955556,0.997222,0.260551,0.862250,0.929955,0.162984,0.936111,0.661111,-0.092110,-0.340350,0.552747
4,1.0,safety_filter_distillation,0.180556,0.616667,0.925000,0.997222,0.154096,0.344900,0.929955,0.149047,0.886111,0.325000,-0.375378,-0.099360,0.600747
4,1.0,shielded_behavior_cloning,0.080556,0.769444,0.952778,0.894444,0.143451,0.393811,0.870662,0.192487,0.936111,0.197222,-0.583280,-0.165625,0.683590
4,1.0,unfiltered_policy,0.019444,0.936111,0.947222,0.000000,0.000000,0.000000,0.000000,0.680569,0.950000,0.000000,-0.634807,-0.001789,0.695667
5,0.0,action_clipping_filter,0.269444,0.530556,0.783333,0.875000,0.207814,0.667217,0.725926,0.083714,0.802778,0.283333,-0.313874,-0.058515,0.634161
5,0.0,adversarial_safety_critic,0.286111,0.647222,0.775000,0.422222,0.063575,0.166711,0.530504,0.213929,0.700000,0.138889,-0.224733,0.189634,0.555738
5,0.0,boundary_learning_filter_v4,0.358333,0.530556,0.763889,0.772222,0.104517,0.239944,0.691849,0.096239,0.622222,0.272222,-0.101372,0.195639,0.510118
5,0.0,cbf_safety_filter,0.519444,0.280556,0.813889,0.875000,0.215312,0.733200,0.744444,0.137159,0.808333,0.547222,0.087577,-0.102508,0.507429
5,0.0,conformal_uncertainty_shield,0.486111,0.358333,0.802778,0.866667,0.249185,0.750942,0.748603,0.222149,0.777778,0.436111,-0.008466,-0.098035,0.542411
5,0.0,counterfactual_boundary_learning_filter_v5,0.400000,0.419444,0.752778,0.766667,0.110701,0.191567,0.706587,0.073664,0.580556,0.369444,0.020828,0.240687,0.453936
5,0.0,geometric_projection_filter,0.333333,0.575000,0.830556,0.530556,0.106050,0.382439,0.548077,0.192266,0.825000,0.252778,-0.189365,0.011010,0.579915
5,0.0,lagrangian_safe_rl,0.313889,0.675000,0.788889,0.508333,0.063417,0.188300,0.544118,0.193096,0.711111,0.144444,-0.218367,0.163974,0.564833
5,0.0,oracle_boundary_teacher,0.652778,0.138889,0.725000,0.933333,0.076007,0.149850,0.766488,0.051935,0.397222,0.597222,0.481463,0.362189,0.275152
5,0.0,recovery_policy_shield,0.605556,0.338889,0.772222,0.811111,0.153952,0.534856,0.719536,0.099265,0.744444,0.438889,0.201142,0.044811,0.447227
5,0.0,robust_mpc_shield,0.622222,0.205556,0.769444,0.897222,0.204787,0.720500,0.755474,0.108024,0.808333,0.563889,0.248024,-0.046007,0.450255
5,0.0,safety_filter_distillation,0.377778,0.477778,0.755556,0.777778,0.103098,0.251500,0.732673,0.082558,0.638889,0.291667,-0.050844,0.196548,0.496471
5,0.0,shielded_behavior_cloning,0.294444,0.641667,0.777778,0.569444,0.081708,0.232811,0.600000,0.154762,0.747222,0.125000,-0.231991,0.144915,0.569489
5,0.0,unfiltered_policy,0.211111,0.800000,0.805556,0.000000,0.000000,0.000000,0.000000,0.448666,0.825000,0.000000,-0.351093,0.185567,0.613778
5,0.2,action_clipping_filter,0.233333,0.527778,0.822222,0.883333,0.214046,0.682267,0.756757,0.121229,0.827778,0.322222,-0.354185,-0.112219,0.643423
5,0.2,adversarial_safety_critic,0.233333,0.613889,0.802778,0.541667,0.081941,0.212667,0.578704,0.237214,0.705556,0.180556,-0.272618,0.139928,0.564447
5,0.2,boundary_learning_filter_v4,0.380556,0.488889,0.791667,0.852778,0.118751,0.269014,0.757353,0.098513,0.708333,0.322222,-0.062040,0.130464,0.498390
5,0.2,cbf_safety_filter,0.525000,0.311111,0.797222,0.936111,0.235184,0.794561,0.794425,0.141453,0.841667,0.502778,0.056061,-0.122855,0.527036
5,0.2,conformal_uncertainty_shield,0.494444,0.286111,0.786111,0.941667,0.277977,0.823692,0.791667,0.219620,0.855556,0.497222,0.022914,-0.134260,0.531546
5,0.2,counterfactual_boundary_learning_filter_v5,0.377778,0.402778,0.755556,0.838889,0.125173,0.211789,0.753247,0.078070,0.672222,0.366667,0.000207,0.200313,0.458079
5,0.2,geometric_projection_filter,0.294444,0.530556,0.855556,0.655556,0.132772,0.483572,0.663848,0.156140,0.847222,0.313889,-0.229308,-0.061913,0.590417
5,0.2,lagrangian_safe_rl,0.225000,0.600000,0.794444,0.616667,0.079013,0.234850,0.666667,0.151706,0.725000,0.205556,-0.276537,0.134935,0.567004
5,0.2,oracle_boundary_teacher,0.575000,0.111111,0.744444,0.980556,0.083274,0.158800,0.796610,0.030021,0.497222,0.641667,0.414848,0.307399,0.284201
5,0.2,recovery_policy_shield,0.580556,0.347222,0.808333,0.852778,0.165134,0.564456,0.731618,0.130853,0.725000,0.466667,0.160956,0.000837,0.460459
5,0.2,robust_mpc_shield,0.616667,0.219444,0.805556,0.941667,0.221144,0.761250,0.777778,0.145948,0.797222,0.588889,0.220683,-0.097330,0.463645
5,0.2,safety_filter_distillation,0.344444,0.491667,0.794444,0.858333,0.117224,0.278400,0.758242,0.107107,0.708333,0.305556,-0.103449,0.123180,0.513353
5,0.2,shielded_behavior_cloning,0.233333,0.666667,0.830556,0.680556,0.099369,0.281239,0.672199,0.157295,0.763889,0.169444,-0.325584,0.064088,0.598702
5,0.2,unfiltered_policy,0.141667,0.838889,0.802778,0.000000,0.000000,0.000000,0.000000,0.495962,0.844444,0.000000,-0.447307,0.179878,0.640111
5,0.4,action_clipping_filter,0.166667,0.602778,0.888889,0.933333,0.229882,0.744617,0.837438,0.126295,0.891667,0.305556,-0.487319,-0.227492,0.691088
5,0.4,adversarial_safety_critic,0.172222,0.663889,0.869444,0.641667,0.100669,0.262900,0.706349,0.265765,0.805556,0.211111,-0.382660,0.018547,0.602068
5,0.4,boundary_learning_filter_v4,0.216667,0.572222,0.883333,0.905556,0.130921,0.293903,0.824708,0.116538,0.738889,0.319444,-0.292246,0.012267,0.563012
5,0.4,cbf_safety_filter,0.505556,0.297222,0.894444,0.941667,0.243217,0.820933,0.839869,0.219533,0.886111,0.602778,0.037188,-0.244493,0.531091
5,0.4,conformal_uncertainty_shield,0.394444,0.347222,0.891667,0.966667,0.295403,0.868150,0.843800,0.276770,0.900000,0.538889,-0.132748,-0.276649,0.579573
5,0.4,counterfactual_boundary_learning_filter_v5,0.319444,0.505556,0.861111,0.925000,0.141282,0.239867,0.828383,0.088927,0.700000,0.361111,-0.135112,0.068615,0.508904
5,0.4,geometric_projection_filter,0.255556,0.561111,0.897222,0.722222,0.147996,0.545072,0.716698,0.240191,0.883333,0.350000,-0.305376,-0.141446,0.618092
5,0.4,lagrangian_safe_rl,0.211111,0.663889,0.861111,0.697222,0.091248,0.270783,0.717557,0.207575,0.841667,0.222222,-0.341888,0.015516,0.596741
5,0.4,oracle_boundary_teacher,0.563889,0.138889,0.811111,0.994444,0.088940,0.166250,0.865293,0.052488,0.588889,0.675000,0.382728,0.208303,0.297226
5,0.4,recovery_policy_shield,0.497222,0.358333,0.863889,0.916667,0.182578,0.628383,0.825871,0.139273,0.800000,0.502778,0.050171,-0.105836,0.491492
5,0.4,robust_mpc_shield,0.552778,0.297222,0.891667,0.955556,0.231161,0.797750,0.846029,0.175259,0.886111,0.597222,0.095493,-0.229071,0.507494
5,0.4,safety_filter_distillation,0.302778,0.541667,0.858333,0.927778,0.130620,0.309700,0.833608,0.142149,0.786111,0.327778,-0.188113,0.019541,0.543853
5,0.4,shielded_behavior_cloning,0.180556,0.691667,0.880556,0.797222,0.118810,0.338739,0.764286,0.158474,0.838889,0.219444,-0.412900,-0.034932,0.627657
5,0.4,unfiltered_policy,0.091667,0.877778,0.880556,0.000000,0.000000,0.000000,0.000000,0.576425,0.886111,0.000000,-0.523453,0.087356,0.662556
5,0.6,action_clipping_filter,0.152778,0.605556,0.894444,0.966667,0.241944,0.772567,0.849840,0.170466,0.913889,0.325000,-0.512457,-0.252587,0.700280
5,0.6,adversarial_safety_critic,0.141667,0.658333,0.905556,0.733333,0.116450,0.303233,0.778598,0.255400,0.819444,0.250000,-0.423279,-0.039890,0.614082
5,0.6,boundary_learning_filter_v4,0.227778,0.588889,0.866667,0.950000,0.141010,0.309750,0.851613,0.099098,0.761111,0.291667,-0.297370,0.014222,0.569841
5,0.6,cbf_safety_filter,0.411111,0.297222,0.911111,0.983333,0.258924,0.863233,0.873418,0.191326,0.911111,0.616667,-0.073241,-0.288971,0.557883
5,0.6,conformal_uncertainty_shield,0.369444,0.308333,0.897222,0.988889,0.314051,0.892939,0.864353,0.258067,0.908333,0.588889,-0.144325,-0.296626,0.578460
5,0.6,counterfactual_boundary_learning_filter_v5,0.247222,0.550000,0.861111,0.963889,0.150763,0.251689,0.860800,0.094645,0.752778,0.333333,-0.242792,0.043757,0.540696
5,0.6,geometric_projection_filter,0.227778,0.575000,0.922222,0.800000,0.169294,0.612267,0.791519,0.220178,0.927778,0.352778,-0.362345,-0.209321,0.639989
5,0.6,lagrangian_safe_rl,0.208333,0.644444,0.891667,0.772222,0.103567,0.302633,0.776978,0.213427,0.825000,0.263889,-0.342384,-0.023442,0.597114
5,0.6,oracle_boundary_teacher,0.488889,0.152778,0.838889,1.000000,0.093994,0.167700,0.871473,0.037739,0.611111,0.686111,0.294813,0.170388,0.317754
5,0.6,recovery_policy_shield,0.444444,0.361111,0.894444,0.952778,0.194272,0.656339,0.850242,0.103809,0.872222,0.538889,-0.014995,-0.171638,0.508396
5,0.6,robust_mpc_shield,0.525000,0.261111,0.902778,0.975000,0.243002,0.817500,0.861685,0.146020,0.905556,0.644444,0.082266,-0.254909,0.505996
5,0.6,safety_filter_distillation,0.238889,0.594444,0.886111,0.969444,0.140785,0.325000,0.858054,0.126498,0.813889,0.313889,-0.293343,-0.027088,0.577186
5,0.6,shielded_behavior_cloning,0.163889,0.694444,0.897222,0.811111,0.123477,0.348194,0.796491,0.181069,0.875000,0.227778,-0.435085,-0.067202,0.633854
5,0.6,unfiltered_policy,0.036111,0.908333,0.905556,0.000000,0.000000,0.000000,0.000000,0.581908,0.919444,0.000000,-0.600073,0.050267,0.683444
5,0.8,action_clipping_filter,0.100000,0.644444,0.927778,0.972222,0.247752,0.786661,0.883648,0.136966,0.941667,0.300000,-0.595955,-0.302806,0.726017
5,0.8,adversarial_safety_critic,0.113889,0.658333,0.888889,0.838889,0.138206,0.349311,0.843537,0.228290,0.875000,0.266667,-0.467407,-0.061433,0.629083
5,0.8,boundary_learning_filter_v4,0.158333,0.597222,0.916667,0.952778,0.144993,0.312764,0.864865,0.142038,0.833333,0.338889,-0.376047,-0.060980,0.587475
5,0.8,cbf_safety_filter,0.386111,0.358333,0.944444,0.975000,0.264476,0.860883,0.879121,0.188847,0.916667,0.588889,-0.138750,-0.326675,0.583156
5,0.8,conformal_uncertainty_shield,0.347222,0.386111,0.925000,0.997222,0.325208,0.908297,0.886822,0.236774,0.922222,0.544444,-0.222633,-0.339273,0.611644
5,0.8,counterfactual_boundary_learning_filter_v5,0.213889,0.500000,0.908333,0.972222,0.158450,0.255189,0.871069,0.060144,0.736111,0.413889,-0.248549,-0.000320,0.533166
5,0.8,geometric_projection_filter,0.191667,0.577778,0.919444,0.847222,0.181498,0.653722,0.829103,0.232581,0.927778,0.358333,-0.413147,-0.224777,0.655272
5,0.8,lagrangian_safe_rl,0.144444,0.683333,0.891667,0.836111,0.115069,0.329817,0.817717,0.184706,0.883333,0.230556,-0.441601,-0.055582,0.627668
5,0.8,oracle_boundary_teacher,0.402778,0.236111,0.863889,1.000000,0.098113,0.168900,0.885449,0.058401,0.608333,0.627778,0.151917,0.140583,0.362528
5,0.8,recovery_policy_shield,0.363889,0.405556,0.902778,0.977778,0.204395,0.679772,0.880878,0.116833,0.872222,0.497222,-0.133773,-0.193492,0.543364
5,0.8,robust_mpc_shield,0.433333,0.302778,0.905556,0.991667,0.252292,0.837750,0.883359,0.138394,0.933333,0.600000,-0.045351,-0.278357,0.541765
5,0.8,safety_filter_distillation,0.183333,0.541667,0.902778,0.983333,0.148373,0.332700,0.884375,0.095168,0.838889,0.369444,-0.321088,-0.054966,0.573698
5,0.8,shielded_behavior_cloning,0.105556,0.716667,0.891667,0.827778,0.129950,0.357778,0.815068,0.158193,0.888889,0.211111,-0.513090,-0.072441,0.654947
5,0.8,unfiltered_policy,0.025000,0.922222,0.916667,0.000000,0.000000,0.000000,0.000000,0.624181,0.922222,0.000000,-0.620307,0.037656,0.690111
5,1.0,action_clipping_filter,0.094444,0.636111,0.922222,0.980556,0.254272,0.805294,0.909091,0.167921,0.963889,0.316667,-0.602023,-0.311798,0.727871
5,1.0,adversarial_safety_critic,0.122222,0.652778,0.922222,0.886111,0.148693,0.372656,0.869010,0.263345,0.900000,0.291667,-0.462980,-0.112449,0.630328
5,1.0,boundary_learning_filter_v4,0.127778,0.630556,0.925000,0.988889,0.155501,0.330653,0.914027,0.119882,0.825000,0.313889,-0.435219,-0.077048,0.608291
5,1.0,cbf_safety_filter,0.313889,0.377778,0.938889,0.991667,0.276076,0.891433,0.918675,0.195986,0.955556,0.569444,-0.234992,-0.348209,0.609577
5,1.0,conformal_uncertainty_shield,0.266667,0.400000,0.938889,1.000000,0.333653,0.927158,0.920540,0.271997,0.958333,0.541667,-0.320729,-0.374550,0.635983
5,1.0,counterfactual_boundary_learning_filter_v5,0.163889,0.552778,0.916667,0.997222,0.167651,0.267089,0.921922,0.109360,0.813889,0.366667,-0.338490,-0.040806,0.563139
5,1.0,geometric_projection_filter,0.161111,0.575000,0.936111,0.886111,0.194519,0.691761,0.856230,0.241905,0.941667,0.372222,-0.454265,-0.262481,0.667402
5,1.0,lagrangian_safe_rl,0.075000,0.702778,0.930556,0.869444,0.122356,0.350117,0.870968,0.227114,0.916667,0.244444,-0.531689,-0.115273,0.651527
5,1.0,oracle_boundary_teacher,0.361111,0.227778,0.925000,1.000000,0.101556,0.172050,0.920540,0.027645,0.655556,0.697222,0.112556,0.062917,0.369193
5,1.0,recovery_policy_shield,0.308333,0.455556,0.941667,0.983333,0.211667,0.695600,0.913767,0.155096,0.883333,0.488889,-0.227920,-0.245595,0.573683
5,1.0,robust_mpc_shield,0.408333,0.333333,0.950000,0.991667,0.259046,0.852750,0.915663,0.162512,0.966667,0.616667,-0.095376,-0.341047,0.559558
5,1.0,safety_filter_distillation,0.158333,0.597222,0.927778,0.994444,0.153581,0.342100,0.917293,0.143830,0.894444,0.333333,-0.385331,-0.103345,0.598541
5,1.0,shielded_behavior_cloning,0.125000,0.697222,0.938889,0.877778,0.141267,0.386528,0.869984,0.186226,0.930556,0.252778,-0.489745,-0.143801,0.650322
5,1.0,unfiltered_policy,0.016667,0.941667,0.941667,0.000000,0.000000,0.000000,0.000000,0.663478,0.955556,0.000000,-0.641180,0.001867,0.698000
6,0.0,action_clipping_filter,0.280556,0.511111,0.808333,0.880556,0.208353,0.677011,0.748175,0.104432,0.813889,0.327778,-0.292241,-0.089656,0.626989
6,0.0,adversarial_safety_critic,0.333333,0.636111,0.786111,0.444444,0.066219,0.174656,0.526854,0.230409,0.666667,0.161111,-0.171333,0.186423,0.544167
6,0.0,boundary_learning_filter_v4,0.313889,0.552778,0.755556,0.744444,0.100729,0.234889,0.721443,0.145048,0.611111,0.244444,-0.159164,0.208286,0.524829
6,0.0,cbf_safety_filter,0.508333,0.330556,0.808333,0.883333,0.216862,0.743383,0.754098,0.157065,0.780556,0.491667,0.042074,-0.094435,0.527152
6,0.0,conformal_uncertainty_shield,0.547222,0.294444,0.802778,0.894444,0.257123,0.776269,0.755877,0.237097,0.777778,0.511111,0.087590,-0.105509,0.514212
6,0.0,counterfactual_boundary_learning_filter_v5,0.438889,0.458333,0.711111,0.750000,0.108069,0.187833,0.698603,0.090553,0.650000,0.280556,0.037919,0.262927,0.457681
6,0.0,geometric_projection_filter,0.313889,0.563889,0.802778,0.538889,0.107346,0.397472,0.607059,0.185535,0.825000,0.250000,-0.205787,0.033056,0.582286
6,0.0,lagrangian_safe_rl,0.358333,0.588889,0.777778,0.519444,0.064775,0.196117,0.593301,0.176048,0.719444,0.188889,-0.120096,0.173131,0.529571
6,0.0,oracle_boundary_teacher,0.619444,0.127778,0.702778,0.952778,0.077371,0.153650,0.780488,0.018242,0.438889,0.577778,0.452926,0.369955,0.278965
6,0.0,recovery_policy_shield,0.561111,0.388889,0.786111,0.786111,0.149053,0.520056,0.712062,0.093913,0.702778,0.394444,0.128078,0.047261,0.469458
6,0.0,robust_mpc_shield,0.675000,0.200000,0.819444,0.925000,0.211359,0.744750,0.765957,0.125887,0.800000,0.622222,0.299269,-0.102353,0.442015
6,0.0,safety_filter_distillation,0.361111,0.511111,0.791667,0.783333,0.104069,0.251100,0.697856,0.135234,0.677778,0.272222,-0.089285,0.147323,0.510598
6,0.0,shielded_behavior_cloning,0.283333,0.644444,0.786111,0.580556,0.082999,0.240606,0.636364,0.125300,0.741667,0.177778,-0.247136,0.134860,0.573768
6,0.0,unfiltered_policy,0.158333,0.830556,0.813889,0.000000,0.000000,0.000000,0.000000,0.468523,0.822222,0.000000,-0.424847,0.176033,0.634111
6,0.2,action_clipping_filter,0.236111,0.522222,0.816667,0.908333,0.219911,0.706633,0.782456,0.106315,0.841667,0.322222,-0.354360,-0.120579,0.645069
6,0.2,adversarial_safety_critic,0.216667,0.630556,0.800000,0.525000,0.080206,0.209000,0.597222,0.232073,0.766667,0.186111,-0.299107,0.125177,0.572361
6,0.2,boundary_learning_filter_v4,0.344444,0.536111,0.797222,0.800000,0.111238,0.253458,0.741996,0.087292,0.675000,0.291667,-0.123845,0.139794,0.517504
6,0.2,cbf_safety_filter,0.494444,0.308333,0.858333,0.925000,0.230440,0.784117,0.777778,0.166010,0.852778,0.544444,0.029732,-0.183102,0.530151
6,0.2,conformal_uncertainty_shield,0.455556,0.288889,0.858333,0.947222,0.279626,0.828272,0.784247,0.233701,0.836111,0.575000,-0.020361,-0.203500,0.541059
6,0.2,counterfactual_boundary_learning_filter_v5,0.408333,0.427778,0.780556,0.875000,0.129553,0.222133,0.777778,0.100506,0.627778,0.369444,0.012635,0.183845,0.461998
6,0.2,geometric_projection_filter,0.277778,0.516667,0.833333,0.655556,0.132571,0.487672,0.680585,0.185249,0.850000,0.300000,-0.238500,-0.041857,0.589761
6,0.2,lagrangian_safe_rl,0.244444,0.650000,0.805556,0.608333,0.077720,0.229600,0.627706,0.166083,0.766667,0.163889,-0.286611,0.112270,0.578253
6,0.2,oracle_boundary_teacher,0.566667,0.138889,0.755556,0.983333,0.083681,0.159900,0.804020,0.022965,0.463889,0.622222,0.388378,0.304754,0.294962
6,0.2,recovery_policy_shield,0.536111,0.352778,0.816667,0.855556,0.166775,0.572061,0.758621,0.118358,0.736111,0.475000,0.109594,-0.014974,0.472333
6,0.2,robust_mpc_shield,0.663889,0.230556,0.822222,0.944444,0.220847,0.765250,0.778731,0.133852,0.852778,0.591667,0.261692,-0.131464,0.458182
6,0.2,safety_filter_distillation,0.300000,0.505556,0.819444,0.861111,0.117371,0.279400,0.752260,0.136829,0.719444,0.311111,-0.158324,0.093122,0.526833
6,0.2,shielded_behavior_cloning,0.263889,0.638889,0.836111,0.677778,0.099202,0.281111,0.673511,0.168585,0.786111,0.216667,-0.276444,0.053445,0.583656
6,0.2,unfiltered_policy,0.111111,0.847222,0.822222,0.000000,0.000000,0.000000,0.000000,0.492646,0.858333,0.000000,-0.484100,0.155389,0.648889
6,0.4,action_clipping_filter,0.180556,0.558333,0.866667,0.930556,0.229175,0.735061,0.818792,0.139506,0.908333,0.316667,-0.442824,-0.204971,0.672814
6,0.4,adversarial_safety_critic,0.180556,0.691667,0.863889,0.608333,0.095059,0.244200,0.645833,0.255483,0.772222,0.194444,-0.386248,0.041260,0.606037
6,0.4,boundary_learning_filter_v4,0.297222,0.566667,0.850000,0.911111,0.131537,0.292347,0.804754,0.118850,0.686111,0.311111,-0.205474,0.063664,0.545047
6,0.4,cbf_safety_filter,0.480556,0.313889,0.861111,0.955556,0.246108,0.824589,0.826446,0.173418,0.902778,0.544444,-0.000696,-0.219088,0.542383
6,0.4,conformal_uncertainty_shield,0.436111,0.333333,0.886111,0.980556,0.301312,0.871922,0.830619,0.234566,0.875000,0.555556,-0.083439,-0.264851,0.568311
6,0.4,counterfactual_boundary_learning_filter_v5,0.308333,0.461111,0.800000,0.908333,0.138649,0.233100,0.802721,0.098937,0.669444,0.347222,-0.116417,0.143063,0.495618
6,0.4,geometric_projection_filter,0.294444,0.561111,0.877778,0.711111,0.146910,0.533911,0.711799,0.218786,0.894444,0.322222,-0.262705,-0.120302,0.608780
6,0.4,lagrangian_safe_rl,0.180556,0.680556,0.877778,0.694444,0.091325,0.266467,0.696673,0.186220,0.783333,0.213889,-0.383104,0.016752,0.607681
6,0.4,oracle_boundary_teacher,0.555556,0.130556,0.794444,0.997222,0.089346,0.164800,0.841935,0.065152,0.561111,0.666667,0.379559,0.233847,0.296125
6,0.4,recovery_policy_shield,0.472222,0.344444,0.838889,0.888889,0.176219,0.601661,0.788296,0.137374,0.786111,0.497222,0.040297,-0.065793,0.487697
6,0.4,robust_mpc_shield,0.572222,0.252778,0.888889,0.975000,0.235183,0.805500,0.833333,0.152758,0.852778,0.630556,0.140908,-0.218084,0.491037
6,0.4,safety_filter_distillation,0.277778,0.511111,0.838889,0.908333,0.128793,0.300600,0.812925,0.134529,0.786111,0.344444,-0.192286,0.043119,0.537655
6,0.4,shielded_behavior_cloning,0.216667,0.650000,0.869444,0.763889,0.115417,0.320722,0.727612,0.151676,0.847222,0.250000,-0.344764,-0.017072,0.604328
6,0.4,unfiltered_policy,0.063889,0.883333,0.880556,0.000000,0.000000,0.000000,0.000000,0.559805,0.911111,0.000000,-0.555627,0.079122,0.669889
6,0.6,action_clipping_filter,0.163889,0.591667,0.950000,0.950000,0.239284,0.779733,0.896445,0.191936,0.930556,0.363889,-0.492883,-0.314544,0.693995
6,0.6,adversarial_safety_critic,0.141667,0.711111,0.894444,0.719444,0.114611,0.302622,0.783688,0.329334,0.894444,0.202778,-0.455939,-0.052382,0.630567
6,0.6,boundary_learning_filter_v4,0.183333,0.605556,0.908333,0.941667,0.139375,0.314708,0.894410,0.182288,0.838889,0.319444,-0.354272,-0.053672,0.584364
6,0.6,cbf_safety_filter,0.358333,0.338889,0.927778,0.975000,0.258059,0.874983,0.908537,0.255296,0.950000,0.588889,-0.156099,-0.323775,0.583026
6,0.6,conformal_uncertainty_shield,0.372222,0.372222,0.908333,0.994444,0.315075,0.920153,0.914027,0.319932,0.938889,0.541667,-0.187501,-0.328947,0.601798
6,0.6,counterfactual_boundary_learning_filter_v5,0.236111,0.561111,0.891667,0.944444,0.148215,0.252778,0.899225,0.153340,0.788889,0.338889,-0.260753,0.001901,0.546145
6,0.6,geometric_projection_filter,0.208333,0.575000,0.930556,0.788889,0.166396,0.621606,0.838710,0.281933,0.936111,0.363889,-0.383435,-0.223350,0.644477
6,0.6,lagrangian_safe_rl,0.144444,0.694444,0.925000,0.783333,0.105791,0.315700,0.831346,0.248946,0.900000,0.219444,-0.443123,-0.087323,0.627860
6,0.6,oracle_boundary_teacher,0.497222,0.183333,0.908333,1.000000,0.094109,0.171750,0.917293,0.065170,0.641667,0.725000,0.283286,0.089477,0.326372
6,0.6,recovery_policy_shield,0.405556,0.408333,0.905556,0.944444,0.192077,0.669289,0.905426,0.182960,0.875000,0.502778,-0.086881,-0.190125,0.532444
6,0.6,robust_mpc_shield,0.505556,0.291667,0.925000,0.983333,0.246016,0.844500,0.910470,0.192188,0.925000,0.633333,0.036664,-0.294702,0.523445
6,0.6,safety_filter_distillation,0.208333,0.597222,0.925000,0.963889,0.140435,0.331100,0.901840,0.188095,0.827778,0.333333,-0.327743,-0.072982,0.584855
6,0.6,shielded_behavior_cloning,0.130556,0.722222,0.933333,0.811111,0.123744,0.355861,0.827471,0.228499,0.891667,0.225000,-0.488622,-0.112696,0.650377
6,0.6,unfiltered_policy,0.022222,0.941667,0.925000,0.000000,0.000000,0.000000,0.000000,0.661984,0.933333,0.000000,-0.635447,0.025311,0.696889
6,0.8,action_clipping_filter,0.116667,0.608333,0.933333,0.950000,0.243345,0.771133,0.878357,0.156925,0.944444,0.336111,-0.551596,-0.301213,0.708471
6,0.8,adversarial_safety_critic,0.113889,0.708333,0.919444,0.808333,0.131264,0.336233,0.817869,0.265675,0.855556,0.227778,-0.494357,-0.081647,0.642264
6,0.8,boundary_learning_filter_v4,0.163889,0.602778,0.913889,0.975000,0.149481,0.321417,0.881620,0.079928,0.777778,0.322222,-0.376840,-0.045623,0.589988
6,0.8,cbf_safety_filter,0.352778,0.308333,0.922222,0.994444,0.270921,0.880728,0.890601,0.169715,0.952778,0.613889,-0.147404,-0.322812,0.577364
6,0.8,conformal_uncertainty_shield,0.322222,0.400000,0.902778,0.994444,0.325057,0.908836,0.890601,0.246705,0.925000,0.502778,-0.257263,-0.318993,0.621126
6,0.8,counterfactual_boundary_learning_filter_v5,0.233333,0.550000,0.902778,0.997222,0.162014,0.263122,0.892308,0.064097,0.766667,0.361111,-0.262652,-0.008720,0.546871
6,0.8,geometric_projection_filter,0.183333,0.591667,0.919444,0.866667,0.186860,0.671033,0.842454,0.207846,0.952778,0.327778,-0.435511,-0.240217,0.664426
6,0.8,lagrangian_safe_rl,0.150000,0.666667,0.925000,0.830556,0.114780,0.328883,0.820339,0.189250,0.883333,0.263889,-0.425078,-0.087876,0.621060
6,0.8,oracle_boundary_teacher,0.408333,0.183333,0.866667,1.000000,0.097949,0.169650,0.894009,0.019718,0.613889,0.683333,0.190862,0.137700,0.344589
6,0.8,recovery_policy_shield,0.363889,0.372222,0.894444,0.972222,0.204370,0.679361,0.889236,0.120807,0.861111,0.522222,-0.112644,-0.180605,0.532643
6,0.8,robust_mpc_shield,0.483333,0.269444,0.913889,0.991667,0.254216,0.840750,0.888889,0.128880,0.930556,0.641667,0.026136,-0.285257,0.521804
6,0.8,safety_filter_distillation,0.172222,0.569444,0.925000,0.983333,0.148480,0.333300,0.883721,0.122302,0.836111,0.363889,-0.350238,-0.077705,0.584900
6,0.8,shielded_behavior_cloning,0.138889,0.694444,0.900000,0.847222,0.132944,0.367106,0.825503,0.157066,0.888889,0.227778,-0.467386,-0.083366,0.642827
6,0.8,unfiltered_policy,0.030556,0.936111,0.913889,0.000000,0.000000,0.000000,0.000000,0.633958,0.933333,0.000000,-0.623340,0.036767,0.693444
6,1.0,action_clipping_filter,0.100000,0.638889,0.941667,0.972222,0.252369,0.795261,0.898773,0.166755,0.963889,0.327778,-0.595495,-0.327211,0.726102
6,1.0,adversarial_safety_critic,0.097222,0.633333,0.911111,0.877778,0.147509,0.368989,0.870550,0.251239,0.888889,0.294444,-0.475434,-0.096321,0.628452
6,1.0,boundary_learning_filter_v4,0.144444,0.602778,0.919444,0.988889,0.154728,0.329194,0.905775,0.112371,0.841667,0.330556,-0.399972,-0.074589,0.595754
6,1.0,cbf_safety_filter,0.322222,0.380556,0.933333,0.991667,0.276734,0.886733,0.907436,0.189024,0.958333,0.552778,-0.227399,-0.341837,0.608353
6,1.0,conformal_uncertainty_shield,0.280556,0.358333,0.925000,1.000000,0.333758,0.923117,0.912387,0.253911,0.952778,0.569444,-0.279321,-0.355941,0.619406
6,1.0,counterfactual_boundary_learning_filter_v5,0.172222,0.569444,0.913889,0.991667,0.165552,0.264367,0.910470,0.084189,0.783333,0.358333,-0.339261,-0.027827,0.566101
6,1.0,geometric_projection_filter,0.161111,0.533333,0.950000,0.888889,0.194782,0.694722,0.868167,0.224226,0.938889,0.419444,-0.428631,-0.275327,0.654472
6,1.0,lagrangian_safe_rl,0.116667,0.730556,0.916667,0.847222,0.120132,0.337983,0.836903,0.221843,0.905556,0.202778,-0.503163,-0.093274,0.650226
6,1.0,oracle_boundary_teacher,0.383333,0.225000,0.891667,1.000000,0.101521,0.171300,0.912387,0.040780,0.697222,0.666667,0.137402,0.084562,0.363763
6,1.0,recovery_policy_shield,0.344444,0.394444,0.936111,0.983333,0.211160,0.691900,0.902439,0.132748,0.927778,0.552778,-0.151196,-0.249255,0.546370
6,1.0,robust_mpc_shield,0.413889,0.286111,0.947222,0.997222,0.261246,0.854000,0.910741,0.140606,0.938889,0.661111,-0.060721,-0.329201,0.543882
6,1.0,safety_filter_distillation,0.136111,0.608333,0.919444,0.997222,0.154909,0.341600,0.910741,0.114649,0.880556,0.327778,-0.415562,-0.091727,0.606720
6,1.0,shielded_behavior_cloning,0.083333,0.705556,0.933333,0.911111,0.146756,0.399178,0.876190,0.201887,0.919444,0.252778,-0.542110,-0.141678,0.663829
6,1.0,unfiltered_policy,0.019444,0.938889,0.941667,0.000000,0.000000,0.000000,0.000000,0.653584,0.966667,0.000000,-0.636560,-0.001322,0.696556
7,0.0,action_clipping_filter,0.252778,0.536111,0.825000,0.875000,0.208582,0.679400,0.768953,0.104486,0.852778,0.338889,-0.337230,-0.120255,0.640873
7,0.0,adversarial_safety_critic,0.227778,0.669444,0.811111,0.366667,0.055212,0.145933,0.485175,0.255812,0.725000,0.147222,-0.292406,0.153322,0.570517
7,0.0,boundary_learning_filter_v4,0.305556,0.522222,0.761111,0.750000,0.101685,0.237417,0.722986,0.114063,0.669444,0.288889,-0.149257,0.184937,0.517193
7,0.0,cbf_safety_filter,0.591667,0.286111,0.833333,0.861111,0.210713,0.727978,0.750455,0.194926,0.822222,0.536111,0.160972,-0.122051,0.493308
7,0.0,conformal_uncertainty_shield,0.505556,0.336111,0.827778,0.877778,0.252049,0.763336,0.745946,0.261540,0.805556,0.483333,0.022332,-0.135322,0.533414
7,0.0,counterfactual_boundary_learning_filter_v5,0.402778,0.430556,0.747222,0.766667,0.110670,0.192267,0.699029,0.071994,0.580556,0.338889,0.016551,0.245696,0.457015
7,0.0,geometric_projection_filter,0.313889,0.605556,0.844444,0.538889,0.106931,0.397472,0.595843,0.205752,0.833333,0.244444,-0.231967,-0.012362,0.595544
7,0.0,lagrangian_safe_rl,0.288889,0.636111,0.797222,0.536111,0.066721,0.203467,0.606481,0.182218,0.736111,0.180556,-0.223596,0.142741,0.559804
7,0.0,oracle_boundary_teacher,0.658333,0.122222,0.727778,0.947222,0.077215,0.153850,0.793103,0.046679,0.444444,0.619444,0.496571,0.344202,0.269405
7,0.0,recovery_policy_shield,0.555556,0.388889,0.822222,0.791667,0.150170,0.527250,0.725191,0.119042,0.730556,0.419444,0.120589,-0.000120,0.471634
7,0.0,robust_mpc_shield,0.613889,0.269444,0.813889,0.913889,0.209474,0.738500,0.764085,0.138456,0.825000,0.550000,0.194159,-0.105106,0.475370
7,0.0,safety_filter_distillation,0.391667,0.491667,0.783333,0.805556,0.107039,0.260900,0.729679,0.127743,0.680556,0.291667,-0.048288,0.151920,0.499975
7,0.0,shielded_behavior_cloning,0.286111,0.647222,0.811111,0.594444,0.084859,0.244694,0.613687,0.180660,0.772222,0.188889,-0.247374,0.098812,0.574927
7,0.0,unfiltered_policy,0.180556,0.841667,0.836111,0.000000,0.000000,0.000000,0.000000,0.476016,0.822222,0.000000,-0.408927,0.153900,0.633222
7,0.2,action_clipping_filter,0.211111,0.505556,0.822222,0.888889,0.214808,0.689911,0.770053,0.125211,0.872222,0.341667,-0.364835,-0.128204,0.641810
7,0.2,adversarial_safety_critic,0.233333,0.627778,0.797222,0.527778,0.080196,0.209489,0.593968,0.229499,0.730556,0.152778,-0.280248,0.139035,0.568196
7,0.2,boundary_learning_filter_v4,0.283333,0.519444,0.827778,0.858333,0.120079,0.271250,0.760000,0.078298,0.713889,0.330556,-0.182489,0.088692,0.528120
7,0.2,cbf_safety_filter,0.513889,0.283333,0.822222,0.927778,0.232412,0.785944,0.779130,0.157176,0.822222,0.530556,0.064644,-0.137687,0.518836
7,0.2,conformal_uncertainty_shield,0.497222,0.300000,0.819444,0.963889,0.285053,0.842014,0.789116,0.223025,0.811111,0.522222,0.011321,-0.162683,0.538907
7,0.2,counterfactual_boundary_learning_filter_v5,0.394444,0.402778,0.786111,0.850000,0.125744,0.215600,0.767824,0.064618,0.597222,0.388889,0.016483,0.191098,0.455306
7,0.2,geometric_projection_filter,0.286111,0.547222,0.833333,0.633333,0.129017,0.463300,0.622601,0.197004,0.863889,0.305556,-0.243305,-0.037309,0.594308
7,0.2,lagrangian_safe_rl,0.288889,0.625000,0.788889,0.613889,0.078465,0.232983,0.649351,0.149777,0.777778,0.200000,-0.225854,0.125920,0.561904
7,0.2,oracle_boundary_teacher,0.572222,0.125000,0.766667,0.994444,0.084763,0.161450,0.804674,0.046600,0.502778,0.652778,0.402257,0.281756,0.289787
7,0.2,recovery_policy_shield,0.530556,0.386111,0.805556,0.838889,0.162553,0.557878,0.736648,0.125219,0.744444,0.405556,0.086865,-0.001571,0.481649
7,0.2,robust_mpc_shield,0.625000,0.238889,0.822222,0.922222,0.217674,0.750500,0.788831,0.127203,0.838889,0.577778,0.220153,-0.122374,0.466286
7,0.2,safety_filter_distillation,0.336111,0.513889,0.780556,0.844444,0.115385,0.273400,0.741284,0.108577,0.738889,0.272222,-0.124549,0.129198,0.521200
7,0.2,shielded_behavior_cloning,0.255556,0.622222,0.811111,0.650000,0.095137,0.271783,0.686316,0.136224,0.802778,0.208333,-0.271492,0.077993,0.578139
7,0.2,unfiltered_policy,0.141667,0.838889,0.863889,0.000000,0.000000,0.000000,0.000000,0.473760,0.863889,0.000000,-0.447307,0.112933,0.640111
7,0.4,action_clipping_filter,0.200000,0.541667,0.875000,0.913889,0.225757,0.726461,0.826891,0.163302,0.888889,0.344444,-0.409538,-0.202759,0.661945
7,0.4,adversarial_safety_critic,0.150000,0.655556,0.866667,0.636111,0.098679,0.256422,0.666667,0.265177,0.811111,0.208333,-0.398468,0.022219,0.602711
7,0.4,boundary_learning_filter_v4,0.261111,0.550000,0.844444,0.875000,0.125433,0.282042,0.798623,0.137343,0.708333,0.311111,-0.228405,0.067303,0.544601
7,0.4,cbf_safety_filter,0.500000,0.302778,0.894444,0.947222,0.243195,0.819106,0.823723,0.182748,0.877778,0.594444,0.028318,-0.241616,0.533757
7,0.4,conformal_uncertainty_shield,0.416667,0.336111,0.844444,0.977778,0.298375,0.874078,0.841424,0.257734,0.886111,0.505556,-0.104840,-0.227194,0.572819
7,0.4,counterfactual_boundary_learning_filter_v5,0.330556,0.441667,0.844444,0.922222,0.140637,0.237689,0.816054,0.115190,0.666667,0.413889,-0.082698,0.098464,0.485860
7,0.4,geometric_projection_filter,0.255556,0.544444,0.875000,0.741667,0.153640,0.561017,0.742964,0.209660,0.877778,0.325000,-0.299662,-0.123913,0.615688
7,0.4,lagrangian_safe_rl,0.219444,0.675000,0.852778,0.702778,0.091249,0.273117,0.732177,0.196527,0.797222,0.197222,-0.340767,0.036149,0.598910
7,0.4,oracle_boundary_teacher,0.525000,0.127778,0.794444,0.994444,0.089009,0.165050,0.849359,0.033848,0.572222,0.666667,0.349827,0.229968,0.301317
7,0.4,recovery_policy_shield,0.511111,0.372222,0.872222,0.908333,0.181163,0.619133,0.812816,0.144413,0.808333,0.500000,0.057989,-0.113208,0.491794
7,0.4,robust_mpc_shield,0.569444,0.277778,0.880556,0.969444,0.233601,0.804250,0.839024,0.128775,0.872222,0.602778,0.122967,-0.215674,0.499158
7,0.4,safety_filter_distillation,0.288889,0.511111,0.863889,0.930556,0.131466,0.308600,0.821963,0.122198,0.766667,0.372222,-0.183185,0.020750,0.536874
7,0.4,shielded_behavior_cloning,0.155556,0.666667,0.863889,0.716667,0.107504,0.304367,0.732824,0.191792,0.813889,0.208333,-0.412808,0.004216,0.618497
7,0.4,unfiltered_policy,0.075000,0.877778,0.863889,0.000000,0.000000,0.000000,0.000000,0.563050,0.897222,0.000000,-0.540653,0.100356,0.665889
7,0.6,action_clipping_filter,0.150000,0.619444,0.913889,0.950000,0.238401,0.764683,0.862179,0.148073,0.938889,0.300000,-0.521497,-0.276477,0.703696
7,0.6,adversarial_safety_critic,0.169444,0.647222,0.886111,0.722222,0.115762,0.296878,0.749077,0.264422,0.844444,0.247222,-0.386134,-0.024597,0.604085
7,0.6,boundary_learning_filter_v4,0.166667,0.597222,0.891667,0.933333,0.138754,0.306833,0.867314,0.123470,0.805556,0.313889,-0.364464,-0.024098,0.583974
7,0.6,cbf_safety_filter,0.430556,0.305556,0.883333,0.975000,0.258338,0.855400,0.862559,0.187251,0.911111,0.580556,-0.056705,-0.258119,0.555615
7,0.6,conformal_uncertainty_shield,0.361111,0.347222,0.925000,0.997222,0.314673,0.904256,0.876755,0.264378,0.891667,0.580556,-0.179905,-0.325035,0.594041
7,0.6,counterfactual_boundary_learning_filter_v5,0.247222,0.525000,0.875000,0.972222,0.152910,0.254956,0.873418,0.079054,0.727778,0.361111,-0.228282,0.036561,0.533474
7,0.6,geometric_projection_filter,0.194444,0.594444,0.911111,0.766667,0.161512,0.586983,0.770609,0.235026,0.925000,0.325000,-0.401734,-0.187972,0.648444
7,0.6,lagrangian_safe_rl,0.227778,0.638889,0.913889,0.788889,0.106390,0.310333,0.791519,0.190178,0.844444,0.269444,-0.321160,-0.054277,0.592879
7,0.6,oracle_boundary_teacher,0.488889,0.188889,0.850000,1.000000,0.093711,0.168300,0.878505,0.045289,0.605556,0.663889,0.271982,0.159627,0.329331
7,0.6,recovery_policy_shield,0.425000,0.375000,0.883333,0.911111,0.185579,0.629822,0.839344,0.130403,0.847222,0.502778,-0.036036,-0.142540,0.511983
7,0.6,robust_mpc_shield,0.522222,0.291667,0.908333,0.977778,0.243451,0.823000,0.870662,0.138527,0.908333,0.616667,0.058887,-0.264412,0.517070
7,0.6,safety_filter_distillation,0.216667,0.563889,0.883333,0.961111,0.139294,0.323200,0.859873,0.149994,0.813889,0.330556,-0.296200,-0.022830,0.571368
7,0.6,shielded_behavior_cloning,0.147222,0.691667,0.900000,0.811111,0.123675,0.350494,0.811847,0.196044,0.838889,0.219444,-0.451047,-0.060262,0.636610
7,0.6,unfiltered_policy,0.036111,0.922222,0.916667,0.000000,0.000000,0.000000,0.000000,0.613852,0.933333,0.000000,-0.608840,0.034544,0.687889
7,0.8,action_clipping_filter,0.130556,0.611111,0.938889,0.963889,0.246744,0.787378,0.893354,0.190006,0.955556,0.341667,-0.543233,-0.316466,0.709144
7,0.8,adversarial_safety_critic,0.133333,0.661111,0.919444,0.833333,0.136534,0.347967,0.830000,0.270497,0.880556,0.272222,-0.448343,-0.092538,0.625621
7,0.8,boundary_learning_filter_v4,0.150000,0.625000,0.902778,0.975000,0.148342,0.324333,0.900154,0.131145,0.797222,0.305556,-0.405452,-0.042165,0.600022
7,0.8,cbf_safety_filter,0.352778,0.322222,0.938889,0.988889,0.269245,0.882556,0.902439,0.219476,0.933333,0.619444,-0.156051,-0.334420,0.581726
7,0.8,conformal_uncertainty_shield,0.305556,0.377778,0.905556,1.000000,0.323652,0.921500,0.909091,0.291477,0.919444,0.538889,-0.262553,-0.324033,0.618615
7,0.8,counterfactual_boundary_learning_filter_v5,0.227778,0.530556,0.911111,0.975000,0.157856,0.259233,0.897081,0.103609,0.758333,0.386111,-0.254136,-0.011811,0.540544
7,0.8,geometric_projection_filter,0.163889,0.563889,0.952778,0.883333,0.190042,0.689483,0.864078,0.246900,0.941667,0.388889,-0.442639,-0.277026,0.662212
7,0.8,lagrangian_safe_rl,0.122222,0.683333,0.930556,0.838889,0.114916,0.333433,0.823920,0.223282,0.888889,0.261111,-0.465210,-0.097861,0.632519
7,0.8,oracle_boundary_teacher,0.419444,0.191667,0.900000,1.000000,0.097721,0.171000,0.909091,0.016680,0.658333,0.708333,0.196866,0.090545,0.345154
7,0.8,recovery_policy_shield,0.377778,0.441667,0.911111,0.961111,0.200843,0.677306,0.900929,0.145738,0.869444,0.466667,-0.140716,-0.200274,0.551206
7,0.8,robust_mpc_shield,0.380556,0.330556,0.919444,0.986111,0.251332,0.842500,0.900763,0.163676,0.930556,0.588889,-0.118020,-0.294887,0.561606
7,0.8,safety_filter_distillation,0.166667,0.613889,0.922222,0.980556,0.146966,0.335000,0.897397,0.148715,0.844444,0.319444,-0.383926,-0.079276,0.600165
7,0.8,shielded_behavior_cloning,0.125000,0.733333,0.922222,0.897222,0.140155,0.393172,0.873194,0.184049,0.886111,0.211111,-0.513541,-0.117141,0.662475
7,0.8,unfiltered_policy,0.025000,0.947222,0.925000,0.000000,0.000000,0.000000,0.000000,0.651282,0.944444,0.000000,-0.636087,0.021856,0.698111
7,1.0,action_clipping_filter,0.116667,0.608333,0.958333,0.980556,0.257047,0.806728,0.913767,0.174926,0.955556,0.366667,-0.562643,-0.345144,0.715209
7,1.0,adversarial_safety_critic,0.125000,0.672222,0.938889,0.852778,0.143438,0.358722,0.852033,0.269959,0.900000,0.275000,-0.468093,-0.123598,0.633377
7,1.0,boundary_learning_filter_v4,0.141667,0.608333,0.938889,0.980556,0.153019,0.328028,0.910741,0.131105,0.838889,0.341667,-0.405619,-0.092673,0.597640
7,1.0,cbf_safety_filter,0.319444,0.366667,0.936111,1.000000,0.279687,0.899267,0.922156,0.188155,0.963889,0.569444,-0.224849,-0.351015,0.606500
7,1.0,conformal_uncertainty_shield,0.288889,0.363889,0.930556,1.000000,0.335208,0.927967,0.922156,0.264147,0.961111,0.569444,-0.275612,-0.366051,0.620360
7,1.0,counterfactual_boundary_learning_filter_v5,0.150000,0.619444,0.927778,0.997222,0.166410,0.267322,0.923538,0.119875,0.822222,0.319444,-0.394591,-0.056667,0.587055
7,1.0,geometric_projection_filter,0.105556,0.638889,0.933333,0.894444,0.196394,0.704744,0.888889,0.234017,0.969444,0.319444,-0.555053,-0.276264,0.700854
7,1.0,lagrangian_safe_rl,0.116667,0.686111,0.922222,0.875000,0.122865,0.352800,0.876404,0.229113,0.919444,0.238889,-0.478851,-0.107479,0.638274
7,1.0,oracle_boundary_teacher,0.386111,0.216667,0.902778,1.000000,0.101813,0.172200,0.922156,0.034282,0.700000,0.686111,0.145265,0.072556,0.360701
7,1.0,recovery_policy_shield,0.327778,0.425000,0.925000,0.969444,0.208629,0.687789,0.916286,0.136903,0.883333,0.500000,-0.186133,-0.224132,0.558532
7,1.0,robust_mpc_shield,0.433333,0.308333,0.944444,1.000000,0.260692,0.861000,0.922156,0.162482,0.936111,0.636111,-0.055915,-0.328337,0.547844
7,1.0,safety_filter_distillation,0.172222,0.608333,0.930556,0.988889,0.152441,0.340400,0.915663,0.141430,0.886111,0.333333,-0.377343,-0.102859,0.598910
7,1.0,shielded_behavior_cloning,0.077778,0.719444,0.936111,0.900000,0.145093,0.396367,0.879747,0.187888,0.927778,0.233333,-0.555570,-0.146164,0.668747
7,1.0,unfiltered_policy,0.013889,0.944444,0.952778,0.000000,0.000000,0.000000,0.000000,0.662679,0.944444,0.000000,-0.645800,-0.006056,0.699444
8,0.0,action_clipping_filter,0.230556,0.500000,0.822222,0.872222,0.207688,0.662678,0.719101,0.112794,0.847222,0.344444,-0.333780,-0.108869,0.631594
8,0.0,adversarial_safety_critic,0.263889,0.655556,0.738889,0.388889,0.058154,0.154611,0.527778,0.222173,0.708333,0.119444,-0.248951,0.227987,0.560421
8,0.0,boundary_learning_filter_v4,0.338889,0.497222,0.744444,0.722222,0.098081,0.225361,0.691667,0.095667,0.661111,0.283333,-0.095635,0.210648,0.500431
8,0.0,cbf_safety_filter,0.536111,0.311111,0.766667,0.855556,0.208603,0.711789,0.719697,0.174065,0.816667,0.452778,0.091692,-0.049351,0.510097
8,0.0,conformal_uncertainty_shield,0.461111,0.333333,0.783333,0.888889,0.256947,0.762797,0.729630,0.199685,0.772222,0.455556,-0.023089,-0.082453,0.542231
8,0.0,counterfactual_boundary_learning_filter_v5,0.436111,0.444444,0.713889,0.755556,0.108719,0.187056,0.678862,0.042538,0.561111,0.297222,0.043786,0.287357,0.453816
8,0.0,geometric_projection_filter,0.275000,0.583333,0.794444,0.513889,0.102206,0.368772,0.533333,0.177634,0.825000,0.222222,-0.250993,0.051397,0.591916
8,0.0,lagrangian_safe_rl,0.297222,0.600000,0.755556,0.566667,0.070648,0.212450,0.617925,0.120185,0.680556,0.175000,-0.195126,0.198367,0.548366
8,0.0,oracle_boundary_teacher,0.658333,0.144444,0.683333,0.933333,0.075858,0.148800,0.748201,0.051451,0.413889,0.558333,0.483942,0.399199,0.275666
8,0.0,recovery_policy_shield,0.597222,0.369444,0.786111,0.786111,0.149695,0.513272,0.683897,0.104688,0.702778,0.405556,0.178784,0.050934,0.455315
8,0.0,robust_mpc_shield,0.672222,0.222222,0.775000,0.900000,0.206216,0.717750,0.738971,0.157561,0.775000,0.547222,0.289240,-0.040383,0.445516
8,0.0,safety_filter_distillation,0.425000,0.469444,0.775000,0.747222,0.099339,0.238400,0.683027,0.091463,0.666667,0.294444,0.006844,0.175468,0.482111
8,0.0,shielded_behavior_cloning,0.305556,0.633333,0.766667,0.547222,0.078189,0.224506,0.604317,0.103801,0.725000,0.144444,-0.212593,0.166885,0.562970
8,0.0,unfiltered_policy,0.202778,0.788889,0.825000,0.000000,0.000000,0.000000,0.000000,0.430838,0.822222,0.000000,-0.352680,0.167144,0.611889
8,0.2,action_clipping_filter,0.219444,0.519444,0.844444,0.916667,0.221874,0.718817,0.804836,0.112865,0.880556,0.363889,-0.372800,-0.165067,0.649329
8,0.2,adversarial_safety_critic,0.222222,0.630556,0.833333,0.541667,0.082373,0.217067,0.617117,0.258064,0.752778,0.205556,-0.295606,0.092772,0.572608
8,0.2,boundary_learning_filter_v4,0.330556,0.519444,0.800000,0.827778,0.114973,0.263181,0.756856,0.111183,0.702778,0.294444,-0.130674,0.124680,0.516788
8,0.2,cbf_safety_filter,0.497222,0.319444,0.847222,0.925000,0.231369,0.793517,0.810997,0.171763,0.872222,0.527778,0.023444,-0.181711,0.534446
8,0.2,conformal_uncertainty_shield,0.491667,0.288889,0.827778,0.950000,0.278817,0.836625,0.802030,0.257267,0.833333,0.541667,0.015475,-0.174253,0.534693
8,0.2,counterfactual_boundary_learning_filter_v5,0.358333,0.463889,0.777778,0.836111,0.123770,0.213111,0.767273,0.088381,0.644444,0.316667,-0.058291,0.183878,0.481430
8,0.2,geometric_projection_filter,0.288889,0.555556,0.833333,0.608333,0.123418,0.457150,0.675214,0.213597,0.850000,0.272222,-0.242857,-0.030018,0.594673
8,0.2,lagrangian_safe_rl,0.244444,0.652778,0.813889,0.588889,0.074972,0.227733,0.676790,0.183907,0.783333,0.175000,-0.287199,0.100067,0.578423
8,0.2,oracle_boundary_teacher,0.619444,0.130556,0.772222,0.988889,0.083936,0.161350,0.809917,0.019663,0.519444,0.641667,0.447742,0.272168,0.281959
8,0.2,recovery_policy_shield,0.569444,0.347222,0.838889,0.827778,0.161531,0.559522,0.775137,0.103518,0.775000,0.452778,0.151513,-0.042441,0.461440
8,0.2,robust_mpc_shield,0.641667,0.250000,0.830556,0.955556,0.221663,0.781250,0.806071,0.152049,0.811111,0.580556,0.223063,-0.134317,0.470916
8,0.2,safety_filter_distillation,0.330556,0.494444,0.805556,0.872222,0.119362,0.286400,0.788632,0.154086,0.719444,0.338889,-0.121747,0.105050,0.518364
8,0.2,shielded_behavior_cloning,0.230556,0.658333,0.813889,0.647222,0.094233,0.272039,0.688797,0.147016,0.775000,0.197222,-0.319875,0.081979,0.594562
8,0.2,unfiltered_policy,0.138889,0.847222,0.852778,0.000000,0.000000,0.000000,0.000000,0.514758,0.861111,0.000000,-0.455433,0.124556,0.643333
8,0.4,action_clipping_filter,0.197222,0.547222,0.891667,0.925000,0.228912,0.728850,0.802676,0.135125,0.863889,0.363889,-0.417298,-0.213648,0.665133
8,0.4,adversarial_safety_critic,0.180556,0.672222,0.844444,0.613889,0.095655,0.249578,0.679012,0.258033,0.786111,0.194444,-0.375218,0.055095,0.600567
8,0.4,boundary_learning_filter_v4,0.208333,0.588889,0.838889,0.900000,0.128906,0.291667,0.828523,0.131891,0.733333,0.275000,-0.310339,0.058887,0.569381
8,0.4,cbf_safety_filter,0.472222,0.294444,0.869444,0.955556,0.243475,0.826939,0.830870,0.185503,0.894444,0.572222,0.003270,-0.224795,0.537636
8,0.4,conformal_uncertainty_shield,0.441667,0.280556,0.877778,0.980556,0.297578,0.875964,0.841424,0.260624,0.877778,0.597222,-0.044119,-0.256275,0.550124
8,0.4,counterfactual_boundary_learning_filter_v5,0.333333,0.436111,0.836111,0.916667,0.140647,0.236367,0.816807,0.091440,0.686111,0.402778,-0.076064,0.101674,0.483369
8,0.4,geometric_projection_filter,0.225000,0.538889,0.886111,0.713889,0.146982,0.537556,0.716475,0.207862,0.883333,0.352778,-0.321092,-0.127313,0.616008
8,0.4,lagrangian_safe_rl,0.219444,0.647222,0.836111,0.708333,0.091961,0.275450,0.738462,0.189694,0.802778,0.213889,-0.323904,0.051052,0.590429
8,0.4,oracle_boundary_teacher,0.502778,0.163889,0.813889,1.000000,0.089278,0.165750,0.848000,0.022247,0.561111,0.652778,0.303883,0.211950,0.317449
8,0.4,recovery_policy_shield,0.516667,0.366667,0.869444,0.913889,0.182709,0.625711,0.831650,0.112966,0.783333,0.494444,0.065472,-0.105328,0.489973
8,0.4,robust_mpc_shield,0.569444,0.194444,0.838889,0.988889,0.237114,0.819500,0.843800,0.142275,0.877778,0.647222,0.171514,-0.179223,0.474954
8,0.4,safety_filter_distillation,0.288889,0.519444,0.830556,0.930556,0.130710,0.308900,0.826667,0.131058,0.769444,0.313889,-0.188286,0.053024,0.539440
8,0.4,shielded_behavior_cloning,0.180556,0.677778,0.858333,0.688889,0.102933,0.290822,0.701754,0.185628,0.830556,0.186111,-0.390003,0.010724,0.614604
8,0.4,unfiltered_policy,0.088889,0.877778,0.883333,0.000000,0.000000,0.000000,0.000000,0.559000,0.900000,0.000000,-0.526320,0.080356,0.663111
8,0.6,action_clipping_filter,0.144444,0.605556,0.925000,0.933333,0.235810,0.758233,0.875399,0.166994,0.930556,0.341667,-0.516430,-0.281906,0.699123
8,0.6,adversarial_safety_critic,0.111111,0.700000,0.916667,0.766667,0.122754,0.319733,0.805654,0.273369,0.844444,0.222222,-0.486219,-0.067666,0.636641
8,0.6,boundary_learning_filter_v4,0.136111,0.661111,0.877778,0.936111,0.138415,0.309264,0.874003,0.147519,0.747222,0.252778,-0.436710,0.003822,0.610760
8,0.6,cbf_safety_filter,0.422222,0.322222,0.905556,0.977778,0.257698,0.864278,0.878505,0.210989,0.933333,0.583333,-0.077409,-0.290795,0.563566
8,0.6,conformal_uncertainty_shield,0.355556,0.347222,0.900000,0.997222,0.313720,0.911531,0.893683,0.288994,0.925000,0.552778,-0.186813,-0.312591,0.595853
8,0.6,counterfactual_boundary_learning_filter_v5,0.277778,0.513889,0.897222,0.966667,0.151885,0.255267,0.884013,0.106089,0.755556,0.400000,-0.189501,0.007062,0.523660
8,0.6,geometric_projection_filter,0.233333,0.580556,0.925000,0.750000,0.157995,0.578783,0.775000,0.256761,0.936111,0.341667,-0.350185,-0.200307,0.634604
8,0.6,lagrangian_safe_rl,0.163889,0.713889,0.905556,0.783333,0.104503,0.309050,0.786713,0.223214,0.847222,0.202778,-0.433632,-0.049617,0.629163
8,0.6,oracle_boundary_teacher,0.513889,0.177778,0.841667,1.000000,0.093913,0.169500,0.892308,0.022314,0.619444,0.663889,0.304497,0.164175,0.320955
8,0.6,recovery_policy_shield,0.422222,0.405556,0.908333,0.922222,0.188102,0.642361,0.858521,0.170773,0.877778,0.505556,-0.061416,-0.182779,0.524275
8,0.6,robust_mpc_shield,0.536111,0.238889,0.927778,0.986111,0.243846,0.835750,0.886822,0.178495,0.916667,0.688889,0.103880,-0.289083,0.499005
8,0.6,safety_filter_distillation,0.211111,0.586111,0.900000,0.969444,0.141785,0.328600,0.879499,0.137731,0.780556,0.336111,-0.317755,-0.032767,0.580687
8,0.6,shielded_behavior_cloning,0.141667,0.725000,0.897222,0.816667,0.125459,0.351900,0.794521,0.199279,0.900000,0.205556,-0.478615,-0.077858,0.648877
8,0.6,unfiltered_policy,0.030556,0.913889,0.900000,0.000000,0.000000,0.000000,0.000000,0.628340,0.911111,0.000000,-0.609313,0.058033,0.686333
8,0.8,action_clipping_filter,0.138889,0.591667,0.927778,0.977778,0.251885,0.797889,0.899846,0.174895,0.955556,0.358333,-0.525938,-0.309389,0.703441
8,0.8,adversarial_safety_critic,0.119444,0.713889,0.916667,0.783333,0.127359,0.326333,0.801382,0.286353,0.877778,0.225000,-0.489031,-0.081245,0.641040
8,0.8,boundary_learning_filter_v4,0.155556,0.602778,0.900000,0.969444,0.148020,0.321514,0.891641,0.111609,0.827778,0.322222,-0.385038,-0.046647,0.591403
8,0.8,cbf_safety_filter,0.361111,0.355556,0.936111,0.983333,0.268045,0.875767,0.897081,0.196320,0.933333,0.586111,-0.166792,-0.329847,0.589696
8,0.8,conformal_uncertainty_shield,0.322222,0.366667,0.925000,1.000000,0.323860,0.919075,0.904110,0.274925,0.922222,0.561111,-0.237917,-0.342785,0.611473
8,0.8,counterfactual_boundary_learning_filter_v5,0.216667,0.519444,0.919444,0.977778,0.158511,0.259311,0.893683,0.114445,0.786111,0.405556,-0.258794,-0.028502,0.539338
8,0.8,geometric_projection_filter,0.172222,0.586111,0.927778,0.836111,0.179262,0.652128,0.842809,0.241321,0.944444,0.352778,-0.437511,-0.237746,0.661234
8,0.8,lagrangian_safe_rl,0.108333,0.708333,0.911111,0.838889,0.115977,0.332733,0.821369,0.228212,0.875000,0.225000,-0.495491,-0.075284,0.643404
8,0.8,oracle_boundary_teacher,0.425000,0.219444,0.894444,1.000000,0.098122,0.170550,0.904110,0.020425,0.688889,0.675000,0.185039,0.086239,0.352950
8,0.8,recovery_policy_shield,0.380556,0.383333,0.911111,0.963889,0.201787,0.675661,0.888199,0.136161,0.875000,0.533333,-0.100974,-0.199610,0.531957
8,0.8,robust_mpc_shield,0.497222,0.297222,0.950000,0.991667,0.251749,0.845250,0.899083,0.154551,0.925000,0.652778,0.022752,-0.321453,0.528011
8,0.8,safety_filter_distillation,0.200000,0.633333,0.905556,0.988889,0.148830,0.337100,0.897397,0.127589,0.836111,0.294444,-0.362756,-0.061194,0.600308
8,0.8,shielded_behavior_cloning,0.127778,0.700000,0.925000,0.875000,0.137771,0.384100,0.872549,0.190501,0.900000,0.233333,-0.487138,-0.119207,0.649735
8,0.8,unfiltered_policy,0.033333,0.936111,0.936111,0.000000,0.000000,0.000000,0.000000,0.631193,0.958333,0.000000,-0.620473,0.007100,0.692889
8,1.0,action_clipping_filter,0.088889,0.675000,0.969444,0.966667,0.251308,0.809833,0.939439,0.226202,0.977778,0.305556,-0.632351,-0.365599,0.741438
8,1.0,adversarial_safety_critic,0.116667,0.736111,0.947222,0.900000,0.150922,0.385733,0.906585,0.320518,0.925000,0.236111,-0.524562,-0.152902,0.660076
8,1.0,boundary_learning_filter_v4,0.091667,0.666667,0.963889,0.991667,0.156462,0.338042,0.950437,0.153095,0.875000,0.297222,-0.497028,-0.135679,0.628128
8,1.0,cbf_safety_filter,0.263889,0.397222,0.977778,0.991667,0.278760,0.907883,0.950437,0.241571,0.975000,0.580556,-0.302918,-0.401039,0.628256
8,1.0,conformal_uncertainty_shield,0.263889,0.405556,0.961111,1.000000,0.335284,0.944942,0.955007,0.322500,0.975000,0.561111,-0.331116,-0.408766,0.640744
8,1.0,counterfactual_boundary_learning_filter_v5,0.169444,0.572222,0.958333,0.994444,0.166534,0.271211,0.951965,0.142254,0.786111,0.388889,-0.345528,-0.075921,0.568544
8,1.0,geometric_projection_filter,0.147222,0.591667,0.977778,0.902778,0.198229,0.720461,0.905199,0.292600,0.977778,0.386111,-0.485907,-0.326916,0.679625
8,1.0,lagrangian_safe_rl,0.102778,0.705556,0.963889,0.908333,0.127614,0.372750,0.920732,0.268391,0.941667,0.269444,-0.510803,-0.164874,0.650523
8,1.0,oracle_boundary_teacher,0.394444,0.236111,0.955556,1.000000,0.101899,0.175350,0.955007,0.055847,0.747222,0.719444,0.140939,0.003998,0.365650
8,1.0,recovery_policy_shield,0.294444,0.477778,0.950000,0.963889,0.207428,0.694778,0.937870,0.185848,0.919444,0.477778,-0.254892,-0.264614,0.582710
8,1.0,robust_mpc_shield,0.438889,0.308333,0.961111,1.000000,0.260597,0.876750,0.955007,0.211320,0.972222,0.652778,-0.053292,-0.361408,0.548606
8,1.0,safety_filter_distillation,0.111111,0.677778,0.952778,0.991667,0.154313,0.347700,0.950437,0.174058,0.908333,0.280556,-0.486238,-0.138206,0.634567
8,1.0,shielded_behavior_cloning,0.094444,0.711111,0.958333,0.919444,0.148273,0.412211,0.918182,0.232375,0.972222,0.250000,-0.537184,-0.187485,0.665221
8,1.0,unfiltered_policy,0.025000,0.963889,0.969444,0.000000,0.000000,0.000000,0.000000,0.735847,0.980556,0.000000,-0.646607,-0.033956,0.703444
9,0.0,action_clipping_filter,0.202778,0.561111,0.813889,0.863889,0.205543,0.673428,0.772563,0.118788,0.852778,0.277778,-0.402542,-0.108181,0.657609
9,0.0,adversarial_safety_critic,0.244444,0.697222,0.794444,0.408333,0.061434,0.164267,0.538462,0.260569,0.680556,0.125000,-0.298188,0.174898,0.579392
9,0.0,boundary_learning_filter_v4,0.352778,0.511111,0.788889,0.775000,0.104998,0.245875,0.735632,0.127126,0.675000,0.305556,-0.096152,0.153075,0.505805
9,0.0,cbf_safety_filter,0.541667,0.300000,0.811111,0.869444,0.212540,0.736594,0.755396,0.176957,0.838889,0.516667,0.098361,-0.109755,0.509115
9,0.0,conformal_uncertainty_shield,0.463889,0.352778,0.833333,0.850000,0.244428,0.744475,0.754098,0.274469,0.822222,0.475000,-0.025230,-0.138908,0.543445
9,0.0,counterfactual_boundary_learning_filter_v5,0.422222,0.505556,0.763889,0.766667,0.110071,0.192500,0.697495,0.108482,0.630556,0.286111,-0.010596,0.212052,0.477046
9,0.0,geometric_projection_filter,0.336111,0.605556,0.822222,0.513889,0.102745,0.379022,0.574766,0.227897,0.847222,0.219444,-0.204150,0.013646,0.588132
9,0.0,lagrangian_safe_rl,0.266667,0.633333,0.791667,0.550000,0.068883,0.210000,0.625850,0.188637,0.727778,0.158333,-0.246701,0.147648,0.564532
9,0.0,oracle_boundary_teacher,0.600000,0.152778,0.713889,0.919444,0.074427,0.149900,0.790941,0.042433,0.461111,0.577778,0.418676,0.352929,0.289874
9,0.0,recovery_policy_shield,0.547222,0.413889,0.822222,0.786111,0.149167,0.519439,0.692015,0.126497,0.741667,0.405556,0.098055,-0.001394,0.480183
9,0.0,robust_mpc_shield,0.641667,0.255556,0.819444,0.927778,0.212400,0.753250,0.779896,0.146865,0.780556,0.561111,0.227809,-0.102247,0.467666
9,0.0,safety_filter_distillation,0.400000,0.511111,0.786111,0.805556,0.106076,0.264200,0.765478,0.151112,0.694444,0.283333,-0.052341,0.143517,0.504753
9,0.0,shielded_behavior_cloning,0.280556,0.680556,0.766667,0.530556,0.075705,0.222589,0.622120,0.176317,0.733333,0.130556,-0.267101,0.163560,0.582404
9,0.0,unfiltered_policy,0.169444,0.841667,0.827778,0.000000,0.000000,0.000000,0.000000,0.498614,0.838889,0.000000,-0.420393,0.157011,0.635444
9,0.2,action_clipping_filter,0.200000,0.555556,0.886111,0.900000,0.215208,0.709500,0.798635,0.170522,0.883333,0.347222,-0.411879,-0.204419,0.662455
9,0.2,adversarial_safety_critic,0.166667,0.711111,0.855556,0.500000,0.075881,0.201667,0.588235,0.286016,0.761111,0.150000,-0.398844,0.071221,0.606481
9,0.2,boundary_learning_filter_v4,0.261111,0.575000,0.825000,0.850000,0.118947,0.273583,0.788732,0.145658,0.711111,0.275000,-0.240627,0.089460,0.550418
9,0.2,cbf_safety_filter,0.536111,0.277778,0.863889,0.958333,0.240228,0.827200,0.827018,0.199619,0.861111,0.580556,0.080609,-0.206880,0.518972
9,0.2,conformal_uncertainty_shield,0.455556,0.319444,0.877778,0.944444,0.277793,0.842553,0.827243,0.293226,0.850000,0.555556,-0.041963,-0.232896,0.552220
9,0.2,counterfactual_boundary_learning_filter_v5,0.377778,0.469444,0.802778,0.816667,0.121017,0.210233,0.773381,0.139536,0.630556,0.350000,-0.040363,0.164843,0.478478
9,0.2,geometric_projection_filter,0.288889,0.572222,0.855556,0.622222,0.125580,0.463756,0.641975,0.236088,0.872222,0.288889,-0.255317,-0.062260,0.601188
9,0.2,lagrangian_safe_rl,0.233333,0.675000,0.841667,0.602778,0.076341,0.232517,0.659708,0.249727,0.772222,0.183333,-0.314040,0.072687,0.588577
9,0.2,oracle_boundary_teacher,0.577778,0.138889,0.794444,0.977778,0.083049,0.161600,0.833876,0.048338,0.550000,0.658333,0.399689,0.239764,0.292830
9,0.2,recovery_policy_shield,0.519444,0.347222,0.847222,0.855556,0.165352,0.582544,0.792982,0.159538,0.811111,0.491667,0.094223,-0.071699,0.474891
9,0.2,robust_mpc_shield,0.616667,0.244444,0.847222,0.958333,0.224304,0.789750,0.817133,0.155275,0.852778,0.602778,0.198313,-0.167406,0.475634
9,0.2,safety_filter_distillation,0.347222,0.552778,0.830556,0.869444,0.117953,0.287500,0.793043,0.150749,0.747222,0.286111,-0.141179,0.070064,0.533576
9,0.2,shielded_behavior_cloning,0.247222,0.683333,0.833333,0.655556,0.095581,0.277789,0.698795,0.187876,0.811111,0.186111,-0.319990,0.048887,0.600161
9,0.2,unfiltered_policy,0.125000,0.886111,0.872222,0.000000,0.000000,0.000000,0.000000,0.566304,0.891667,0.000000,-0.494313,0.094422,0.658556
9,0.4,action_clipping_filter,0.155556,0.575000,0.877778,0.927778,0.229674,0.726939,0.799320,0.126249,0.902778,0.322222,-0.477671,-0.212607,0.682263
9,0.4,adversarial_safety_critic,0.172222,0.647222,0.830556,0.633333,0.098952,0.255933,0.688797,0.227106,0.780556,0.188889,-0.370257,0.068331,0.595590
9,0.4,boundary_learning_filter_v4,0.269444,0.552778,0.830556,0.911111,0.131032,0.290014,0.786942,0.072912,0.730556,0.297222,-0.224763,0.070609,0.545787
9,0.4,cbf_safety_filter,0.486111,0.291667,0.872222,0.958333,0.246733,0.820933,0.811352,0.156972,0.900000,0.580556,0.019612,-0.227344,0.533835
9,0.4,conformal_uncertainty_shield,0.450000,0.302778,0.847222,0.977778,0.298850,0.866803,0.828383,0.229103,0.866667,0.541667,-0.048088,-0.219866,0.554698
9,0.4,counterfactual_boundary_learning_filter_v5,0.350000,0.444444,0.808333,0.908333,0.138566,0.232867,0.808950,0.044352,0.655556,0.372222,-0.062826,0.140364,0.481908
9,0.4,geometric_projection_filter,0.269444,0.555556,0.869444,0.705556,0.145908,0.525256,0.692913,0.215488,0.850000,0.330556,-0.282985,-0.095626,0.610783
9,0.4,lagrangian_safe_rl,0.252778,0.647222,0.861111,0.716667,0.093659,0.276500,0.734375,0.161403,0.783333,0.233333,-0.290204,0.031836,0.584194
9,0.4,oracle_boundary_teacher,0.555556,0.172222,0.783333,1.000000,0.089741,0.164100,0.827362,0.042044,0.505556,0.611111,0.353285,0.260467,0.309445
9,0.4,recovery_policy_shield,0.455556,0.363889,0.861111,0.922222,0.183205,0.623861,0.808874,0.079031,0.750000,0.497222,0.004384,-0.087557,0.501173
9,0.4,robust_mpc_shield,0.536111,0.255556,0.858333,0.986111,0.237780,0.809500,0.824302,0.129124,0.866667,0.597222,0.100341,-0.194468,0.500096
9,0.4,safety_filter_distillation,0.275000,0.533333,0.827778,0.922222,0.129828,0.302900,0.802048,0.133299,0.758333,0.322222,-0.209936,0.060760,0.545784
9,0.4,shielded_behavior_cloning,0.222222,0.666667,0.844444,0.763889,0.114887,0.320722,0.737240,0.138206,0.791667,0.222222,-0.349398,0.024278,0.608455
9,0.4,unfiltered_policy,0.108333,0.844444,0.861111,0.000000,0.000000,0.000000,0.000000,0.522925,0.897222,0.000000,-0.485213,0.104867,0.648556
9,0.6,action_clipping_filter,0.155556,0.611111,0.941667,0.936111,0.235123,0.762772,0.876972,0.186476,0.919444,0.341667,-0.509176,-0.296702,0.699099
9,0.6,adversarial_safety_critic,0.169444,0.666667,0.908333,0.763889,0.121642,0.319978,0.807692,0.296064,0.825000,0.258333,-0.404707,-0.051135,0.614137
9,0.6,boundary_learning_filter_v4,0.191667,0.583333,0.911111,0.958333,0.141921,0.318500,0.894081,0.156807,0.805556,0.333333,-0.333136,-0.047448,0.576499
9,0.6,cbf_safety_filter,0.411111,0.319444,0.919444,0.986111,0.260033,0.878378,0.898773,0.226207,0.938889,0.600000,-0.090605,-0.312050,0.567011
9,0.6,conformal_uncertainty_shield,0.366667,0.341667,0.936111,0.986111,0.311736,0.908028,0.904908,0.303067,0.925000,0.588889,-0.170568,-0.346641,0.591076
9,0.6,counterfactual_boundary_learning_filter_v5,0.252778,0.552778,0.902778,0.969444,0.153667,0.257911,0.900929,0.111030,0.727778,0.352778,-0.240890,0.006786,0.541743
9,0.6,geometric_projection_filter,0.158333,0.588889,0.922222,0.800000,0.168262,0.623883,0.823932,0.259178,0.930556,0.352778,-0.444794,-0.215988,0.659531
9,0.6,lagrangian_safe_rl,0.113889,0.688889,0.913889,0.780556,0.105244,0.312083,0.816609,0.234643,0.872222,0.241667,-0.470271,-0.066895,0.631661
9,0.6,oracle_boundary_teacher,0.486111,0.152778,0.886111,1.000000,0.094021,0.170550,0.904110,0.057235,0.622222,0.733333,0.291371,0.118740,0.318656
9,0.6,recovery_policy_shield,0.450000,0.408333,0.919444,0.955556,0.196044,0.670728,0.889236,0.156405,0.858333,0.511111,-0.042447,-0.199431,0.524442
9,0.6,robust_mpc_shield,0.488889,0.313889,0.916667,0.986111,0.244614,0.842500,0.904908,0.194739,0.933333,0.608333,0.006240,-0.288912,0.533397
9,0.6,safety_filter_distillation,0.255556,0.602778,0.894444,0.966667,0.141054,0.330000,0.893023,0.156415,0.847222,0.300000,-0.282476,-0.047218,0.577167
9,0.6,shielded_behavior_cloning,0.141667,0.725000,0.894444,0.791667,0.120411,0.346917,0.824742,0.217414,0.869444,0.177778,-0.476165,-0.063110,0.647371
9,0.6,unfiltered_policy,0.019444,0.927778,0.930556,0.000000,0.000000,0.000000,0.000000,0.630138,0.930556,0.000000,-0.629547,0.020978,0.693000
9,0.8,action_clipping_filter,0.141667,0.619444,0.927778,0.975000,0.249300,0.792633,0.888545,0.155590,0.944444,0.322222,-0.538812,-0.304475,0.710679
9,0.8,adversarial_safety_critic,0.091667,0.683333,0.911111,0.850000,0.138687,0.356033,0.855241,0.260547,0.858333,0.238889,-0.507599,-0.082428,0.642421
9,0.8,boundary_learning_filter_v4,0.155556,0.616667,0.891667,0.975000,0.148763,0.322292,0.885449,0.126546,0.802778,0.286111,-0.394174,-0.031687,0.596075
9,0.8,cbf_safety_filter,0.375000,0.355556,0.922222,0.997222,0.268632,0.886472,0.899083,0.196769,0.936111,0.566667,-0.154761,-0.320505,0.588308
9,0.8,conformal_uncertainty_shield,0.330556,0.355556,0.930556,1.000000,0.324688,0.917458,0.900763,0.265483,0.941667,0.575000,-0.222221,-0.353230,0.606205
9,0.8,counterfactual_boundary_learning_filter_v5,0.216667,0.530556,0.891667,0.980556,0.159849,0.259389,0.888889,0.115200,0.752778,0.375000,-0.266209,0.008627,0.543144
9,0.8,geometric_projection_filter,0.119444,0.602778,0.927778,0.822222,0.177019,0.638006,0.822335,0.247090,0.950000,0.333333,-0.499036,-0.235445,0.675024
9,0.8,lagrangian_safe_rl,0.150000,0.691667,0.908333,0.813889,0.112609,0.323983,0.823129,0.210254,0.869444,0.219444,-0.439255,-0.065639,0.628081
9,0.8,oracle_boundary_teacher,0.450000,0.197222,0.902778,1.000000,0.097898,0.170250,0.900763,0.017838,0.652778,0.705556,0.224991,0.090104,0.340763
9,0.8,recovery_policy_shield,0.391667,0.355556,0.930556,0.955556,0.198830,0.668261,0.879499,0.142563,0.897222,0.575000,-0.069646,-0.221346,0.519425
9,0.8,robust_mpc_shield,0.433333,0.322222,0.925000,0.988889,0.252024,0.841250,0.894009,0.162788,0.933333,0.602778,-0.058244,-0.299638,0.548359
9,0.8,safety_filter_distillation,0.188889,0.588889,0.919444,0.986111,0.147939,0.336100,0.898462,0.129321,0.836111,0.338889,-0.345713,-0.073345,0.588028
9,0.8,shielded_behavior_cloning,0.130556,0.680556,0.916667,0.869444,0.136349,0.379628,0.855263,0.181657,0.888889,0.250000,-0.470697,-0.104962,0.642165
9,0.8,unfiltered_policy,0.027778,0.919444,0.916667,0.000000,0.000000,0.000000,0.000000,0.640119,0.927778,0.000000,-0.615687,0.036133,0.688667
9,1.0,action_clipping_filter,0.119444,0.602778,0.950000,0.963889,0.252175,0.783078,0.881620,0.152478,0.955556,0.363889,-0.550152,-0.327051,0.709161
9,1.0,adversarial_safety_critic,0.133333,0.663889,0.908333,0.877778,0.146554,0.365322,0.847791,0.245921,0.883333,0.269444,-0.456448,-0.090615,0.630396
9,1.0,boundary_learning_filter_v4,0.136111,0.602778,0.905556,0.980556,0.153813,0.324528,0.891975,0.141462,0.836111,0.316667,-0.407378,-0.057330,0.596696
9,1.0,cbf_safety_filter,0.333333,0.316667,0.933333,0.994444,0.278492,0.883861,0.897397,0.149087,0.952778,0.619444,-0.175542,-0.337213,0.585659
9,1.0,conformal_uncertainty_shield,0.275000,0.397222,0.919444,1.000000,0.334186,0.917458,0.900763,0.232273,0.919444,0.522222,-0.308597,-0.339778,0.632360
9,1.0,counterfactual_boundary_learning_filter_v5,0.191667,0.508333,0.913889,0.994444,0.166677,0.263278,0.897397,0.055601,0.761111,0.411111,-0.280729,-0.018644,0.542729
9,1.0,geometric_projection_filter,0.155556,0.563889,0.947222,0.894444,0.196378,0.692444,0.849271,0.196923,0.947222,0.386111,-0.453658,-0.275630,0.665375
9,1.0,lagrangian_safe_rl,0.125000,0.691667,0.919444,0.891667,0.126032,0.353500,0.847403,0.184825,0.891667,0.258333,-0.474811,-0.097259,0.639039
9,1.0,oracle_boundary_teacher,0.391667,0.233333,0.891667,1.000000,0.101851,0.170250,0.900763,0.041229,0.644444,0.658333,0.140856,0.100610,0.364697
9,1.0,recovery_policy_shield,0.333333,0.391667,0.905556,0.991667,0.212438,0.694367,0.898773,0.102881,0.905556,0.522222,-0.161770,-0.213312,0.548230
9,1.0,robust_mpc_shield,0.419444,0.322222,0.938889,0.997222,0.263541,0.848750,0.899083,0.118459,0.936111,0.619444,-0.077398,-0.319633,0.554110
9,1.0,safety_filter_distillation,0.186111,0.519444,0.911111,0.997222,0.154471,0.339500,0.899083,0.125297,0.844444,0.405556,-0.307310,-0.067869,0.567945
9,1.0,shielded_behavior_cloning,0.127778,0.713889,0.911111,0.897222,0.144188,0.390106,0.854369,0.180705,0.911111,0.222222,-0.498955,-0.112541,0.656055
9,1.0,unfiltered_policy,0.030556,0.916667,0.913889,0.000000,0.000000,0.000000,0.000000,0.626104,0.955556,0.000000,-0.611067,0.030722,0.687222
